step,reliability,smoothed_reliability,latency,smoothed_latency,active_model,controller_state,deriv,rolling_vol,mean_deriv,predicted_degradation_step,actual_degradation_step,lead_time,fast_J,robust_J,timestamp
0,0.9997433423995972,0.9997433423995972,0.00141337500000005,0.00141337500000005,fast,STABLE,0.0,0.0,0.0,,,,0.001670032600402882,0.00030221517962658595,1770134193.2166002
1,0.9998694062232971,0.9997685551643372,2.524999999997668e-05,0.0011357500000000354,fast,STABLE,2.5212764739990234e-05,1.2606382369995117e-05,0.0,,,,0.00015584377670285754,0.00019382814443980045,1770134193.21904
2,0.9998927116394043,0.9997933864593507,2.4457999999949465e-05,0.0009134916000000183,fast,STABLE,2.4831295013516552e-05,2.0430599693419956e-05,0.0,,,,0.0001317463605956526,0.00015111524200439597,1770134193.220264
3,0.9998137950897217,0.9997974681854249,2.4208000000136565e-05,0.000735634880000042,fast,STABLE,4.081726074245395e-06,2.170672217616755e-05,0.0,,,,0.00021041291027845688,0.0001862573545532431,1770134193.221399
4,0.9996792674064636,0.9997738280296327,2.641699999994529e-05,0.0005937913040000227,fast,STABLE,-2.364015579225942e-05,1.942933296655902e-05,0.0,,,,0.00034714959353632224,0.00022352832830807579,1770134193.2227561
5,0.9994881749153137,0.9997166974067689,2.8374999999858375e-05,0.00048070804319998986,fast,STABLE,-5.713062286372139e-05,2.8139382589338665e-05,-5.328998565645726e-06,,,,0.0005402000846861377,0.0001547781488342448,1770134193.2240782
6,0.9996048808097839,0.999694334087372,2.975000000016159e-05,0.00039051643456002424,fast,STABLE,-2.2363319396978554e-05,3.605089857346909e-05,-1.4844215393039483e-05,,,,0.00042486919021622604,0.00014258861523419597,1770134193.2258492
7,0.9996170401573181,0.9996788753013612,2.6416000000084594e-05,0.0003176963476480363,fast,STABLE,-1.54587860107247e-05,4.215758485123908e-05,-2.2902231597887734e-05,,,,0.00040937584268196936,0.0003257553861693019,1770134193.227137
8,0.9998224377632141,0.9997075877937319,2.4750000000128836e-05,0.00025910707811845486,fast,STABLE,2.871249237068607e-05,4.152210407552336e-05,-1.79760783385996e-05,,,,0.0002023122367860175,0.0005736815223695846,1770134193.228277
9,0.9995418190956116,0.9996744340541079,2.6375000000022908e-05,0.00021256066249476847,fast,STABLE,-3.315373962398116e-05,4.424086015520377e-05,-1.9878795104943946e-05,,,,0.00048455590438845064,0.0002080528873291687,1770134193.229502
10,0.9997502565383911,0.9996895985509646,2.3500000000176158e-05,0.00017474852999585004,fast,STABLE,1.5164496856678866e-05,4.610787915552516e-05,-5.4197711608638954e-06,,,,0.0002732434616090629,0.00010856354885868669,1770134193.230619
11,0.9994183778762817,0.999635354416028,2.324999999991917e-05,0.00014444882399666385,fast,STABLE,-5.424413493659852e-05,5.17850816669789e-05,-1.1795934268787889e-05,,,,0.0006048721237181809,0.00016295340347283194,1770134193.231714
12,0.999830424785614,0.9996743684899452,2.3082999999868292e-05,0.00012017565919730474,fast,STABLE,3.901407391715406e-05,4.602409506526069e-05,-9.013622832121371e-07,,,,0.00019265821438585462,0.0001639490777893826,1770134193.232805
13,0.9996552467346191,0.99967054413888,2.366700000000499e-05,0.0001008739273578448,fast,STABLE,-3.824351065162546e-06,3.466818800076104e-05,-7.4087309703818605e-06,,,,0.00036842026538086436,0.00021586495590208976,1770134193.2343092
14,0.9998332858085632,0.9997030924728167,2.3207999999996787e-05,8.53407418862752e-05,fast,STABLE,3.254833393673273e-05,2.2099241981279056e-05,5.7316837417609175e-06,,,,0.00018992219143676436,0.00011026868820174229,1770134193.235394
15,0.9997913837432861,0.9997207507269106,2.3082999999868292e-05,7.288919350899381e-05,fast,STABLE,1.7658254093833037e-05,2.2714876311528627e-05,6.230435189191752e-06,,,,0.00023169925671373548,0.0001837974244995877,1770134193.2365
16,0.9994206428527832,0.9996607291520851,2.254199999995876e-05,6.28197548071868e-05,fast,STABLE,-6.002157482543069e-05,2.3540500699732643e-05,5.074947211425318e-06,,,,0.0006018991472167556,0.0001709756351624403,1770134193.237582
17,0.9996781945228577,0.9996642222262397,5.95839999999459e-05,6.217260384573863e-05,fast,STABLE,3.493074154592435e-06,2.410953117309542e-05,-2.0292527410870066e-06,,,,0.0003813894771422799,0.0001046151313781607,1770134193.238941
18,0.9996957778930664,0.9996705333596051,2.595800000015913e-05,5.492968307662273e-05,fast,STABLE,6.311133365355381e-06,2.2380744241634513e-05,-2.1558549834210792e-09,,,,0.0003301801069337529,0.00020363705044568192,1770134193.240182
19,0.9996610879898071,0.9996686442856455,2.4165999999992138e-05,4.877694646129662e-05,fast,STABLE,-1.889073959593368e-06,2.2497733023072466e-05,-6.889637434248641e-06,,,,0.00036307801019286323,0.0003683263815001947,1770134193.241305
20,0.9998172521591187,0.9996983658603402,2.366599999992225e-05,4.375475716902175e-05,fast,STABLE,2.972157469471881e-05,2.3179507679339715e-05,-4.476973314071486e-06,,,,0.0002064138408812699,0.0002388650930482683,1770134193.242442
21,0.9997662305831909,0.9997119388049105,2.3832999999973126e-05,3.977040573521202e-05,fast,STABLE,1.3572944570272583e-05,2.079601682200682e-05,1.0241930565069169e-05,,,,0.00025760241680905516,5.84780426027276e-05,1770134193.243562
22,0.9998020529747009,0.9997299616388686,2.3207999999996787e-05,3.645792458816897e-05,fast,STABLE,1.80228339581312e-05,2.4494747466584297e-05,1.3147882525776922e-05,,,,0.00022115502529906905,0.0002561272771910428,1770134193.245065
23,0.9998540878295898,0.9997547868770129,2.300000000010627e-05,3.3766339670556434e-05,fast,STABLE,2.4825238144288164e-05,3.0215164814470368e-05,1.6850703481563478e-05,,,,0.00016891217041026252,0.00027838320504747216,1770134193.2465558
24,0.9998517036437988,0.9997741702303701,2.2959000000044583e-05,3.1604871736454063e-05,fast,STABLE,1.9383353357160793e-05,3.789105436435981e-05,2.110518894491431e-05,,,,0.00017125535620121646,0.00016308442669665801,1770134193.247647
25,0.9997038245201111,0.9997601010883184,2.31669999999351e-05,2.991729738915027e-05,fast,STABLE,-1.4069142051709171e-05,4.11803682212306e-05,1.2347045595628714e-05,,,,0.0003193424798888511,0.00017643586712656756,1770134193.2487712
26,0.99989253282547,0.9997865874357487,2.2709000000009638e-05,2.847563791132215e-05,fast,STABLE,2.6486347430298984e-05,4.356259982355975e-05,1.4929726167633995e-05,,,,0.00013017617453003894,0.0003076317135008999,1770134193.249887
27,0.9997392296791077,0.9997771158844204,2.254199999995876e-05,2.7288910329049474e-05,fast,STABLE,-9.471551328243955e-06,4.173431600805367e-05,9.430849110358962e-06,,,,0.00028331232089229275,0.00013525029009997525,1770134193.250974
28,0.9993875622749329,0.9996992051625229,2.2707999999926898e-05,2.637272826322496e-05,fast,STABLE,-7.79107218975561e-05,3.816108887765429e-05,-1.111634289800989e-05,,,,0.0006351457250670656,0.00022281430398551905,1770134193.252059
29,0.9997491836547852,0.9997092008609754,2.2791999999993706e-05,2.565658261057871e-05,fast,STABLE,9.995698452502921e-06,3.251536446183946e-05,-1.2993873878941465e-05,,,,0.00027360834521483746,0.00013849812698363273,1770134193.253147
30,0.9995825886726379,0.9996838784233079,2.2666000000004516e-05,2.5058466088463875e-05,fast,STABLE,-2.5322437667507636e-05,3.460041185641741e-05,-1.5244533002101156e-05,,,,0.00044007732736206506,9.042759722910354e-05,1770134193.254237
31,0.99985671043396,0.9997184448254384,2.3624999999860563e-05,2.4771772870743214e-05,fast,STABLE,3.456640213050921e-05,3.414942524563145e-05,-1.3628522062059113e-05,,,,0.00016691456603989963,0.00014820766085810178,1770134193.255393
32,0.9996436834335327,0.9997034925470573,2.3832999999973126e-05,2.45840182965892e-05,fast,STABLE,-1.4952278381108464e-05,3.576190001641045e-05,-1.4724667472632014e-05,,,,0.0003801495664672583,0.0001625303802488265,1770134193.256511
33,0.9997234344482422,0.9997074809272943,2.2833000000055392e-05,2.423381463728244e-05,fast,STABLE,3.988380237074374e-06,3.618260778406776e-05,1.6551529542940812e-06,,,,0.0002993985517578679,0.00029385099411016746,1770134193.2576451
34,0.9998241662979126,0.9997308180014179,2.3207999999996787e-05,2.4028651709825307e-05,fast,STABLE,2.3337074123608303e-05,3.335287253639765e-05,4.323428088515158e-06,,,,0.00019904170208739913,0.00030849636459340246,1770134193.258752
35,0.9998372793197632,0.999752110265087,2.345900000011447e-05,2.3914721367883144e-05,fast,STABLE,2.1292263669092648e-05,3.265380183850594e-05,1.3646368355835215e-05,,,,0.00018617968023693088,0.0002644905321045332,1770134193.259889
36,0.9998384118080139,0.9997693705736724,2.304200000002865e-05,2.3740177094312247e-05,fast,STABLE,1.72603085853984e-05,2.9785790596303197e-05,1.0185149646813052e-05,,,,0.00018463019198611264,0.0001308031045836877,1770134193.2609951
37,0.9998202323913574,0.9997795429372095,2.2999999999884224e-05,2.3592141675426643e-05,fast,STABLE,1.01723635370643e-05,3.021534099451012e-05,1.5210078030447604e-05,,,,0.00020276760864246235,0.0002138147701111759,1770134193.262101
38,0.9997795224189758,0.9997795388335629,2.312500000001272e-05,2.349871334034386e-05,fast,STABLE,-4.1036466447152975e-09,3.276656870205626e-05,1.4411581253703787e-05,,,,0.00024360258102418264,0.00031262066650405984,1770134193.263211
39,0.9996838569641113,0.9997604024596726,2.3166000000074405e-05,2.3432170672289973e-05,fast,STABLE,-1.9136373890282776e-05,3.2586963182992195e-05,5.916891650925571e-06,,,,0.0003393090358887463,0.0001646763799743045,1770134193.264311
40,0.9992433190345764,0.9996569857746533,2.2791999999993706e-05,2.3304136537830723e-05,fast,STABLE,-0.00010341668501923085,3.7693847914690595e-05,-1.9024898086739128e-05,,,,0.0007794729654235777,0.0004647855339050544,1770134193.26542
41,0.9993480443954468,0.9995951974988121,2.2666000000004516e-05,2.3176509230265485e-05,fast,STABLE,-6.17882758412458e-05,5.6711326590146446e-05,-3.4834614972067965e-05,,,,0.0006746216045532272,0.00010815913027939494,1770134193.2665238
42,0.9993957877159119,0.9995553155422321,2.2707999999926898e-05,2.308280738419777e-05,fast,STABLE,-3.9881956580001265e-05,7.605920938124166e-05,-4.484547899548108e-05,,,,0.0006269202840880617,0.00022717802447513868,1770134193.2676349
43,0.9998623132705688,0.9996167150878994,2.2750000000071324e-05,2.3016245907372486e-05,fast,STABLE,6.139954566730665e-05,8.092071538765724e-05,-3.2564749132690805e-05,,,,0.00016043672943122367,0.00019642805099495675,1770134193.268737
44,0.9997910261154175,0.999651577293403,2.2957999999961842e-05,2.300459672589036e-05,fast,STABLE,3.48622055036385e-05,8.135433706398051e-05,-2.176503325390655e-05,,,,0.00023193188458248137,0.00035209075527964373,1770134193.2702541
45,0.9998369216918945,0.9996886461731014,2.3082999999868292e-05,2.302027738068595e-05,fast,STABLE,3.706887969834316e-05,7.882851296077876e-05,6.3320796896082495e-06,,,,0.00018616130810533704,8.433510952765566e-05,1770134193.271827
46,0.9999067187309265,0.9997322606846664,2.3041000000167955e-05,2.302442190458235e-05,fast,STABLE,4.3614511564982195e-05,7.559182708941432e-05,2.7412637170853847e-05,,,,0.00011632226907365428,0.00014851749801647607,1770134193.2729568
47,0.9998769164085388,0.9997611918294409,2.2790999999910966e-05,2.2977737523648077e-05,fast,STABLE,2.893114477453551e-05,7.338274749773778e-05,4.1175257441761205e-05,,,,0.0001458745914610926,5.3263484954824136e-05,1770134193.274454
48,0.9998141527175903,0.9997717840070708,2.2584000000103188e-05,2.28989900189391e-05,fast,STABLE,1.0592177629886734e-05,7.235829141720321e-05,3.101378383427722e-05,,,,0.00020843128240977116,0.0003273012462767788,1770134193.27557
49,0.9997054934501648,0.9997585258956896,2.2834000000138133e-05,2.2885992015178907e-05,fast,STABLE,-1.3258111381198034e-05,7.214908697891247e-05,2.1389720457309914e-05,,,,0.0003173405498353432,0.00020192325973522607,1770134193.276675
50,0.9997087121009827,0.9997485631367483,2.2625000000164874e-05,2.28337936121761e-05,fast,STABLE,-9.962758941273187e-06,7.456784952165943e-05,1.1983392729386643e-05,,,,0.00031391289901749886,0.0002387777673644731,1770134193.278165
51,0.9997936487197876,0.9997575802533563,2.291600000003946e-05,2.285023488974877e-05,fast,STABLE,9.017116607945574e-06,7.014497186945972e-05,5.06391373797932e-06,,,,0.0002292672802124418,8.532499313362862e-05,1770134193.279274
52,0.9997859597206116,0.9997632561468074,2.2374999999907885e-05,2.2755187911780593e-05,fast,STABLE,5.675893451129177e-06,5.117972049832028e-05,4.1286347329805295e-07,,,,0.00023641527938833562,0.00028194790231328426,1770134193.280381
53,0.9995776414871216,0.9997261332148702,2.262499999994283e-05,2.272915032941304e-05,fast,STABLE,-3.7122931937139114e-05,3.6427829685219185e-05,-9.130158440107116e-06,,,,0.0004449835128783608,0.0002715709034117886,1770134193.2818828
54,0.9999175071716309,0.9997644080062225,2.262499999994283e-05,2.2708320263519e-05,fast,STABLE,3.827479135221079e-05,2.3848427110256402e-05,1.1764221065746483e-06,,,,0.00010511782836908345,8.45315281066128e-05,1770134193.2829921
55,0.9996738433837891,0.9997462950817358,2.2458999999974694e-05,2.265845621081014e-05,fast,STABLE,-1.8112924486612947e-05,1.3868581096729417e-05,-4.5361100249330376e-07,,,,0.0003486156162109122,9.492134094246651e-05,1770134193.284106
56,0.999932587146759,0.9997835534947406,2.2791999999993706e-05,2.2685164968646854e-05,fast,STABLE,3.725841300472599e-05,1.4709503407261212e-05,5.194648276862779e-06,,,,9.02048532409605e-05,0.00012349057043459233,1770134193.285238
57,0.9993027448654175,0.999687391768876,2.2583000000020448e-05,2.2664731974921575e-05,fast,STABLE,-9.616172586457417e-05,2.5716610776101284e-05,-1.517287558627789e-05,,,,0.00071983813458254,0.0001589181247863003,1770134193.2863512
58,0.9997680187225342,0.9997035171596077,2.2458999999974694e-05,2.2623585579932197e-05,fast,STABLE,1.6125390731702716e-05,2.817054030917606e-05,-4.523211052509523e-06,,,,0.000254440277465795,0.0001804831922607164,1770134193.2874649
59,0.9997634291648865,0.9997154995606635,2.2957999999961842e-05,2.2690468463938127e-05,fast,STABLE,1.1982401055821157e-05,2.88881704809881e-05,-9.78168911178745e-06,,,,0.00025952883511348723,0.00037193431127935384,1770134193.288658
60,0.999431312084198,0.9996586620653705,2.2541000000098066e-05,2.2660574771170115e-05,fast,STABLE,-5.683749529306059e-05,3.743155357028344e-05,-1.752660327307698e-05,,,,0.0005912289158021,0.00013203040676890154,1770134193.289779
61,0.9999557137489319,0.9997180724020828,2.274999999984928e-05,2.2678459816905948e-05,fast,STABLE,5.9410336712306666e-05,3.645061925782375e-05,-1.3096218531560843e-05,,,,6.703625106796451e-05,0.00017523219281012636,1770134193.2909079
62,0.9999486804008484,0.9997641940018359,2.2625000000164874e-05,2.2667767853557733e-05,fast,STABLE,4.6121599753146114e-05,3.6545692476552116e-05,1.536044659198321e-05,,,,7.39445991517762e-05,8.910448110976965e-05,1770134193.292421
63,0.9996426105499268,0.9997398773114541,2.2667000000087256e-05,2.266761428286364e-05,fast,STABLE,-2.4316690381831485e-05,3.675365143444216e-05,7.272030369276372e-06,,,,0.00038005645007332944,0.00017647330892933688,1770134193.293928
64,0.9998015761375427,0.9997522170766718,2.2541000000098066e-05,2.2642291426310524e-05,fast,STABLE,1.2339765217750376e-05,3.571828265581629e-05,7.343503201662216e-06,,,,0.00022096486245737346,9.629224777207845e-05,1770134193.29505
65,0.9996583461761475,0.9997334428965671,2.2791999999993706e-05,2.267223314104716e-05,fast,STABLE,-1.8774180104763616e-05,3.522612541415688e-05,1.4956166239321612e-05,,,,0.00036444582385253277,0.00030549296951276617,1770134193.296201
66,0.9996060729026794,0.9997079688977896,2.2499999999814335e-05,2.2637786512800597e-05,fast,STABLE,-2.5473998777503226e-05,2.965840568662359e-05,-2.0207008586403674e-06,,,,0.000416427097320371,0.0003823829612732421,1770134193.2973251
67,0.9998782873153687,0.9997420325813055,2.262499999994283e-05,2.2635229210229047e-05,fast,STABLE,3.4063683515883625e-05,2.8511639046415298e-05,-4.432284106092865e-06,,,,0.00014433768463129049,0.00023017586135853918,1770134193.2988422
68,0.9998173713684082,0.9997571003387261,2.250000000003638e-05,2.2608183368190513e-05,fast,STABLE,1.5067757420661465e-05,2.926858794554731e-05,3.4446054544057247e-06,,,,0.00020512863159183325,0.0002729956241760423,1770134193.3003478
69,0.9994860887527466,0.9997028980215303,2.2458000000113998e-05,2.2578146694575208e-05,fast,STABLE,-5.420231719577284e-05,3.0078767974798124e-05,-9.863811028298919e-06,,,,0.000536369247253532,0.0003209129678649614,1770134193.30147
70,0.9996324777603149,0.9996888139692873,2.2457999999891953e-05,2.2554117355638558e-05,fast,STABLE,-1.4084052243013012e-05,2.3886227705944806e-05,-8.925785455948798e-06,,,,0.00038998023968495055,0.0002606222534178304,1770134193.3026
71,0.9995380640029907,0.9996586639760281,2.254099999987602e-05,2.255149388448605e-05,fast,STABLE,-3.0149993259231955e-05,3.2214546985535154e-05,-9.860984352294544e-06,,,,0.00048447699700915337,0.0001443630100401716,1770134193.303725
72,0.9995920062065125,0.999645332422125,2.3083000000090337e-05,2.2657795107606908e-05,fast,STABLE,-1.3331553903039861e-05,3.702616534957066e-05,-1.9340031836079242e-05,,,,0.00043107679348763916,0.00031954129409794696,1770134193.304959
73,0.9998262524604797,0.9996815164297961,2.4999999999941735e-05,2.3126236086073876e-05,fast,STABLE,3.618400767102514e-05,3.690299026522856e-05,-1.5116781786006506e-05,,,,0.0001987475395202054,0.0002755695077820697,1770134193.306201
74,0.9994579553604126,0.9996368042159195,2.445899999981016e-05,2.3392788868821133e-05,fast,STABLE,-4.4712213876585416e-05,3.894720665560766e-05,-1.321876112216902e-05,,,,0.0005665036395872125,0.0001053504562376073,1770134193.307395
75,0.9996938109397888,0.9996482055606934,2.3500000000176158e-05,2.341423109509214e-05,fast,STABLE,1.1401344773953603e-05,3.9028377894585144e-05,-8.121681718775698e-06,,,,0.0003296890602113578,0.00023275623321539207,1770134193.3085802
76,0.9998364448547363,0.9996858534195021,2.3624999999860563e-05,2.3456384876045826e-05,fast,STABLE,3.7647858808664836e-05,3.839520573883774e-05,5.4378886948036605e-06,,,,0.00018718014526353244,0.0004178402366636913,1770134193.309752
77,0.9997462630271912,0.99969793534104,2.304200000002865e-05,2.3373507900842394e-05,fast,STABLE,1.2081921537898666e-05,3.3819461075933966e-05,1.0520583782991367e-05,,,,0.00027677897280886654,0.00021643035125751275,1770134193.311311
78,0.9998359084129333,0.9997255299554187,2.3415999999887305e-05,2.3382006320651377e-05,fast,STABLE,2.7594614378734228e-05,2.7360790231050354e-05,8.802705124533183e-06,,,,0.0001875075870665377,0.00013418196469117127,1770134193.31249
79,0.9998921751976013,0.9997588590038553,2.379199999991144e-05,2.346400505650339e-05,fast,STABLE,3.332904843655893e-05,3.631221460293802e-05,2.4410957587162053e-05,,,,0.00013161680239859308,0.00020048672503669707,1770134193.313737
80,0.9995940923690796,0.9997259056769001,2.3709000000149416e-05,2.3513004045232597e-05,fast,STABLE,-3.295332695518738e-05,3.856646795628437e-05,1.5540023241333856e-05,,,,0.00042961663092055957,0.0001555624275206835,1770134193.315304
81,0.9997894167900085,0.9997386078995218,2.345800000003173e-05,2.3502003236192425e-05,fast,STABLE,1.270222262172993e-05,4.022599897904121e-05,1.0550896003946875e-05,,,,0.0002340412099914868,0.0002769174842833788,1770134193.3164742
82,0.9996382594108582,0.9997185382017891,2.2999999999884224e-05,2.3401602588930785e-05,fast,STABLE,-2.0069697732716385e-05,3.7165004202547e-05,4.1205721498238645e-06,,,,0.00038474058914172993,0.00016287040347284787,1770134193.317665
83,0.999833345413208,0.999741499644073,2.324999999991917e-05,2.3371282071128462e-05,fast,STABLE,2.296144228386421e-05,3.823629953354328e-05,3.1939377308498607e-06,,,,0.00018990458679191136,0.00021752686273179833,1770134193.3188329
84,0.9997682571411133,0.999746851143481,2.2959000000044583e-05,2.3288825656911687e-05,fast,STABLE,5.3514994080572365e-06,3.1463391556343006e-05,-2.4015720748504775e-06,,,,0.00025470185888676333,6.0808646972665414e-05,1770134193.319999
85,0.999148964881897,0.9996272738911642,2.2874999999977774e-05,2.3206060525524904e-05,fast,STABLE,-0.00011957725231681593,3.639806838550384e-05,-1.9726357147176186e-05,,,,0.0008739101181030051,0.0002610744627074002,1770134193.321171
86,0.9993069767951965,0.9995632144719708,2.3416999999970045e-05,2.3248248420413934e-05,fast,STABLE,-6.405941919340741e-05,5.860621275998875e-05,-3.5078685510203654e-05,,,,0.0007164402048034368,0.0001684908447265876,1770134193.3223732
87,0.9997855424880981,0.9996076800751963,2.341600000010935e-05,2.3281798736353018e-05,fast,STABLE,4.446560322546311e-05,6.545923738632681e-05,-2.2171625318567755e-05,,,,0.00023787351190196482,0.00016910426330563055,1770134193.3235378
88,0.9998760223388672,0.9996613485279304,2.354200000009854e-05,2.3333838989102125e-05,fast,STABLE,5.3668452734134675e-05,6.533633494734333e-05,-1.6030223228513664e-05,,,,0.00014751966113291104,0.00034177915173350115,1770134193.325115
89,0.9998374581336975,0.9996965704490839,2.3499999999954113e-05,2.3367071191272524e-05,fast,STABLE,3.522192115346101e-05,6.121654399071671e-05,-1.0056138879432907e-05,,,,0.00018604186630244435,0.00018399384307854483,1770134193.3262742
90,0.9995647668838501,0.9996702097360373,2.31669999999351e-05,2.3327056953005038e-05,fast,STABLE,-2.6360713046624795e-05,5.954761369531912e-05,8.587168974605319e-06,,,,0.00045840011614983744,0.0001740280534667793,1770134193.327436
91,0.9995700120925903,0.9996501702073479,2.324999999991917e-05,2.3311645562387866e-05,fast,STABLE,-2.003952868934178e-05,5.6243308112577644e-05,1.7391147075418444e-05,,,,0.00045323790740958714,0.00014518542861918782,1770134193.3286169
92,0.9998288750648499,0.9996859111788483,2.3209000000079527e-05,2.3291116449926197e-05,fast,STABLE,3.5740971500386465e-05,5.414355624508263e-05,1.5646220730403115e-05,,,,0.000194333935150226,0.00014656814938351914,1770134193.3297842
93,0.9995908737182617,0.9996669036867311,2.312500000001272e-05,2.3257893159943504e-05,fast,STABLE,-1.9007492117251168e-05,4.7875986219239796e-05,1.1110317601259466e-06,,,,0.00043225128173829397,0.00013344910430901358,1770134193.330949
94,0.9997401833534241,0.9996815596200698,2.329199999984155e-05,2.3264714527923116e-05,fast,STABLE,1.4655933338714178e-05,3.8864946417276064e-05,-3.00216580282342e-06,,,,0.0002831086465757693,0.00028382583236696846,1770134193.332119
95,0.9998518824577332,0.9997156241876024,2.2707999999926898e-05,2.3153371622323876e-05,fast,STABLE,3.406456753263232e-05,4.233526314407988e-05,9.082890313028002e-06,,,,0.0001708255422667726,0.00013811008053599139,1770134193.333282
96,0.9997605681419373,0.9997246129784695,2.254199999995876e-05,2.3031097297850854e-05,fast,STABLE,8.988790867081597e-06,3.186106286469422e-05,1.4888554224312677e-05,,,,0.0002619738580627029,0.000193930446624746,1770134193.33444
97,0.9994561672210693,0.9996709238269895,2.2874999999977774e-05,2.299987783827624e-05,fast,STABLE,-5.3689151479963115e-05,2.2587564081545497e-05,-2.997470371757238e-06,,,,0.0005667077789306418,0.0004173578413084744,1770134193.335603
98,0.9998676180839539,0.9997102626783825,2.2709000000009638e-05,2.2941702270622923e-05,fast,STABLE,3.933885139295601e-05,2.2798038327130885e-05,8.671798330284198e-06,,,,0.00015509091604615222,0.00019375163269041984,1770134193.336789
99,0.9995675683021545,0.999681723803137,2.2834000000138133e-05,2.292016181652597e-05,fast,STABLE,-2.8538875245454065e-05,2.2627128258307307e-05,3.283661345054867e-08,,,,0.0004552656978455971,0.00034199124490363886,1770134193.337991
100,0.999449610710144,0.9996353011845385,2.2999999999884224e-05,2.293612945319762e-05,fast,STABLE,-4.642261859855168e-05,2.7026649417666e-05,-1.6064600612786252e-05,,,,0.0005733892898558413,0.0003133779222412869,1770134193.3391628
101,0.9995507001876831,0.9996183809851674,2.2959000000044583e-05,2.2940703562567015e-05,fast,STABLE,-1.6920199371051048e-05,3.202595344070577e-05,-2.124639866041278e-05,,,,0.0004722588123169391,0.00012749566305547688,1770134193.3403342
102,0.9998214244842529,0.9996589896849846,2.2707999999926898e-05,2.2894162850038994e-05,fast,STABLE,4.060869981714621e-05,3.247040493119367e-05,-2.3868284009909145e-06,,,,0.0002012835157469972,0.00019753112066633882,1770134193.3414989
103,0.9997684955596924,0.9996808908599262,2.2916999999900156e-05,2.2898730280011227e-05,fast,STABLE,2.1901174941607593e-05,3.2330952760155164e-05,-5.874363691260598e-06,,,,0.00025442144030751734,0.00015317847424323183,1770134193.34269
104,0.999673068523407,0.9996793263926225,2.287500000019982e-05,2.2893984224048947e-05,fast,STABLE,-1.564467303705186e-06,3.231210604985673e-05,-4.79482102910822e-07,,,,0.0003498064765932174,0.0003275756416321052,1770134193.3438652
105,0.9993610978126526,0.9996156806766285,2.2458000000113998e-05,2.280678737926196e-05,fast,STABLE,-6.364571599393187e-05,3.439585210785823e-05,-3.924101581986861e-06,,,,0.0006613601873475261,0.00014629452151471156,1770134193.345077
106,0.9997908473014832,0.9996507140015995,2.262499999994283e-05,2.2770429903398135e-05,fast,STABLE,3.503332497101219e-05,2.884557737347907e-05,6.466603286425787e-06,,,,0.00023177769851678853,0.00012461603546132238,1770134193.346245
107,0.9997474551200867,0.9996700622252971,2.2583000000020448e-05,2.27329439227226e-05,fast,STABLE,1.9348223697535083e-05,2.8814745484204758e-05,2.214508062503562e-06,,,,0.0002751278799133505,0.00026920532226548666,1770134193.347415
108,0.9998155832290649,0.9996991664260507,2.254199999995876e-05,2.2694755138169832e-05,fast,STABLE,2.9104200753637954e-05,2.70207552025152e-05,3.6551132249096343e-06,,,,0.00020695877093501736,0.0004177878877562602,1770134193.348594
109,0.999741792678833,0.9997076916766072,2.2666000000004516e-05,2.268900411053677e-05,fast,STABLE,8.52525055650144e-06,3.014475125765985e-05,5.673056796950959e-06,,,,0.0002808733211669967,0.00026029381161496445,1770134193.34977
110,0.9997972249984741,0.9997255983409807,2.262499999994283e-05,2.2676203288417984e-05,fast,STABLE,1.7906664373512626e-05,3.4164567052707436e-05,2.198353287043986e-05,,,,0.00022540000152582174,0.00035877828942854073,1770134193.350945
111,0.9998514652252197,0.9997507717178287,2.2957999999961842e-05,2.2732562630726756e-05,fast,STABLE,2.5173376847931195e-05,3.688746662773357e-05,2.001154324582366e-05,,,,0.00017149277478023528,0.00023298330288690217,1770134193.352128
112,0.9998806118965149,0.999776739753566,2.3208999999857483e-05,2.28278501045529e-05,fast,STABLE,2.596803573728934e-05,4.496841498991177e-05,2.1335505653774513e-05,,,,0.0001425971034849649,0.00011413843191543371,1770134193.353698
113,0.9985947012901306,0.999540332060879,2.3583000000160226e-05,2.2978880083674366e-05,fast,STABLE,-0.00023640769268695738,6.492744391550159e-05,-3.176687303434456e-05,,,,0.001428881709869545,0.00010088736361701933,1770134193.3549068
114,0.999555230140686,0.9995433116768405,2.2874999999977774e-05,2.2958104066935048e-05,fast,STABLE,2.9796159615180784e-06,7.708857614455533e-05,-3.2875999953341226e-05,,,,0.0004676448593139426,0.00018300519198599652,1770134193.356102
115,0.9995299577713013,0.9995406408957327,2.2458000000113998e-05,2.2858083253570837e-05,fast,STABLE,-2.67078110782748e-06,8.505730279029492e-05,-3.699148904960925e-05,,,,0.0004925002286988445,9.16674808348894e-05,1770134193.3576698
116,0.9998048543930054,0.9995934835951873,2.262499999994283e-05,2.2811466602845238e-05,fast,STABLE,5.284269945460274e-05,8.741606131168227e-05,-3.145762452827494e-05,,,,0.00021777060699457174,6.857029724116614e-05,1770134193.358851
117,0.9996271133422852,0.9996002095446069,2.2791999999993706e-05,2.280757328227493e-05,fast,STABLE,6.725949419639221e-06,8.86972961582983e-05,-3.5306041791804965e-05,,,,0.00039567865771483746,0.00020016553897095335,1770134193.360034
118,0.9996950030326843,0.9996191682422225,2.2832999999833348e-05,2.2812658625786614e-05,fast,STABLE,1.895869761558977e-05,8.729978887532049e-05,1.5767236268704464e-05,,,,0.0003278299673155072,7.78148078919294e-05,1770134193.361213
119,0.999686062335968,0.9996325470609717,2.2541000000098066e-05,2.2758326900648906e-05,fast,STABLE,1.3378818749187893e-05,8.431512110606275e-05,1.784707682623843e-05,,,,0.0003364786640320805,0.00023206583786006263,1770134193.362391
120,0.9996641278266907,0.9996388632141155,2.250000000003638e-05,2.2706661520526402e-05,fast,STABLE,6.3161531438371554e-06,7.853226999465078e-05,1.9644463676571355e-05,,,,0.00035837217330936255,0.00016595826358045684,1770134193.36357
121,0.9992279410362244,0.9995566787785374,2.266699999986521e-05,2.2698729216394166e-05,fast,STABLE,-8.218443557816979e-05,6.798117525216163e-05,-7.36096332998315e-06,,,,0.0007947259637755,0.00025565167254648635,1770134193.364774
122,0.9996879696846008,0.9995829369597502,2.250000000003638e-05,2.265898337312261e-05,fast,STABLE,2.625818121282375e-05,3.62486193252255e-05,-3.454516971346244e-06,,,,0.0003345303153992063,0.00018482374990846928,1770134193.365961
123,0.9995648860931396,0.9995793267864281,2.2542000000180806e-05,2.2635586698534247e-05,fast,STABLE,-3.610173322066146e-06,3.322466249852677e-05,-7.968291158877428e-06,,,,0.00045765590686053237,0.00027911150723269884,1770134193.3671439
124,0.999331533908844,0.9995297682109114,2.2709000000009638e-05,2.2650269358829327e-05,fast,STABLE,-4.955857551669496e-05,3.5261518695186195e-05,-2.0555770012054e-05,,,,0.0006911750911560155,0.00010618082809443763,1770134193.368334
125,0.999405562877655,0.9995049271442602,2.2374999999907885e-05,2.259521548704504e-05,fast,STABLE,-2.4841066651237753e-05,4.113255055068475e-05,-2.6787213971068978e-05,,,,0.0006168121223448786,0.0001961428417052158,1770134193.3695202
126,0.9997361302375793,0.9995511677629241,2.237500000012993e-05,2.255117238966202e-05,fast,STABLE,4.624061866387308e-05,4.208340463812493e-05,-1.1022031226604057e-06,,,,0.0002862447624207842,0.00010417187481692736,1770134193.3711
127,0.9999287128448486,0.999626676779309,2.2832999999833348e-05,2.2607537911696284e-05,fast,STABLE,7.550901638497809e-05,4.408366878080333e-05,8.747963911770463e-06,,,,9.412015515120054e-05,0.00024468997610482823,1770134193.3723352
128,0.9997042417526245,0.9996421897739722,2.312500000001272e-05,2.271103032935957e-05,fast,STABLE,1.5512994663180457e-05,4.648929006099831e-05,1.2572597508819783e-05,,,,0.000318883247375501,0.00015154552096552365,1770134193.373923
129,0.9999209046363831,0.9996979327464545,2.3207999999996787e-05,2.2810424263487013e-05,fast,STABLE,5.5742972482231146e-05,5.634039539301092e-05,3.3632907108605006e-05,,,,0.00010230336361694015,6.376548385622627e-05,1770134193.375128
130,0.9996523857116699,0.9996888233394976,2.2999999999884224e-05,2.2848339410766455e-05,fast,STABLE,-9.109406956864241e-06,6.22628627429445e-05,3.677923904747971e-05,,,,0.00037061428832996235,0.0004469403497620039,1770134193.3763268
131,0.9993142485618591,0.9996139083839699,2.2874999999977774e-05,2.285367152860872e-05,fast,STABLE,-7.4914955527694e-05,6.099898988695206e-05,1.2548124209166289e-05,,,,0.0007086264381408469,9.53255270081943e-05,1770134193.377534
132,0.9995027780532837,0.9995916823178328,2.304200000002865e-05,2.289133722289271e-05,fast,STABLE,-2.2226066137109868e-05,6.078508955966061e-05,-6.9988922952513025e-06,,,,0.0005202639467163372,0.00024632872009267004,1770134193.378738
133,0.999424159526825,0.9995581777596313,2.2999999999884224e-05,2.2913069778291014e-05,fast,STABLE,-3.3504558201502554e-05,6.191683261759933e-05,-1.6802402868187906e-05,,,,0.000598840473174933,0.00014381452178935383,1770134193.3799329
134,0.9995644688606262,0.9995594359798303,2.304099999994591e-05,2.2938655822621994e-05,fast,STABLE,1.2582201990296582e-06,5.910218549835463e-05,-2.7699353324828203e-05,,,,0.0004585721393737252,0.00011676582699582383,1770134193.381165
135,0.999957263469696,0.9996390014778036,2.2916999999900156e-05,2.2934324658077627e-05,fast,STABLE,7.956549797327739e-05,4.967789200716878e-05,-9.964372338799876e-06,,,,6.565353030385523e-05,0.00010996510678085158,1770134193.3823712
136,0.99991774559021,0.9996947503002849,2.2957999999961842e-05,2.2939059726454473e-05,fast,STABLE,5.574882248127189e-05,4.935319943454708e-05,1.61683832629933e-05,,,,0.0001052124097900009,0.00017295516986082227,1770134193.3835762
137,0.9995912313461304,0.999674046509454,2.2791999999993706e-05,2.2909647781162322e-05,fast,STABLE,-2.070379083085605e-05,5.093414727158166e-05,1.6472838324244066e-05,,,,0.0004315606538696226,4.9418369110210136e-05,1770134193.385189
138,0.9997552037239075,0.9996902779523448,2.2417000000052312e-05,2.2811118224940324e-05,fast,STABLE,1.6231442890757286e-05,5.3497573362425287e-05,2.6420038542696034e-05,,,,0.0002672132760925816,0.00016091526412953527,1770134193.3867898
139,0.9999151229858398,0.9997352469590438,2.274999999984928e-05,2.2798894579922117e-05,fast,STABLE,4.496900669903603e-05,5.842642508202354e-05,3.516219584269731e-05,,,,0.00010762701416000553,0.00015628779965193296,1770134193.38803
140,0.9998198747634888,0.9997521725199329,2.300000000010627e-05,2.2839115663958947e-05,fast,STABLE,1.692556088905839e-05,6.584795052373716e-05,2.2634208425853508e-05,,,,0.00020312523651133674,0.00017593563461315576,1770134193.3892841
141,0.9998050928115845,0.9997627565782632,2.3124999999790674e-05,2.2896292531125292e-05,fast,STABLE,1.0584058330320723e-05,7.231624157563527e-05,1.3601255595663276e-05,,,,0.00021803218841531802,0.00018594921493542138,1770134193.3905432
142,0.99956876039505,0.9997239573416206,2.3207999999996787e-05,2.295863402489959e-05,fast,STABLE,-3.879923664262819e-05,6.960424816410978e-05,9.982166433308848e-06,,,,0.00045444760494994796,0.0001514263116761949,1770134193.391787
143,0.999512255191803,0.999681616911657,2.300000000010627e-05,2.296690721994093e-05,fast,STABLE,-4.234042996353882e-05,5.686561884596732e-05,-1.7322081375503729e-06,,,,0.0005107448081971278,0.00012155180322270809,1770134193.3930528
144,0.9998766779899597,0.9997206291273176,2.2957999999961842e-05,2.2965125775945114e-05,fast,STABLE,3.901221566060542e-05,3.6334938099008e-05,-2.9235663452364946e-06,,,,0.00014628001004024505,6.151232128903672e-05,1770134193.394291
145,0.9997970461845398,0.9997359125387622,2.300000000010627e-05,2.2972100620777345e-05,fast,STABLE,1.5283411444522166e-05,2.8963557928339166e-05,-3.251996234143739e-06,,,,0.00022595381546031135,0.00019403081875601913,1770134193.395929
146,0.9996557831764221,0.9997198866662942,2.2666000000004516e-05,2.2910880496622783e-05,fast,STABLE,-1.6025872467961833e-05,2.7985899887628116e-05,-8.573982393800251e-06,,,,0.0003668828235778854,0.0003555606386107524,1770134193.397175
147,0.9994643926620483,0.9996687878654451,2.354200000009854e-05,2.3037104397317935e-05,fast,STABLE,-5.1098800849080916e-05,2.8873209448062324e-05,-1.1033895235090795e-05,,,,0.0005591493379517587,0.00034531343041988016,1770134193.398431
148,0.9997612833976746,0.9996872869718911,2.2957999999961842e-05,2.3021283517846717e-05,fast,STABLE,1.8499106446023816e-05,2.9184297496682732e-05,1.1340120468217307e-06,,,,0.0002616746023254013,0.00015493140429678753,1770134193.3996952
149,0.9997844696044922,0.9997067234984114,2.316599999985236e-05,2.305022681424785e-05,fast,STABLE,1.9436526520255626e-05,2.8831682015785717e-05,-2.7811257812482283e-06,,,,0.00023869639550766486,0.00011617557125864764,1770134193.401325
150,0.9468448758125305,0.9891343539612352,2.312500000001272e-05,2.3065181451400824e-05,fast,STABLE,-0.010572369537176218,0.0031733870971291035,-0.0021203117155053964,,,,0.053178249187469495,0.04355568428820811,1770134193.402573
151,0.9333465695381165,0.9779767970766114,2.3250000000141213e-05,2.3102145161148906e-05,fast,STABLE,-0.01115755688462372,0.006925075896541354,-0.004348617917936548,,,,0.06667668046188369,0.015501803317840679,1770134193.403828
152,0.9108757376670837,0.964556585194706,2.2458000000113998e-05,2.2973316128941924e-05,fast,STABLE,-0.013420211881905453,0.011679741855815667,-0.007022440534147823,,,,0.08914672033291637,0.017250276386260976,1770134193.409004
153,0.8898766040802002,0.9496205889718049,2.2959000000044583e-05,2.2970452903162458e-05,fast,STABLE,-0.014935996222901093,0.017165555975389876,-0.010013339600017246,,,,0.11014635491979985,0.024709863075256466,1770134193.4102662
154,0.9095681309700012,0.9416100973714443,2.2916999999900156e-05,2.295976232251e-05,fast,PREEMPTIVE_DEGRADED,-0.008010491600360603,0.021489622625143246,-0.011619325225393417,154,,,0.09045478602999868,0.06592844189071645,1770134193.4115279
155,0.9243026971817017,0.9381486173334959,2.2999999999884224e-05,2.2967809857984848e-05,fast,PREEMPTIVE_DEGRADED,-0.003461480037948439,0.024216883713782878,-0.010197147325547861,154,,,0.07572030281829822,0.08839037406503292,1770134193.412769
156,0.9486983418464661,0.94025856223609,2.2667000000087256e-05,2.290764788640533e-05,fast,PREEMPTIVE_DEGRADED,0.0021099449025940853,0.02494754908058343,-0.007543646968104301,154,,,0.05132432515353402,0.019668443848022577,1770134193.413962
157,0.8824190497398376,0.9286906597368395,2.2874999999977774e-05,2.290111830911982e-05,fast,PREEMPTIVE_DEGRADED,-0.011567902499250438,0.025595833408780497,-0.007173185091573298,154,,,0.11760382526016233,0.02354345399093627,1770134193.415159
158,0.9498019814491272,0.932912924079297,2.2625000000164874e-05,2.2845894647328834e-05,fast,PREEMPTIVE_DEGRADED,0.004222264342457538,0.0237838550323322,-0.0033415329785015714,154,,,0.05022064355087297,0.014950222167602556,1770134193.416348
159,0.9015772342681885,0.9266457861170754,2.2584000000103188e-05,2.2793515717883705e-05,fast,PREEMPTIVE_DEGRADED,-0.006267137962221669,0.020279408024036123,-0.0029928622508737846,154,,,0.09844534973181163,0.028690738090515033,1770134193.41754
160,0.9430311918258667,0.9299228672588337,2.3874999999895508e-05,2.300981257428607e-05,fast,PREEMPTIVE_DEGRADED,0.003277081141758287,0.015842488299098935,-0.0016451500149324394,154,,,0.056992683174133196,0.03259260460281377,1770134193.418793
161,0.9824563264846802,0.940429559104003,2.908299999981878e-05,2.422445005939261e-05,fast,PREEMPTIVE_DEGRADED,0.010506691845169391,0.010745580790385881,3.419937358262182e-05,154,,,0.017572756515319643,0.04998180341357439,1770134193.420305
162,0.9214917421340942,0.9366419957100214,2.670800000004192e-05,2.4721160047522476e-05,fast,PREEMPTIVE_DEGRADED,-0.0037875633939816744,0.006669220282074284,0.0015902671946363745,154,,,0.0785349658659058,0.025676328762420653,1770134193.425736
163,0.9389936327934265,0.9371123231267025,2.366599999992225e-05,2.4510128038002432e-05,fast,PREEMPTIVE_DEGRADED,0.00047032741668107114,0.005070190864902236,0.0008398798094810811,154,,,0.06103003320657341,0.02293612945138568,1770134193.426997
164,0.910772979259491,0.9318444543532602,2.3457999999809687e-05,2.4299702430363887e-05,fast,PREEMPTIVE_DEGRADED,-0.005267868773442208,0.004673662340447716,0.0010397336472369734,154,,,0.08925047874050884,0.02458046718215945,1770134193.428201
165,0.8644961714744568,0.9183747977774996,2.2874999999977774e-05,2.4014761944286664e-05,robust,DEGRADED,-0.013469656575760602,0.006454298980607842,-0.0023096138962668046,154,,,0.1355267035255432,0.020457167484466465,1770134193.429425
166,0.9284857511520386,0.9203969884524075,2.1000000000048757e-05,2.3411809555439083e-05,robust,DEGRADED,0.002022190674907831,0.006743996061174585,-0.004006514130319117,154,,,0.04612679433840938,0.07153524884796147,1770134193.430633
167,0.9672096371650696,0.92975951819494,2.1124999999955207e-05,2.295444764434231e-05,robust,DEGRADED,0.009362529742532488,0.00672613289309226,-0.001376495503016284,154,,,0.0410892645527039,0.032811487834930375,1770134193.4318552
168,0.9939714074134827,0.9426018960386485,2.1416999999912534e-05,2.2646958115456358e-05,robust,DEGRADED,0.012842377843708563,0.007651879730542171,0.0010979145823892145,154,,,0.055962722400665355,0.0060500095865172465,1770134193.4330869
169,0.9427083134651184,0.9426231795239426,2.1167000000099634e-05,2.2350966492385016e-05,robust,DEGRADED,2.1283485294065763e-05,0.008149873112753213,0.0021557450341364694,154,,,0.04337854314459233,0.05731285353488169,1770134193.434284
170,0.9731488227844238,0.9487283081760388,2.1374999999990152e-05,2.2155773193906043e-05,robust,DEGRADED,0.006105128652096226,0.009315849977539077,0.006070702079707835,154,,,0.11270495471536246,0.026872552215576162,1770134193.435476
171,0.9707919359207153,0.9531410337249742,2.2250000000001435e-05,2.2174618555125124e-05,robust,DEGRADED,0.004412725548935348,0.010747510327635634,0.006548809054513338,154,,,0.018577434570495654,0.02923031407928467,1770134193.441008
172,0.983164370059967,0.9591457009919728,2.1666000000086783e-05,2.207289484411746e-05,robust,DEGRADED,0.0060046672669986645,0.012783772087806938,0.005877236559406573,154,,,0.022485921825408983,0.016857295940033046,1770134193.442386
173,0.9969719052314758,0.9667109418398735,2.1832999999915614e-05,2.2024915875277092e-05,robust,DEGRADED,0.007565240847900667,0.015323513826363986,0.004821809160244994,154,,,0.030568001819793578,0.0030499277685240855,1770134193.4436421
174,0.9824411273002625,0.9698569789319513,2.1583000000102714e-05,2.193653270024222e-05,robust,DEGRADED,0.0031460370920778358,0.0171091046405479,0.005446759881601748,154,,,0.03249458538073746,0.01758045569973765,1770134193.444889
175,0.9600909352302551,0.9679037701916121,2.154200000004103e-05,2.1857626160201984e-05,robust,DEGRADED,-0.0019532087403392184,0.01576171544538372,0.0038350924031146593,154,,,0.06235856259899908,0.039930606769744914,1770134193.4461272
176,0.9513660669326782,0.9645962295398254,2.1500000000118646e-05,2.178610092818532e-05,robust,DEGRADED,-0.0033075406517867334,0.012720044372576088,0.002291039162970243,154,,,0.1005545196918336,0.048655433067321896,1770134193.447336
177,0.9405089616775513,0.9597787759673706,2.1374999999990152e-05,2.1703880742546286e-05,robust,DEGRADED,-0.004817453572454777,0.009712096258412654,0.00012661499507955477,154,,,0.06523758615093977,0.05951241332244872,1770134193.448538
178,0.9629226326942444,0.9604075473127454,2.158299999988067e-05,2.1679704594013167e-05,robust,DEGRADED,0.0006287713453747568,0.008353054447742913,-0.0012606789054256274,154,,,0.0711166482883605,0.037098950305755496,1770134193.4497821
179,0.9651319980621338,0.9613524374626231,2.7541999999991518e-05,2.285216367520884e-05,robust,DEGRADED,0.0009448901498777529,0.006238234043203746,-0.001700908293865644,154,,,0.04314706665783685,0.0348955439378662,1770134193.455092
180,0.9854322075843811,0.9661683914869748,2.1625000000025096e-05,2.260673094017209e-05,robust,DEGRADED,0.004815954024351643,0.004787496618387544,-0.00034707574092747163,154,,,0.08759190205783085,0.014589417415618922,1770134193.456404
181,0.9498994946479797,0.9629146121191758,2.1374999999990152e-05,2.2360384752135702e-05,robust,DEGRADED,-0.0032537793677989146,0.0035254918807658938,-0.00033632348412990785,154,,,0.05426283869915771,0.050121880352020254,1770134193.457621
182,0.9697583317756653,0.9642833560504738,2.1624999999803052e-05,2.221330780166917e-05,robust,DEGRADED,0.0013687439312979333,0.003152207623512158,0.0009009160166206342,154,,,0.0584971712686464,0.03026329322433452,1770134193.4588318
183,0.9859281778335571,0.9686123204070904,2.1415999999829793e-05,2.2053846241301297e-05,robust,DEGRADED,0.004328964356616671,0.0033379042509693855,0.0016409546188690173,154,,,0.1252359850004272,0.014093238166442701,1770134193.460038
184,0.9913471341133118,0.9731592831483348,2.1374999999990152e-05,2.191807699303907e-05,robust,DEGRADED,0.004546962741244331,0.003950113518848223,0.002361369137142333,154,,,0.020792315681274598,0.008674240886688223,1770134193.4651809
185,0.9908468723297119,0.9766968009846103,2.133300000006777e-05,2.180106159444481e-05,robust,DEGRADED,0.003537517836275539,0.005273834656194021,0.002105681899527112,154,,,0.007035498271759089,0.009174460670288154,1770134193.466393
186,0.9675897359848022,0.9748753879846488,2.1625000000025096e-05,2.1765849275560866e-05,robust,DEGRADED,-0.0018214129999615247,0.0059037529879436106,0.00239215517309459,154,,,0.01534706317175294,0.03243188901519778,1770134193.4676301
187,0.9824000597000122,0.9763803223277215,2.154200000004103e-05,2.17210794204569e-05,robust,DEGRADED,0.0015049343430727502,0.006021962972055344,0.0024193932554495536,154,,,0.04594639903222664,0.017621482299987834,1770134193.468891
188,0.9817731380462646,0.9774588854714302,2.183300000013766e-05,2.174346353639305e-05,robust,DEGRADED,0.0010785631437086884,0.005906347258032367,0.001769313012867957,154,,,0.11380421955108644,0.01824869495373549,1770134193.470134
189,0.9405226111412048,0.9700716306053851,5.616700000010688e-05,2.862817082913582e-05,robust,DEGRADED,-0.007387254866045079,0.005129866583834692,-0.0006175305085899252,154,,,0.052220802406311106,0.05953355585879527,1770134193.471387
190,0.9604389071464539,0.9681450859135989,2.250000000003638e-05,2.7402536663315935e-05,robust,DEGRADED,-0.001926544691786214,0.004973179782447054,-0.0017103430142022757,154,,,0.044074953628357116,0.03958359285354618,1770134193.472695
191,0.974814772605896,0.9694790232520584,2.195800000004411e-05,2.6313629330661572e-05,robust,DEGRADED,0.0013339373384594344,0.004201731080573043,-0.001079272946518084,154,,,0.03543061290341187,0.025207185394104048,1770134193.473957
192,0.9738130569458008,0.9703458299908069,2.183300000013766e-05,2.5417503464556792e-05,robust,DEGRADED,0.0008668067387485046,0.003421632948447697,-0.001206898467382933,154,,,0.08040239582824693,0.026208776054199356,1770134193.4752069
193,0.9819377660751343,0.9726642172076724,2.187500000006004e-05,2.4709002771657442e-05,robust,DEGRADED,0.002318387216865503,0.0031648832724541906,-0.0009589336527515702,154,,,0.05360522644406118,0.018084108924865783,1770134193.480392
194,0.9726909399032593,0.9726695617467898,2.195900000012685e-05,2.4159002217351327e-05,robust,DEGRADED,5.344539117380087e-06,0.003164709006610675,0.0005195862282809216,154,,,0.03997400860250844,0.02733101909674085,1770134193.481645
195,0.9234176278114319,0.9628191749597182,2.212499999987294e-05,2.3752201773855652e-05,robust,DEGRADED,-0.009850386787071508,0.00409280372178237,-0.001065182190776137,154,,,0.06982922826367188,0.07660449718856799,1770134193.483435
196,0.9823436737060547,0.9667240747089856,2.158399999996341e-05,2.3318561419077205e-05,robust,DEGRADED,0.003904899749267332,0.004148904571405309,-0.0005509897086145576,154,,,0.01147425470315544,0.017677910293945276,1770134193.484708
197,0.9796261787414551,0.9693044955154795,2.1333999999928466e-05,2.292164913524746e-05,robust,DEGRADED,0.0025804208064938994,0.003694130285181254,-0.00020826689506547869,154,,,0.059629868984405476,0.02039515525854485,1770134193.4898748
198,0.981002688407898,0.9716441340939632,2.1124999999955207e-05,2.2562319308189012e-05,robust,DEGRADED,0.002339638578483738,0.0028245922634381193,-0.00020401662274183163,154,,,0.00983797162265021,0.019018436592102006,1770134193.4911098
199,0.9949266314506531,0.9763006335653013,2.3124999999790674e-05,2.2674855446509345e-05,robust,DEGRADED,0.00465649947133806,0.003510501817900911,0.0007262143637023044,154,,,0.05467780144537371,0.0050964935493467145,1770134193.4923398
200,0.9813107252120972,0.9773026518946605,2.1625000000025096e-05,2.2464884357212495e-05,robust,DEGRADED,0.0010020183293592,0.004056622965336381,0.002896695386988446,154,,,0.0864089711380005,0.018710899787902857,1770134193.49359
201,0.9496889710426331,0.971779915724255,2.1416999999912534e-05,2.2255307485752503e-05,robust,DEGRADED,-0.00552273617040544,0.004033246497352258,0.0010111682030538916,154,,,0.0434596464614867,0.050332445957366856,1770134193.49481
202,0.9754197001457214,0.9725078726085484,2.1749999999931546e-05,2.2154245988588313e-05,robust,DEGRADED,0.0007279568842933903,0.00404198974154193,0.0006406754186137897,154,,,0.03678783675784314,0.024602049854278496,1770134193.496036
203,0.9805830717086792,0.9741229124285746,2.1833999999998355e-05,2.2090196790870322e-05,robust,DEGRADED,0.0016150398200261984,0.004111723225196819,0.0004957556669222818,154,,,0.039222561264404376,0.0194387622913208,1770134193.5012128
204,0.9384388327598572,0.9669860964948311,2.1541999999818984e-05,2.198055743266006e-05,robust,DEGRADED,-0.00713681593374349,0.004301620138800269,-0.0018629074140940282,154,,,0.07199553738021858,0.06158270924014264,1770134193.502445
205,0.9716688394546509,0.9679226450867952,2.1540999999958288e-05,2.1892645946119706e-05,robust,DEGRADED,0.0009365485919640149,0.0035425638135499118,-0.0018760013615730653,154,,,0.034105568138305786,0.02835270154534908,1770134193.503669
206,0.9553112387657166,0.9654003638225794,2.366700000000499e-05,2.2247516756896763e-05,robust,DEGRADED,-0.00252228126421572,0.0037364602983326408,-0.0012759103803351214,154,,,0.035816169189819336,0.04471242823428345,1770134193.504962
207,0.9266647100448608,0.9576532330670358,2.199999999996649e-05,2.219801340551071e-05,robust,DEGRADED,-0.007747130755543674,0.005558071181670368,-0.0029709279083025343,154,,,0.055919459312439024,0.07335728995513913,1770134193.506312
208,0.987500011920929,0.9636225888378145,2.170899999986986e-05,2.2100210724382542e-05,robust,DEGRADED,0.005969355770778728,0.005857089265894252,-0.0021000647181520283,154,,,0.035301051475341794,0.012521697079070915,1770134193.507572
209,0.9771292805671692,0.9663239271836855,2.1667000000169523e-05,2.2013568579539937e-05,robust,DEGRADED,0.0027013383458710516,0.005423510446607156,-0.00013243386222911991,154,,,0.09555264506512451,0.02289238643283098,1770134193.5088441
210,0.9894332885742188,0.9709457994617923,2.1749999999931546e-05,2.1960854863618258e-05,robust,DEGRADED,0.004621872278106731,0.004656686244748767,0.0006046308749994234,154,,,0.05196106273651124,0.010588461425781182,1770134193.510092
211,0.9242275357246399,0.9616021467143618,2.1499999999896602e-05,2.186868389087393e-05,robust,DEGRADED,-0.009343652747430431,0.004770396375516834,-0.0007596434216435189,154,,,0.05935940626925662,0.07579396427536,1770134193.511331
212,0.9492474794387817,0.9591312132592459,2.145900000005696e-05,2.1786747112710535e-05,robust,DEGRADED,-0.0024709334551159534,0.004831798666969241,0.0002955960384420253,154,,,0.060118358001892025,0.05077397956121832,1770134193.5125709
213,0.9702850580215454,0.9613619822117059,2.1374999999990152e-05,2.170439769016646e-05,robust,DEGRADED,0.002230768952459994,0.003957995278993896,-0.00045212132522172156,154,,,0.03866085890597537,0.02973631697845458,1770134193.513831
214,0.9514617919921875,0.9593819441678022,2.141700000013458e-05,2.1646918152160084e-05,robust,DEGRADED,-0.0019800380439036758,0.004058687022775527,-0.001388396603176667,154,,,0.04684877837734991,0.048559625007812635,1770134193.515069
215,0.9745306372642517,0.9624116827870921,2.1500000000118646e-05,2.1617534521751798e-05,robust,DEGRADED,0.003029738619289901,0.003761565887455285,-0.001706823334940033,154,,,0.03232785258465576,0.02549086273574841,1770134193.520245
216,0.9971081018447876,0.9693509665986312,2.2374999999907885e-05,2.1769027617383018e-05,robust,DEGRADED,0.0069392838115390765,0.004197818336998304,0.0015497639768538684,154,,,0.0848883258590698,0.0029142731552123102,1770134193.521517
217,0.9573749303817749,0.96695575935526,2.1666999999947478e-05,2.174862209389591e-05,robust,DEGRADED,-0.002395207243371167,0.003889746790010004,0.0015649092192028258,154,,,0.052333597789581354,0.042646736618225045,1770134193.522778
218,0.9565632939338684,0.9648772662709818,2.154200000004103e-05,2.1707297675124937e-05,robust,DEGRADED,-0.00207849308427821,0.0038922746025808787,0.0007030568118551849,154,,,0.08425205785751344,0.04345824806613163,1770134193.524023
219,0.9741047024726868,0.9667227535113229,2.1290999999923343e-05,2.162403814008462e-05,robust,DEGRADED,0.0018454872403410594,0.003915456468563248,0.001468161868704132,154,,,0.0415217872737732,0.025916588527313156,1770134193.525277
220,0.9811975359916687,0.969617710007392,2.116699999987759e-05,2.1532630512043214e-05,robust,DEGRADED,0.00289495649606919,0.00370370547198744,0.0014412054440599898,154,,,0.09443108330154426,0.018823631008331176,1770134193.526519
221,0.9341838955879211,0.962530947123498,2.1416000000051838e-05,2.150930440964494e-05,robust,DEGRADED,-0.007086762883894093,0.0036501223714382313,-0.0013640038950266443,154,,,0.04815879265557865,0.06583752041207891,1770134193.5277572
222,0.9679487347602844,0.9636145046508553,2.133400000015051e-05,2.1474243527746052e-05,robust,DEGRADED,0.0010835575273573372,0.0032491120284348063,-0.0006682509408809434,154,,,0.028677319324676542,0.03207259923971573,1770134193.528998
223,0.953603208065033,0.9616122453336909,2.1416000000051838e-05,2.146259482220721e-05,robust,DEGRADED,-0.0020022593171643566,0.003224308081470697,-0.0006530041874581727,154,,,0.024564313858398412,0.04641820793496709,1770134193.530279
224,0.9609050154685974,0.9614707993606724,2.154200000004103e-05,2.1478475857773978e-05,robust,DEGRADED,-0.00014144597301857242,0.0029264253752125627,-0.001050390830130099,154,,,0.06575058572387693,0.03911652653140263,1770134193.531529
225,0.9738768935203552,0.963952018192609,2.1207999999939275e-05,2.1424380686207042e-05,robust,DEGRADED,0.002481218831936638,0.0028294631961223674,-0.0011331383629566093,154,,,0.02852515468978889,0.026144314479644715,1770134193.532765
226,0.9789159297943115,0.9669448005129496,2.133300000006777e-05,2.1406104548979186e-05,robust,DEGRADED,0.0029927823203406145,0.00254303460707142,0.0008827706778903321,154,,,0.05081459681283573,0.021105403205688544,1770134193.5339992
227,0.9752491116523743,0.9686056627408346,2.133400000015051e-05,2.139168363921345e-05,robust,DEGRADED,0.0016608622278849738,0.0027227780456191516,0.0009982316179958594,154,,,0.055575179023559684,0.024772222347625883,1770134193.53523
228,0.9642072916030884,0.9677259885132854,2.1374999999990152e-05,2.138834691136879e-05,robust,DEGRADED,-0.0008796742275491987,0.00284198617734917,0.001222748635918891,154,,,0.08439078149377455,0.03581408339691161,1770134193.5364711
229,0.9843831658363342,0.9710574239778953,2.1292000000006084e-05,2.136907752909625e-05,robust,DEGRADED,0.0033314354646099,0.003319476400118803,0.0019173249234445855,154,,,0.06638268742352293,0.015638126163665778,1770134193.537707
230,0.9165372252464294,0.9601533842316021,2.1500000000118646e-05,2.139526202330073e-05,robust,DEGRADED,-0.01090403974629317,0.0034190412767425085,-0.0007597267922013762,154,,,0.06324116455096429,0.08348427475357068,1770134193.542936
231,0.9254842400550842,0.9532195553962987,2.145799999997422e-05,2.140780961863543e-05,robust,DEGRADED,-0.006933828835303468,0.0048638218624486,-0.0027450490233301927,154,,,0.048822669189086954,0.07453721794491575,1770134193.544188
232,0.967583179473877,0.9560922802118144,2.1290999999923343e-05,2.1384447694893013e-05,robust,DEGRADED,0.0028727248155157037,0.005392772378859766,-0.0025026765058040468,154,,,0.04853345687121591,0.03243811152612297,1770134193.5454311
233,0.9490645527839661,0.9546867347262447,2.145900000005696e-05,2.1399358155925805e-05,robust,DEGRADED,-0.0014055454855697036,0.005952844536448528,-0.0026078507574081476,154,,,0.07326986029016114,0.05095690621603399,1770134193.546678
234,0.9684403538703918,0.9574374585550741,2.1374999999990152e-05,2.1394486524738674e-05,robust,DEGRADED,0.00275072382882946,0.006135360705377684,-0.002723993084564236,154,,,0.010770266708740373,0.031581021129608144,1770134193.547953
235,0.9258076548576355,0.9511114978155865,2.1167000000099634e-05,2.134898921981087e-05,robust,DEGRADED,-0.006325960739487657,0.006887434165495819,-0.0018083772832031332,154,,,0.09818665978277585,0.0742135121423646,1770134193.549205
236,0.9729207754135132,0.9554733533351719,2.1000000000048757e-05,2.1279191375858446e-05,robust,DEGRADED,0.004361855519585456,0.006705282965197056,0.00045075958777465177,154,,,0.026040124863037084,0.027100224586486865,1770134193.550454
237,0.9675753116607666,0.9578937450002909,2.1166000000016894e-05,2.1256553100690137e-05,robust,DEGRADED,0.0024203916651189816,0.005991723697942229,0.00036029295769530735,154,,,0.022768698306671054,0.032445854339233415,1770134193.5516999
238,0.9479978084564209,0.955914557691517,2.1374999999990152e-05,2.128024248055014e-05,robust,DEGRADED,-0.0019791873087738887,0.005160147308840485,0.0002455645930544703,154,,,0.05045143150292963,0.05202356654357909,1770134193.5529442
239,0.9722604751586914,0.959183741184952,2.1250000000083702e-05,2.1274193984456855e-05,robust,DEGRADED,0.0032691834934349684,0.002579719024965524,0.000349256525975572,154,,,0.04697876429367076,0.027760774841308677,1770134193.5541928
240,0.9255902767181396,0.9524650482915895,2.2332999999985503e-05,2.1485955187562586e-05,robust,DEGRADED,-0.006718692893362466,0.0024016063020745816,0.00027071009520061027,154,,,0.027570369350433444,0.07443205628186034,1770134193.555541
241,0.9712870717048645,0.9562294529742446,2.1665999999864738e-05,2.1521964150023016e-05,robust,DEGRADED,0.0037644046826550426,0.0023025873178312106,0.00015121992781452764,154,,,0.036307266437347385,0.028734594295135363,1770134193.556841
242,0.9847341775894165,0.961930397897279,2.1625000000025096e-05,2.1542571320023434e-05,robust,DEGRADED,0.005700944923034412,0.0029811519792964413,0.0008073305793976137,154,,,0.10053269134539788,0.015287447410583521,1770134193.558124
243,0.9896911382675171,0.9674825459713267,2.199999999996649e-05,2.1634057056012045e-05,robust,DEGRADED,0.005552148074047691,0.0044347605309546624,0.00231359765596193,154,,,0.02205125556964105,0.010330861732482877,1770134193.559405
244,0.9747658371925354,0.9689392042155685,2.199999999996649e-05,2.1707245644802934e-05,robust,DEGRADED,0.001456658244241793,0.005603688931635953,0.0019510926061232948,154,,,0.10552834725189197,0.025256162807464566,1770134193.560689
245,0.9688632488250732,0.9689240131374695,2.1499999999896602e-05,2.166579651582167e-05,robust,DEGRADED,-1.5191078098997224e-05,0.005749529804750335,0.0032917929691759886,154,,,0.05290011654281623,0.031158251174926654,1770134193.5619662
246,0.9880240559577942,0.9727440217015344,2.1665999999864738e-05,2.1665837212630284e-05,robust,DEGRADED,0.0038200085640649473,0.0065371258752730185,0.0033029137454579694,154,,,0.046857647655486945,0.011997610042205675,1770134193.56329
247,0.9771625399589539,0.9736277253530183,2.158399999996341e-05,2.164946977009691e-05,robust,DEGRADED,0.0008837036514839358,0.007180224752118612,0.002339465491147874,154,,,0.15945738949603272,0.022859044041046106,1770134193.5645912
248,0.9724185466766357,0.9733858896177419,2.154200000004103e-05,2.1627975816085736e-05,robust,DEGRADED,-0.0002418357352764744,0.007188149442781788,0.0011806687292830408,154,,,0.09768881692922982,0.0276029953233643,1770134193.565876
249,0.9907500147819519,0.9768587146505839,2.1666999999947478e-05,2.1635780652858083e-05,robust,DEGRADED,0.003472825032842075,0.007582154478945213,0.0015839020870030973,154,,,0.10243062144433579,0.009271652218048043,1770134193.567156
250,0.9403812289237976,0.9695632175052268,2.1916999999982423e-05,2.1692024522282952e-05,robust,DEGRADED,-0.007295497145357155,0.005762938045961029,0.00012784087355146578,154,,,0.07236890643328864,0.059640688076202375,1770134193.568469
251,0.9437605142593384,0.9644026768560492,2.1916999999982423e-05,2.1737019617822848e-05,robust,DEGRADED,-0.005160540649177592,0.004289493128935567,-0.001668268969097042,154,,,0.11166500885009767,0.056261402740661604,1770134193.569757
252,0.9540143013000488,0.9623250017448493,2.3875000000117552e-05,2.216461569428179e-05,robust,DEGRADED,-0.002077675111199939,0.004218270713307888,-0.002260544721633817,154,,,0.1439409536476135,0.04600957369995129,1770134193.5751302
253,0.9791972041130066,0.9656994422184807,2.2833999999916088e-05,2.229849255540865e-05,robust,DEGRADED,0.003374440473631446,0.004349187763680726,-0.0015372894798522329,154,,,0.07306874024218746,0.020825629886993324,1770134193.580389
254,0.9828420281410217,0.9691279594029889,2.250000000003638e-05,2.2338794044334196e-05,robust,DEGRADED,0.0034285171845082063,0.004346483762366278,-0.0015461510495190067,154,,,0.026637604682922422,0.017180471858978308,1770134193.58562
255,0.9688834547996521,0.9690790584823216,2.2167000000017367e-05,2.230443523547083e-05,robust,DEGRADED,-4.890092066733853e-05,0.004344085684980835,-9.683180458104345e-05,154,,,0.06778763359869378,0.031138712200347918,1770134193.5869389
256,0.9584189653396606,0.9669470398537895,2.2916999999900156e-05,2.2426948188356697e-05,robust,DEGRADED,-0.002132018628532073,0.004283071785147955,0.0005088725995480603,154,,,0.09417354298037717,0.041603951660339256,1770134193.5882921
257,0.9795765280723572,0.9694729374975031,2.1625000000025096e-05,2.226655855069038e-05,robust,DEGRADED,0.0025258976437135816,0.004017132021656422,0.0014295871505307645,154,,,0.07727745655841067,0.020445096927642847,1770134193.589586
258,0.9520549774169922,0.9659893454814009,2.2042000000110917e-05,2.2221646840574487e-05,robust,DEGRADED,-0.003483592016102155,0.0037561743849314267,5.798065258404428e-05,154,,,0.025029442645843503,0.04796706458300792,1770134193.590904
259,0.9735636711120605,0.9675042106075329,2.1749999999931546e-05,2.2127317472445898e-05,robust,DEGRADED,0.00151486512613197,0.002304486320213782,-0.00032474975909120297,154,,,0.16025841075897218,0.026458078887939385,1770134193.596063
260,0.978710949420929,0.9697455583702121,2.1583000000102714e-05,2.2018453977977262e-05,robust,DEGRADED,0.0022413477626792577,0.0023252356874866723,0.0001332999775781163,154,,,0.03232617184066777,0.021310633579071148,1770134193.597355
261,0.9889083504676819,0.9735781167897062,2.1708000000009164e-05,2.1956363182383643e-05,robust,DEGRADED,0.0038325584194940365,0.00285719739281798,0.0013262153871833383,154,,,0.057106035068878125,0.011113357532318124,1770134193.598654
262,0.9468953609466553,0.968241565621096,2.1416999999912534e-05,2.1848490545889423e-05,robust,DEGRADED,-0.005336551168610204,0.0021590894933800073,-0.00024627437528141894,154,,,0.08802158059310927,0.05312605605334464,1770134193.599945
263,0.9567229151725769,0.9659378355313922,2.154200000004103e-05,2.1787192436719747e-05,robust,DEGRADED,-0.0023037300897037483,0.0021287129136228016,-1.0301990001737593e-05,154,,,0.055338601932708675,0.04329862682742314,1770134193.6012318
264,0.9767447710037231,0.9680992226258585,2.1333999999928466e-05,2.1696553949361493e-05,robust,DEGRADED,0.0021613870944662272,0.002123745652842679,0.00011900240366511384,154,,,0.04365223609197999,0.023276562996276784,1770134193.6063948
265,0.9716281890869141,0.9688050159180697,2.1125000000177252e-05,2.1582243159524645e-05,robust,DEGRADED,0.0007057932922112098,0.0021173324869241954,-0.00018810849042849576,154,,,0.0986022701568603,0.028392935913086115,1770134193.611555
266,0.9772878885269165,0.9705015904398391,2.133300000006777e-05,2.153239452763327e-05,robust,DEGRADED,0.0016965745217694117,0.002136468593384878,-0.0006153052699734207,154,,,0.05941932075119016,0.022733444473083564,1770134193.61283
267,0.961819589138031,0.9687651901794775,2.1209000000022016e-05,2.1467715622111018e-05,robust,DEGRADED,-0.0017364002603615925,0.002124279160216717,0.0001047249116763016,154,,,0.03271723335684196,0.038201619861969016,1770134193.614111
268,0.9466334581375122,0.9643388437710845,2.1207999999939275e-05,2.141577249767667e-05,robust,DEGRADED,-0.0044263464083930115,0.0023786673052017733,-0.00031979835206155107,154,,,0.021827857593536226,0.05338774986248773,1770134193.615391
269,0.9542544484138489,0.9623219646996374,2.10409999998884e-05,2.1340817998119018e-05,robust,DEGRADED,-0.0020168790714470974,0.003026673709288066,-0.001155451585244216,154,,,0.04534108591098018,0.04576659258615101,1770134193.616666
270,0.9322832822799683,0.9563142282157036,2.0916999999842645e-05,2.1256054398463745e-05,robust,DEGRADED,-0.006007736483933823,0.0045604539655456754,-0.0024981575404732226,154,,,0.046739201877410874,0.06773763472003158,1770134193.617941
271,0.9755581021308899,0.9601630029987409,2.1665999999864738e-05,2.1338043518743945e-05,robust,DEGRADED,0.0038487747830373564,0.004302859530903566,-0.0020677174882196337,154,,,0.10584230807876605,0.024463563869109972,1770134193.623159
272,0.9341602921485901,0.9549624608287108,2.254199999995876e-05,2.157883481498691e-05,robust,DEGRADED,-0.005200542170030076,0.005167414335435585,-0.00276054587015333,154,,,0.07345974864196769,0.06586224985140987,1770134193.6244748
273,0.9518831968307495,0.9543466080291186,2.2417000000052312e-05,2.174646785199999e-05,robust,DEGRADED,-0.0006158527995921981,0.005860922797705073,-0.0019984471483931675,154,,,0.05666895104617309,0.04813922016925054,1770134193.625851
274,0.9600780010223389,0.9554928866277628,2.262499999994283e-05,2.1922174281588562e-05,robust,DEGRADED,0.0011462785986441348,0.005953845817487551,-0.0013658156143749212,154,,,0.049708470489685075,0.039944623977661076,1770134193.627247
275,0.9414089918136597,0.9526761076649423,2.2167000000017367e-05,2.1971139425274325e-05,robust,DEGRADED,-0.0028167789628205098,0.005968502907297507,-0.0007276241101522585,154,,,0.10389792565936284,0.05861317518634035,1770134193.628614
276,0.9112937450408936,0.9443996351401326,2.3457999999809687e-05,2.22685115401814e-05,robust,DEGRADED,-0.008276472524809675,0.0064851804163636685,-0.0031526735717216647,154,,,0.11232446661721807,0.08872971295910625,1770134193.634094
277,0.9496175646781921,0.9454432210477446,2.358299999993818e-05,2.2531409232132758e-05,robust,DEGRADED,0.001043585907611999,0.0061559678657968206,-0.0019038479561932498,154,,,0.04536479814129635,0.0504060183218078,1770134193.635551
278,0.989205539226532,0.9541956846835021,2.1666000000086783e-05,2.2358327385723564e-05,robust,DEGRADED,0.008752463635757546,0.005320103523855776,-3.0184669123300978e-05,154,,,0.029312290931701623,0.010816126773468104,1770134193.641174
279,0.9810152053833008,0.9595595888234619,2.133300000006777e-05,2.2153261908592405e-05,robust,DEGRADED,0.005363904139959796,0.0049406512328460245,0.0008133404391398313,154,,,0.1507888174017027,0.019006127616699287,1770134193.642535
280,0.9746306538581848,0.9625738018304066,2.1791999999853928e-05,2.208100952684471e-05,robust,DEGRADED,0.0030142130069447104,0.00558031764235218,0.0019795388330928754,154,,,0.0713277151262206,0.02539113814181504,1770134193.6438441
281,0.9876899123191833,0.967597023928162,2.145799999997422e-05,2.1956407621470612e-05,robust,DEGRADED,0.005023222097755409,0.006686555585761899,0.0046394777576058924,154,,,0.09907336164129621,0.012331545680816625,1770134193.6451561
282,0.9732837677001953,0.9687343726825688,2.1709000000091905e-05,2.1906926097194872e-05,robust,DEGRADED,0.0011373487544067418,0.007831542109568046,0.004658230326964841,154,,,0.0487289704549867,0.02673794129980478,1770134193.646466
283,0.9716132283210754,0.9693101438102701,2.1708000000009164e-05,2.186714087775773e-05,robust,DEGRADED,0.0005757711277013522,0.008662250354122797,0.003022891825353602,154,,,0.07950352883148182,0.02840847967892457,1770134193.651653
284,0.9863145351409912,0.9727110220764145,2.1792000000075973e-05,2.185211270222138e-05,robust,DEGRADED,0.003400878266144325,0.009648255417163354,0.0026302866505905076,154,,,0.06772525718670663,0.013707256859008865,1770134193.652975
285,0.9692784547805786,0.9720245086172474,2.2042000000110917e-05,2.1890090161799287e-05,robust,DEGRADED,-0.0006865134591670374,0.009976143787819655,0.001890141357368158,154,,,0.08695488382376104,0.030743587219421498,1770134193.65431
286,0.9752138257026672,0.9726623720343314,2.254199999995876e-05,2.202047212943118e-05,robust,DEGRADED,0.0006378634170839392,0.008595210755750248,0.0010130696212338642,154,,,0.028926791786560102,0.024808716297332722,1770134193.655712
287,0.973736584186554,0.9728772144647759,2.2625000000164874e-05,2.214137770357792e-05,robust,DEGRADED,0.00021484243044456175,0.0060956043613999995,0.0008285683564414281,154,,,0.0801959895015869,0.02628604081344621,1770134193.6570811
288,0.9590057730674744,0.9701029261853157,2.237500000012993e-05,2.2188102162888326e-05,robust,DEGRADED,-0.0027742882794602464,0.004298754110137322,0.0001585564750091084,154,,,0.04104314167404177,0.041016601932525765,1770134193.658425
289,0.9700879454612732,0.9700999300405072,2.1792000000075973e-05,2.2108881730325857e-05,robust,DEGRADED,-2.9961448084758757e-06,0.0029944136071933707,-0.0005222184071814517,154,,,0.04332495733642583,0.029933846538726883,1770134193.6597528
290,0.9735824465751648,0.9707964333474387,2.2083000000172603e-05,2.2103705384295206e-05,robust,DEGRADED,0.0006965033069314952,0.00174753326654271,-0.0002456150539617452,154,,,0.07575963586062628,0.026439636424835378,1770134193.661084
291,0.9529702067375183,0.9672311880254547,2.1667000000169523e-05,2.201636430747007e-05,robust,DEGRADED,-0.0035652453219839897,0.0018144803027581144,-0.001086236801775331,154,,,0.05146689220809941,0.04705146026248186,1770134193.6624498
292,0.9761558771133423,0.9690161258430322,2.1792000000075973e-05,2.197149144599125e-05,robust,DEGRADED,0.0017849378175774921,0.0017864081881138066,-0.0007722177243487449,154,,,0.13504654008865358,0.02386591488665779,1770134193.663775
293,0.9574310183525085,0.9666991043449276,2.1666999999947478e-05,2.1910593156782496e-05,robust,DEGRADED,-0.0023170214981046433,0.0021264631089499947,-0.0006807643680776243,154,,,0.05861326227951058,0.0425906486474914,1770134193.665102
294,0.9838555455207825,0.9701303925800986,2.1916999999982423e-05,2.1911874525422484e-05,robust,DEGRADED,0.003431288235171026,0.001984901188770213,6.092507918276091e-06,154,,,0.033812694309234725,0.01616637147921751,1770134193.6664472
295,0.9714057445526123,0.9703854629746014,2.1666999999947478e-05,2.1862899620327484e-05,robust,DEGRADED,0.0002550703945027877,0.001889902056863476,-8.219407456746541e-05,154,,,0.016604702339355626,0.028615922447387643,1770134193.667789
296,0.9265959858894348,0.9616275675575681,2.1916999999982423e-05,2.1873719696258473e-05,robust,DEGRADED,-0.008757895417033312,0.002941981384512963,-0.00112072409357733,154,,,0.06433693534051499,0.07342593111056517,1770134193.6691551
297,0.9435905814170837,0.9580201703294712,2.1792000000075973e-05,2.1857375757021975e-05,robust,DEGRADED,-0.003607397228096887,0.004085729135686204,-0.0021991911027122056,154,,,0.06942261865597521,0.056431210582916336,1770134193.670482
298,0.9681982398033142,0.9600557842242399,2.1625000000025096e-05,2.18109006056226e-05,robust,DEGRADED,0.0020356138947686953,0.004513187874803028,-0.0013286640241375381,154,,,0.10637011902218618,0.031823385196685816,1770134193.671838
299,0.9903950691223145,0.9661236412038549,2.204100000025022e-05,2.1856920484548127e-05,robust,DEGRADED,0.006067856979614983,0.004342164036067322,-0.0008013502752487467,154,,,0.02990967407644618,0.009626971877685797,1770134193.677082
300,0.9998293519020081,0.9728647833434855,2.1875000000282085e-05,2.186053638769492e-05,robust,DEGRADED,0.006741142139630618,0.004606517485760029,0.0004958640737768194,154,,,0.002700165550414635,0.00019252309799222544,1770134193.6788301
301,0.9990929961204529,0.9781104258988791,2.200000000041058e-05,2.1888429110238053e-05,robust,DEGRADED,0.005245642555393615,0.005838009832150393,0.003296571668262205,154,,,0.0036425149843140048,0.0009290038795475297,1770134193.680183
302,0.99824059009552,0.9821364587382073,2.2082999999728514e-05,2.1927343288136147e-05,robust,DEGRADED,0.004026032839328231,0.007353209487353083,0.004823257681747228,154,,,0.0028648883932191893,0.001781492904479709,1770134193.681539
303,0.9984863996505737,0.9854064469206807,2.2332999999985503e-05,2.200847463050602e-05,robust,DEGRADED,0.003269988182473371,0.008854198325739446,0.005070132539288163,154,,,0.0017312442588806043,0.001535933349426255,1770134193.68289
304,0.9970671534538269,0.98773858822731,2.224999999977939e-05,2.2056779704360697e-05,robust,DEGRADED,0.0023321413066292873,0.010249315956158384,0.004322989404691025,154,,,0.0028576354637146473,0.002955096546172875,1770134193.68465
305,0.9990255832672119,0.9899959872352904,2.220799999985701e-05,2.208702376345996e-05,robust,DEGRADED,0.0022573990079803874,0.011504744097054221,0.003426240778360978,154,,,0.0024763971325074685,0.000996624732787943,1770134193.686003
306,0.9997870326042175,0.9919541963090758,2.249999999959229e-05,2.216961901068643e-05,robust,DEGRADED,0.0019582090737854108,0.011782537997944804,0.0027687540820393376,154,,,0.001582655670165689,0.000235467395782063,1770134193.68736
307,0.9992442727088928,0.9934122115890393,2.250000000003638e-05,2.223569520855642e-05,robust,DEGRADED,0.001458015279963476,0.010747627869000883,0.0022551505701663864,154,,,0.0008236411703186342,0.0007782272911072141,1770134193.6888099
308,0.9992368221282959,0.9945771336968906,2.1874999999837996e-05,2.2163556166812736e-05,robust,DEGRADED,0.0011649221078513516,0.008926481180934741,0.0018341373552419825,154,,,0.0013059895137637056,0.0007850528717039396,1770134193.69019
309,0.9978876709938049,0.9952392411562735,2.195900000012685e-05,2.212264493347556e-05,robust,DEGRADED,0.000662107459382888,0.007108419549014153,0.0015001305857927027,154,,,0.004648407760253548,0.002134288006195195,1770134193.691536
310,0.9989539384841919,0.9959821806218572,2.2125000000094985e-05,2.2123115946799445e-05,robust,DEGRADED,0.0007429394655836807,0.005710457227714205,0.0011972386773133614,154,,,0.002332828380401608,0.0010681865158082005,1770134193.692874
311,0.9980328679084778,0.9963923180791813,2.1792000000075973e-05,2.205689275745475e-05,robust,DEGRADED,0.0004101374573241001,0.004605290269649857,0.0008876243540210993,154,,,0.0014599135669555174,0.0019889240915222928,1770134193.694201
312,0.9985331296920776,0.9968204804017606,2.2040999999806132e-05,2.2053714205925026e-05,robust,DEGRADED,0.0004281623225793618,0.0037083071724786387,0.0006816537625442765,154,,,0.005133341033752625,0.0014889113079221694,1770134193.695533
313,0.9982385039329529,0.9971040851079991,2.1832999999915614e-05,2.2009571364723145e-05,robust,DEGRADED,0.00028360470623844947,0.002980239688261548,0.000505390282221696,154,,,0.0016532700346068019,0.0017833290670470348,1770134193.696873
314,0.9972792267799377,0.9971391134423869,2.1541999999818984e-05,2.1916057091742316e-05,robust,DEGRADED,3.502833438784325e-05,0.0022826139080211,0.00037997445722268706,154,,,0.0028771324382934615,0.002742315220062075,1770134193.698217
315,0.9998372197151184,0.9976787346969332,2.145800000041831e-05,2.1824445673477513e-05,robust,DEGRADED,0.0005396212545463186,0.0017453196241419965,0.00033931081501521466,154,,,0.0013146266290586794,0.0001842382848820101,1770134193.699539
316,0.997788667678833,0.9977007212933133,2.120800000016132e-05,2.1701156538814278e-05,robust,DEGRADED,2.198659638008582e-05,0.0013392481206468603,0.0002616806428264118,154,,,0.0006319150278013552,0.0022325403211671535,1770134193.700865
317,0.9984956979751587,0.9978597166296824,2.1250000000083702e-05,2.1610925231068164e-05,robust,DEGRADED,0.00015899533636909435,0.0010440118501097596,0.0002078472455843583,154,,,0.0009185899044190649,0.0015255520248413923,1770134193.702189
318,0.9994630813598633,0.9981803895757186,2.1791999999631884e-05,2.164714018478091e-05,robust,DEGRADED,0.00032067294603621566,0.0008747057606356793,0.00021526089354391155,154,,,0.002254865505035397,0.0005587106401363506,1770134193.703545
319,0.9972181916236877,0.9979879499853125,2.1790999999993232e-05,2.1675912147823373e-05,robust,DEGRADED,-0.0001924395904061571,0.0006868784909232232,0.00016976730858511146,154,,,0.005433127769104207,0.002803599376312249,1770134193.704878
320,0.9985787868499756,0.9981061173582452,2.1333999999928466e-05,2.160752971824439e-05,robust,DEGRADED,0.00011816737293268709,0.0005697048511974107,8.547653226238516e-05,154,,,0.0018543761060789699,0.0014425471500243425,1770134193.7062001
321,0.996810793876648,0.9978470526619257,2.1875000000282085e-05,2.166102377465193e-05,robust,DEGRADED,-0.0002590646963194221,0.0004400379838428523,2.9266273722483584e-05,154,,,0.0017048162384032395,0.003211081123352333,1770134193.70753
322,0.9987202882766724,0.9980216997848752,2.1499999999896602e-05,2.1628819019700866e-05,robust,DEGRADED,0.00017464712294945617,0.0003550029869706361,3.239663103855594e-05,154,,,0.005409215492615083,0.0013012117233275333,1770134193.70886
323,0.9978275299072266,0.9979828658093455,2.1374999999768107e-05,2.1578055215714314e-05,robust,DEGRADED,-3.883397552972845e-05,0.00028248797187830304,-3.9504753274632876e-05,154,,,0.0035544325982970193,0.0021938450927732056,1770134193.710185
324,0.9992207288742065,0.9982304384223177,2.1499999999896602e-05,2.1562444172550775e-05,robust,DEGRADED,0.00024757261297225774,0.00017813402572787446,4.8497687401050096e-05,154,,,0.0036030991744997465,0.0008007711257933536,1770134193.711513
325,0.9988231062889099,0.9983489719956362,2.1625000000025096e-05,2.1574955338045638e-05,robust,DEGRADED,0.00011853357331848002,0.00018578557581421475,4.857092747820868e-05,154,,,0.0012258755455021308,0.001198518711090113,1770134193.712862
326,0.9994496703147888,0.9985691116594667,2.1416000000051838e-05,2.154316427044688e-05,robust,DEGRADED,0.00022013966383049866,0.0002139831469340549,0.00014441179950819283,154,,,0.002038072830566229,0.0005717456852112335,1770134193.714192
327,0.9991925358772278,0.998693796503019,2.1541999999818984e-05,2.15429314163213e-05,robust,DEGRADED,0.00012468484355232512,0.00025705474824034305,0.00013441934362876662,154,,,0.0022551401329038434,0.0008290061227720358,1770134193.715522
328,0.9988427758216858,0.9987235923667523,2.1250000000083702e-05,2.148434513307378e-05,robust,DEGRADED,2.9795863733306227e-05,0.00030140713768873027,0.00014814531148137354,154,,,0.003986178458984302,0.0011784741783142927,1770134193.71724
329,0.9986711740493774,0.9987131087032775,2.195900000012685e-05,2.1579276106484394e-05,robust,DEGRADED,-1.0483663474891713e-05,0.0003162269285356111,9.653405619194366e-05,154,,,0.004350566047851334,0.0013507849506226854,1770134193.7189682
330,0.9977245926856995,0.9985154054997618,2.1292000000006084e-05,2.152182088518873e-05,robust,DEGRADED,-0.0001977032035156423,0.0003118768749227808,3.3286700825119196e-05,154,,,0.0022156820905760988,0.002296699314300543,1770134193.720299
331,0.9978652000427246,0.9983853644083545,2.1542000000263073e-05,2.15258567082036e-05,robust,DEGRADED,-0.00013004109140735132,0.0002600509830313379,-3.6749450222450795e-05,154,,,0.0009921116868896185,0.0021563419572756537,1770134193.721636
332,0.9995116591453552,0.9986106233557547,2.120899999979997e-05,2.1462485366522875e-05,robust,DEGRADED,0.0002252589474002198,0.00022828030286637613,-1.663462945287186e-05,154,,,0.0044746981275634035,0.0005095498546445754,1770134193.722966
333,0.9995877146720886,0.9988060416190215,2.1416000000051838e-05,2.1453188293228668e-05,robust,DEGRADED,0.00019541826326685552,0.0001780216618486638,1.6489850453837996e-05,154,,,0.0019311657257077286,0.0004337013279114288,1770134193.7242959
334,0.9985888004302979,0.9987625933812768,2.1584000000185455e-05,2.1479350634620028e-05,robust,DEGRADED,-4.344823774471429e-05,0.000148798126003833,9.896935599873479e-06,154,,,0.003123854667663295,0.001432783569702334,1770134193.7256398
335,0.9984620213508606,0.9987024789751936,2.1375000000212196e-05,2.145848050773846e-05,robust,DEGRADED,-6.0114406083222605e-05,0.00012136973070343638,3.741469508635742e-05,154,,,0.002495954711731141,0.0015593536491396165,1770134193.7269728
336,0.9976558685302734,0.9984931568862095,2.2125000000094985e-05,2.1591784406209766e-05,robust,DEGRADED,-0.00020932208898405413,0.00012826315659484873,2.1558495571016856e-05,154,,,0.00220473220806916,0.0023662564697266575,1770134193.728312
337,0.998490035533905,0.9984925326157487,2.1666999999947478e-05,2.1606827524957307e-05,robust,DEGRADED,-6.242704608805383e-07,0.0001340015855611508,-2.361814800120321e-05,154,,,0.004927962032501121,0.0015316314660949182,1770134193.729646
338,0.9988605380058289,0.9985661336937648,2.1332999999845725e-05,2.155206201993499e-05,robust,DEGRADED,7.360107801612781e-05,0.0001301573536272033,-4.798158505134875e-05,154,,,0.003285573650360085,0.0011607949941709883,1770134193.7309802
339,0.9993487596511841,0.9987226588852487,2.1166000000238938e-05,2.147484961599578e-05,robust,DEGRADED,0.00015652519148390276,0.00013098139536871627,-7.986899205625343e-06,154,,,0.0013835006448670306,0.0006724063488161569,1770134193.732312
340,0.998613178730011,0.9987007628542013,2.145799999997422e-05,2.1471479692791468e-05,robust,DEGRADED,-2.1896031047408115e-05,0.00013000375757239298,-3.43224198462444e-07,154,,,0.006054298423400883,0.001408279269988988,1770134193.7336478
341,0.9978238940238953,0.9985253890881401,2.1499999999896602e-05,2.1477183754212497e-05,robust,DEGRADED,-0.00017537376606113764,0.00010943515275977874,6.446440386120855e-06,154,,,0.0020432458532408937,0.002197605976104633,1770134193.735017
342,0.9996329545974731,0.9987469021900067,2.1374999999768107e-05,2.145674700332362e-05,robust,DEGRADED,0.00022151310186657724,0.00011355567259286392,5.087391485161241e-05,154,,,0.006389860759551613,0.0003884204025266236,1770134193.736758
343,0.9979617595672607,0.9985898736654576,2.1541000000180333e-05,2.1473597602694966e-05,robust,DEGRADED,-0.00015702852454912986,0.00010215113960882865,4.7479943385608795e-06,154,,,0.0027270547334592443,0.002059781432739438,1770134193.7381089
344,0.9995104670524597,0.998773992342858,2.1250000000083702e-05,2.1428878082172713e-05,robust,DEGRADED,0.00018411867740042442,0.00010367385912745176,1.0266691521865211e-05,154,,,0.0035872619436339015,0.0005107829475403669,1770134193.7394502
345,0.9996243119239807,0.9989440562590826,2.120800000016132e-05,2.1384702465770435e-05,robust,DEGRADED,0.00017006391622453876,0.00013941097084270977,4.865868097625459e-05,154,,,0.002243040622528447,0.00039689607601944843,1770134193.7407842
346,0.9976031184196472,0.9986758686911955,2.1499999999896602e-05,2.140776197259567e-05,robust,DEGRADED,-0.000268187567887046,0.00012847516124250418,3.009592061107291e-05,154,,,0.004598568160827821,0.00241838158035268,1770134193.742124
347,0.9994469285011292,0.9988300806531824,2.1416000000051838e-05,2.1409409578086905e-05,robust,DEGRADED,0.00015421196198683873,0.00012050688148403991,1.663569263512521e-05,154,,,0.0034998883251038393,0.0005744874988709014,1770134193.743469
348,0.9988587498664856,0.9988358144958431,2.1874999999837996e-05,2.1502527662437126e-05,robust,DEGRADED,5.733842660782251e-06,0.00011592572840488385,4.918816607710763e-05,154,,,0.005795000381469517,0.0011631251335142423,1770134193.744809
349,0.9988119006156921,0.9988310317198129,2.1374999999768107e-05,2.1477022129903322e-05,robust,DEGRADED,-4.7827760302210365e-06,0.0001193242590591554,1.140787539097854e-05,154,,,0.00343202226257322,0.0012094743843076294,1770134193.746149
350,0.9990597367286682,0.9988767727215839,2.1124999999955207e-05,2.1406617703913703e-05,robust,DEGRADED,4.574100177101581e-05,0.00012432183449243296,-1.3456707499726051e-05,154,,,0.0035511063196103088,0.0009613882713317423,1770134193.747492
351,0.9988476037979126,0.9988709389368498,2.1375000000212196e-05,2.1400294163173402e-05,robust,DEGRADED,-5.833784734177172e-06,9.890685622992558e-05,3.9014049130847715e-05,154,,,0.005482564647491195,0.0011737712020876145,1770134193.748866
352,0.9990988969802856,0.998916530545537,2.1250000000083702e-05,2.1370235330555465e-05,robust,DEGRADED,4.559160868722323e-05,0.00010322071703928063,1.7289978470924615e-05,154,,,0.0016050559002076525,0.0009223530197144392,1770134193.750209
353,0.9992938041687012,0.9989919852701699,2.1374999999768107e-05,2.1371188264397994e-05,robust,DEGRADED,7.545472463288405e-05,8.451215020414123e-05,3.1234154865344974e-05,154,,,0.002564941913604457,0.0007275708312985962,1770134193.751559
354,0.9993729591369629,0.9990681800435286,2.1374999999768107e-05,2.137195061147202e-05,robust,DEGRADED,7.619477335873981e-05,0.0001009079695413214,4.7429664743137145e-05,154,,,0.004761307445709129,0.0006484158630368775,1770134193.752906
355,0.9988961815834045,0.9990337803515038,2.1375000000212196e-05,2.1372560489220054e-05,robust,DEGRADED,-3.43996920247891e-05,0.00010946412323908973,3.140152598397616e-05,154,,,0.004526655773162691,0.0011251934165956712,1770134193.754254
356,0.9994640946388245,0.999119843208968,2.1416000000051838e-05,2.1381248391386412e-05,robust,DEGRADED,8.60628574641531e-05,0.00010214554234623169,4.978085442364222e-05,154,,,0.0033133972055359173,0.000557321361175589,1770134193.7556102
357,0.9983884692192078,0.998973568411016,2.141700000013458e-05,2.1388398713136047e-05,robust,DEGRADED,-0.00014627479795192855,9.593824345299755e-05,1.1407573095811863e-05,154,,,0.0025020821762082868,0.001632947780792371,1770134193.756982
358,0.9995430111885071,0.9990874569665144,2.145799999997422e-05,2.1402318970503682e-05,robust,DEGRADED,0.00011388855549832044,9.520336968889495e-05,1.909433926889914e-05,154,,,0.0016519715463561013,0.00047844681149289414,1770134193.7587268
359,0.9979507923126221,0.998860124035736,2.3667000000227034e-05,2.185525517644835e-05,robust,DEGRADED,-0.0002273329307783678,9.10521382904793e-05,-4.161120155852238e-05,154,,,0.0005023562278747562,0.0020728746873781567,1770134193.760113
360,0.9984733462333679,0.9987827684752624,2.1666999999947478e-05,2.1817604141148178e-05,robust,DEGRADED,-7.735556047361314e-05,0.00010500011186834718,-5.020237524828719e-05,154,,,0.00540314037704448,0.0015483207666320276,1770134193.761942
361,0.9992824196815491,0.9988826987165198,2.120800000016132e-05,2.169568331295081e-05,robust,DEGRADED,9.993024125742878e-05,0.00010393875660520117,-4.7428898489632054e-05,154,,,0.0036876011886595172,0.0007387883184510891,1770134193.763304
362,0.9981634020805359,0.9987388393893231,2.1542000000263073e-05,2.1664946650413265e-05,robust,DEGRADED,-0.0001438593271967381,0.00012492131854841782,-4.6945804338593965e-05,154,,,0.005500166622344871,0.0018581399194643744,1770134193.764678
363,0.9983381032943726,0.9986586921703331,2.1332999999845725e-05,2.159855732029976e-05,robust,DEGRADED,-8.014721898996768e-05,0.00015187443060985547,-8.575295923625159e-05,154,,,0.002503483501617332,0.0016832297056272871,1770134193.766038
364,0.9990851879119873,0.998743991318664,2.1374999999768107e-05,2.155384585619343e-05,robust,DEGRADED,8.529914833088625e-05,0.00015151112951354028,-2.322654341440078e-05,154,,,0.001452194381713845,0.0009361870880124634,1770134193.767783
365,0.9989796280860901,0.9987911186721493,2.1667000000391567e-05,2.1576476685033058e-05,robust,DEGRADED,4.712735348533226e-05,0.00014556352566468417,1.6700393773882993e-06,154,,,0.0022297251588745404,0.0010420389139103037,1770134193.769144
366,0.9965609312057495,0.9983450811788693,2.1583999999741366e-05,2.1577981347974718e-05,robust,DEGRADED,-0.00044603749327998266,0.000188558619353415,-0.00010752350753009398,154,,,0.0024488962284241467,0.0034606527942502296,1770134193.7705019
367,0.998616099357605,0.9983992848146165,2.2667000000087256e-05,2.1795785078397227e-05,robust,DEGRADED,5.4203635747152035e-05,0.00020914791223486216,-6.791091494131595e-05,154,,,0.003030443305969577,0.0014065676423951068,1770134193.77198
368,0.9984576106071472,0.9984109499731227,2.2083000000172603e-05,2.1853228062752306e-05,robust,DEGRADED,1.1665158506257711e-05,0.00019087542662503713,-4.954843944207088e-05,154,,,0.00406784068298327,0.0015644723928529558,1770134193.773462
369,0.9976868629455566,0.9982661325676095,2.1792000000075973e-05,2.184098245021704e-05,robust,DEGRADED,-0.00014481740551319788,0.0002111263107311785,-9.557175021088771e-05,154,,,0.0013313451156613532,0.0023349290544434353,1770134193.774862
370,0.9994363188743591,0.9985001698289595,2.1374999999768107e-05,2.1747785960127256e-05,robust,DEGRADED,0.00023403726134996194,0.00020381955519815692,-5.818976863796177e-05,154,,,0.0027777712629393214,0.0005850561256406372,1770134193.7762449
371,0.9989885091781616,0.9985978376988001,2.1874999999837996e-05,2.1773228768069405e-05,robust,DEGRADED,9.766786984055642e-05,0.00017675112323038757,5.055130398614605e-05,154,,,0.0011096404649655334,0.001033365821838217,1770134193.777625
372,0.9981128573417664,0.9985008416273934,2.141699999969049e-05,2.1701983014393624e-05,robust,DEGRADED,-9.699607140667421e-05,0.00016468800824448983,2.0311362555380797e-05,154,,,0.001786551811035153,0.001908559658233333,1770134193.7790048
373,0.9986339807510376,0.9985274694521222,2.1542000000263073e-05,2.1669986411567515e-05,robust,DEGRADED,2.6627824728842064e-05,0.00015833186007985307,2.3303895799897666e-05,154,,,0.003173576522827126,0.0013875612489626654,1770134193.780376
374,0.998984158039093,0.9986188071695165,2.170899999986986e-05,2.1677789129227986e-05,robust,DEGRADED,9.133771739422425e-05,0.00014345069977073047,7.05349203813821e-05,154,,,0.0021245767747801736,0.0010375509609068523,1770134193.7817512
375,0.9985431432723999,0.9986036743900932,2.1499999999896602e-05,2.164223130336171e-05,robust,DEGRADED,-1.5132779423221443e-05,0.00011255210036567828,2.0700912226745417e-05,154,,,0.0012246236154478396,0.0014783567275999943,1770134193.78312
376,0.9991405010223389,0.9987110397165424,2.1499999999896602e-05,2.161378504266869e-05,robust,DEGRADED,0.0001073653264491714,0.0001227358947211561,2.264040354846841e-05,154,,,0.004685913593291957,0.0008809989776610294,1770134193.784488
377,0.9982112646102905,0.998611084695292,2.1290999999923343e-05,2.1549228034119622e-05,robust,DEGRADED,-9.995502125037525e-05,0.00011940753961200026,2.2048613579728204e-05,154,,,0.005141316474731816,0.001810026389709396,1770134193.7858791
378,0.9981094002723694,0.9985107478107076,2.1374999999768107e-05,2.151438242724932e-05,robust,DEGRADED,-0.0001003368845844399,0.00011261668654082245,-3.3443282829281882e-06,154,,,0.002524124545868034,0.0019119747276303833,1770134193.787245
379,0.999225914478302,0.9986537811442265,2.1624999999581007e-05,2.153650594171566e-05,robust,DEGRADED,0.0001430333335189493,6.784873803269829e-05,6.994794942016825e-06,154,,,0.0018502271763001232,0.000795710521697579,1770134193.788648
380,0.9989729523658752,0.9987176153885563,2.145900000005696e-05,2.152100475338392e-05,robust,DEGRADED,6.383424432976348e-05,7.233916757443179e-05,2.278819969261381e-05,154,,,0.003429393867492969,0.0010485066341248128,1770134193.790032
381,0.9988812208175659,0.9987503364743582,2.1583000000102714e-05,2.153340380272768e-05,robust,DEGRADED,3.2721085801878935e-05,8.425374447771116e-05,7.859351563155314e-06,154,,,0.004637460807800586,0.0011403621824341847,1770134193.791407
382,0.9994652271270752,0.9988933146049017,2.1541999999818984e-05,2.153512304214594e-05,robust,DEGRADED,0.00014297813054353625,0.00010754621459603878,5.644598192193762e-05,154,,,0.0020237795297544103,0.0005563148729246237,1770134193.792781
383,0.9987173676490784,0.9988581252137371,2.1584000000185455e-05,2.1544898433753845e-05,robust,DEGRADED,-3.5189391164647255e-05,0.00011249827423324847,6.947548060589614e-05,154,,,0.0020423457603455653,0.0013042163509218163,1770134193.794152
384,0.9986370801925659,0.9988139162095029,2.1749999999709502e-05,2.1585918746944978e-05,robust,DEGRADED,-4.4209004234185834e-05,0.0001148588313339185,3.2027013055269116e-05,154,,,0.0017582818372803288,0.0013846698074337915,1770134193.7959108
385,0.9991145730018616,0.9988740475679747,2.1374999999768107e-05,2.1543734997509605e-05,robust,DEGRADED,6.01313584718266e-05,0.00011787439332219747,3.128643588368174e-05,154,,,0.0036247484744875713,0.0009068019981381958,1770134193.797293
386,0.9985467195510864,0.9988085819645971,2.1583000000102714e-05,2.155158799802823e-05,robust,DEGRADED,-6.546560337761242e-05,0.00011915281925546722,1.1649098047783468e-05,154,,,0.001982335696991022,0.001474863448913677,1770134193.7986739
387,0.9978625178337097,0.9986193691384196,2.1250000000083702e-05,2.1491270398439325e-05,robust,DEGRADED,-0.00018921282617745394,0.0001182150748467443,-5.478909329641457e-05,154,,,0.002235507041930873,0.002158732166290367,1770134193.800072
388,0.9990730881690979,0.9987101129445554,2.1583000000102714e-05,2.1509616318772005e-05,robust,DEGRADED,9.074380613571797e-05,8.951498148210831e-05,-2.9602453836341526e-05,154,,,0.0027448345222471637,0.0009484948309022023,1770134193.801444
389,0.9990991950035095,0.9987879293563462,2.1332999999845725e-05,2.147429305498675e-05,robust,DEGRADED,7.781641179083199e-05,8.072535565114857e-05,-5.1973706313379605e-06,154,,,0.00349599665106215,0.0009221379964903242,1770134193.802818
390,0.9985440373420715,0.9987391509534913,2.170800000023121e-05,2.1521034444035643e-05,robust,DEGRADED,-4.877840285488766e-05,7.921655125623396e-05,-2.6979322896680812e-05,154,,,0.004750888446807711,0.001477670657928698,1770134193.8042
391,0.9986768364906311,0.9987266880609194,2.1124999999955207e-05,2.144182755521956e-05,robust,DEGRADED,-1.2462892571951656e-05,8.05720293941547e-05,-1.6378780735548658e-05,154,,,0.0024792125972594725,0.0013442885093688517,1770134193.8056068
392,0.9996225833892822,0.998905867126592,2.1542000000263073e-05,2.1461862044228264e-05,robust,DEGRADED,0.00017917906567266328,8.235695377415125e-05,5.729959763447479e-05,154,,,0.0030391202581481203,0.0003989586107180365,1770134193.8069901
393,0.9972914457321167,0.9985829828476971,2.141700000013458e-05,2.1452889635409527e-05,robust,DEGRADED,-0.00032288427889493043,9.766174878539325e-05,-2.5426019371654895e-05,154,,,0.0026507959974368944,0.0027299712678834354,1770134193.8083808
394,0.9995893239974976,0.9987842510776572,2.1583000000102714e-05,2.1478911708348167e-05,robust,DEGRADED,0.0002012682299601387,9.63251284838244e-05,-7.356557377935502e-07,154,,,0.004341815746490507,0.0004322590025025441,1770134193.809759
395,0.9996614456176758,0.998959689985661,2.1042000000193184e-05,2.139152936671717e-05,robust,DEGRADED,0.0001754389080037555,0.00010952910403069586,4.410780643393508e-05,154,,,0.0035075833475035623,0.00035959638232441193,1770134193.811142
396,0.9988303184509277,0.9989338156787144,2.1375000000212196e-05,2.1388223493416176e-05,robust,DEGRADED,-2.5874306946560566e-05,0.00012067843365617922,4.14255235590133e-05,154,,,0.0009857342224117716,0.0011910565490724778,1770134193.8125188
397,0.9997261762619019,0.999092287795352,2.141699999969049e-05,2.139397879467104e-05,robust,DEGRADED,0.00015847211663755356,0.00014132647568024112,3.728413375199135e-05,154,,,0.00866975000363146,0.000295240738097835,1770134193.813932
398,0.9994345307350159,0.9991607363832848,2.1292000000006084e-05,2.137358303573805e-05,robust,DEGRADED,6.844858793286779e-05,0.00016774952535647327,0.000115550707117551,154,,,0.0019786412090150307,0.0005867612649841369,1770134193.815318
399,0.9987178444862366,0.9990721580038753,2.141699999969049e-05,2.138226642852854e-05,robust,DEGRADED,-8.857837940956514e-05,0.000175773958905318,5.758138524361023e-05,154,,,0.001172183574493335,0.0013035725137631182,1770134193.816714
400,0.9989153742790222,0.9990408012589047,2.1499999999896602e-05,2.1405813142802155e-05,robust,DEGRADED,-3.135674497056762e-05,0.0001721552917994216,1.6222254648745604e-05,154,,,0.003015349353790331,0.0011061257209776798,1770134193.818105
401,0.9986259937286377,0.9989578397528514,2.116699999987759e-05,2.135805051421724e-05,robust,DEGRADED,-8.296150605335839e-05,0.00015885629464216152,4.804814827386039e-06,154,,,0.0005683651275636414,0.0013951732713621823,1770134193.819493
402,0.9980431199073792,0.998774895783757,2.1625000000025096e-05,2.1411440411378816e-05,robust,DEGRADED,-0.0001829439690943513,0.00016706315235520466,-6.347840231899494e-05,154,,,0.0019528967931821128,0.0019785050926208747,1770134193.820881
403,0.9977988004684448,0.9985796767206947,2.1250000000083702e-05,2.1379152329119797e-05,robust,DEGRADED,-0.00019521906306230186,0.00016776313279355537,-0.00011621193251802886,154,,,0.004667292548766966,0.0022224495315552595,1770134193.82227
404,0.9989029765129089,0.9986443366791375,2.1333000000289815e-05,2.13699218633538e-05,robust,DEGRADED,6.465995844284755e-05,0.00018477531622825417,-8.556426494754632e-05,154,,,0.0034447954937131264,0.0011183564870913543,1770134193.8236558
405,0.9972113370895386,0.9983577367612178,2.116700000032168e-05,2.1329337490747376e-05,robust,DEGRADED,-0.0002865999179197942,0.000249339922501597,-0.00013661289953739164,154,,,0.004421536575133889,0.0028098299104617475,1770134193.825061
406,0.9986852407455444,0.9984232375580832,2.1499999999896602e-05,2.1363469992577224e-05,robust,DEGRADED,6.550079686540311e-05,0.0002797152743654689,-0.00010692043895363935,154,,,0.0021401687963562566,0.001336259254455463,1770134193.826448
407,0.999083399772644,0.9985552700009953,2.145799999997422e-05,2.1382375994056625e-05,robust,DEGRADED,0.00013203244291215555,0.0002718761889983448,-4.392515655233797e-05,154,,,0.0052913891563415305,0.0009380582273559313,1770134193.82784
408,0.997549295425415,0.9983540750858793,2.1541999999818984e-05,2.1414300795209096e-05,robust,DEGRADED,-0.00020119491511605414,0.00025940462775523904,-4.512032696308843e-05,154,,,0.004746560703094538,0.00247224657458478,1770134193.8292558
409,0.9983119368553162,0.9983456474397667,2.145799999997422e-05,2.142304063616212e-05,robust,DEGRADED,-8.427646112529885e-06,0.0002392324204978948,-5.973784787416392e-05,154,,,0.0005947164037780617,0.0017095211446838121,1770134193.830654
410,0.9972972273826599,0.9981359634283453,2.145799999997422e-05,2.143003250892454e-05,robust,DEGRADED,-0.00020968401142140713,0.0002274946257777965,-4.43546665744865e-05,154,,,0.0022132030908506017,0.002724230617340062,1770134193.832047
411,0.9992774128913879,0.9983642533209539,2.1374999999768107e-05,2.1419026007093254e-05,robust,DEGRADED,0.00022828989260859078,0.00017503997562176332,-1.1796847425848966e-05,154,,,0.0016113505971984132,0.0007439621086118287,1770134193.8334389
412,0.9975279569625854,0.9981969940492803,2.145800000041831e-05,2.1426820805758266e-05,robust,DEGRADED,-0.00016725927167360322,0.0001534612868227127,-7.165519034300072e-05,154,,,0.0030660497436527656,0.002493501037414969,1770134193.834835
413,0.9989463686943054,0.9983468689782854,2.1290999999923343e-05,2.139965664459128e-05,robust,DEGRADED,0.00014987492900508936,0.00014093603204479835,-1.4412215187720178e-06,154,,,0.003701316047668435,0.0010749223056945034,1770134193.8366148
414,0.9991829991340637,0.9985140950094411,2.641699999994529e-05,2.2403125315662082e-05,robust,DEGRADED,0.00016722603115570944,0.00011961240096662452,3.3689513934875846e-05,154,,,0.003639155426391927,0.0008434178659362246,1770134193.838021
415,0.9979771971702576,0.9984067154416045,2.1250000000083702e-05,2.217250025254641e-05,robust,DEGRADED,-0.0001073795678365741,0.00012044333555478437,5.415040265184245e-05,154,,,0.0032836185110167726,0.0020440528297425153,1770134193.839422
416,0.9993669390678406,0.9985987601668518,2.145799999997422e-05,2.202960020203197e-05,robust,DEGRADED,0.00019204472524725347,0.0001390966795960916,4.690136917957499e-05,154,,,0.001998357532501327,0.000654518932159398,1770134193.840821
417,0.9978954792022705,0.9984581039739355,2.1375000000212196e-05,2.1898680161668015e-05,robust,DEGRADED,-0.0001406561929162553,0.00012972189031996924,5.2221984931044574e-05,154,,,0.0030211845857546216,0.0021258957977297044,1770134193.842217
418,0.999813973903656,0.9987292779598796,2.1124999999955207e-05,2.1743944129325455e-05,robust,DEGRADED,0.00027117398594411757,0.00016775439776205273,7.648179631885022e-05,154,,,0.0012898079339902502,0.00020715109634394935,1770134193.843612
419,0.9991250038146973,0.9988084231308432,2.116700000032168e-05,2.16285553035247e-05,robust,DEGRADED,7.91451709635238e-05,0.00020369248619967883,5.886562428041309e-05,154,,,0.002779530216217019,0.000896163185303056,1770134193.845033
420,0.9992486834526062,0.9988964751951959,2.1249999999639613e-05,2.1552844242747684e-05,robust,DEGRADED,8.805206435269497e-05,0.00021183632617665477,9.79519507182669e-05,154,,,0.0037356191369934955,0.0007725665473934384,1770134193.846432
421,0.9989057779312134,0.9988983357423994,2.1625000000025096e-05,2.1567275394203168e-05,robust,DEGRADED,1.8605472035249093e-06,0.00022940974612978344,5.991511510952119e-05,154,,,0.003218153773895338,0.0011158470687866462,1770134193.8478348
422,0.9979455471038818,0.9987077780146959,2.145799999997422e-05,2.154542031535738e-05,robust,DEGRADED,-0.00019055772770348867,0.0001908691736073863,4.993480815207452e-05,154,,,0.004289000240508933,0.0020759108961181383,1770134193.849236
423,0.9987921118736267,0.9987246447864822,2.1124999999955207e-05,2.1461336252276948e-05,robust,DEGRADED,1.686677178625029e-05,0.00016550978951138066,-9.266346794989389e-07,154,,,0.003985518017181722,0.0012290131263732462,1770134193.850634
424,0.9978934526443481,0.9985584063580555,2.1292000000006084e-05,2.1427469001822774e-05,robust,DEGRADED,-0.00016623842842666825,0.00016171200120465107,-5.000335455753735e-05,154,,,0.003018694469635097,0.0021278393556518616,1770134193.852041
425,0.9992828369140625,0.9987032924692569,2.170799999978712e-05,2.1483575201415643e-05,robust,DEGRADED,0.00014488611120144768,0.00013392005417581278,-3.863654518778681e-05,154,,,0.001813320319763445,0.0007388710859372871,1770134193.853467
426,0.9980018734931946,0.9985630086740445,2.1792000000075973e-05,2.154526016114771e-05,robust,DEGRADED,-0.00014028379521247025,0.00013723415971759524,-6.706541367098584e-05,154,,,0.0018733188016968327,0.002019918506805496,1770134193.8552651
427,0.997893214225769,0.9984290497843894,2.116699999987759e-05,2.1469608128893685e-05,robust,DEGRADED,-0.00013395888965506142,0.00014262731480767083,-5.5745646061300394e-05,154,,,0.0009118900907596483,0.0021279527742308346,1770134193.856666
428,0.998525083065033,0.9984482564405182,2.1541000000180333e-05,2.1483886503151016e-05,robust,DEGRADED,1.9206656128756272e-05,0.00016096471600602876,-5.5277669192799196e-05,154,,,0.002457307506561257,0.0014964579349672213,1770134193.8580742
429,0.9991415739059448,0.9985869199336036,2.120800000016132e-05,2.1428709202553077e-05,robust,DEGRADED,0.00013866349308544468,0.0001560769672681375,5.702715109623391e-06,154,,,0.005041036834350532,0.0008796340940553371,1770134193.859859
430,0.9956644773483276,0.9980024314165484,2.141700000013458e-05,2.1426367362069378e-05,robust,DEGRADED,-0.0005844885170551706,0.00022916253842272043,-0.00014017221054170027,154,,,0.0034786273040769977,0.004356939651672498,1770134193.861268
431,0.9971781969070435,0.9978375845146475,2.141700000013458e-05,2.142449388968242e-05,robust,DEGRADED,-0.00016484690190088358,0.0002871832104688553,-0.00014508483187938292,154,,,0.004302173099517859,0.0028432200929566775,1770134193.862674
432,0.9977502226829529,0.9978201121483086,2.1332999999845725e-05,2.1406195111715082e-05,robust,DEGRADED,-1.747236633897753e-05,0.00032971984033590087,-0.00012178752721616614,154,,,0.0016238197818911893,0.002271110317046965,1770134193.864471
433,0.9983769059181213,0.9979314709022712,2.1292000000006084e-05,2.138335608937328e-05,robust,DEGRADED,0.0001113587539626204,0.00032963662351509455,-0.00010335710764939333,154,,,0.0019016614265443543,0.0016443860818786682,1770134193.8659232
434,0.9992027878761292,0.9981857342970428,2.145799999997422e-05,2.139828487149347e-05,robust,DEGRADED,0.0002542633947716366,0.0003178195973779318,-8.023712731215493e-05,154,,,0.006185655246551569,0.0008186701238708238,1770134193.867743
435,0.9991689324378967,0.9983823739252137,2.1374999999768107e-05,2.13936278971484e-05,robust,DEGRADED,0.00019663962817084712,0.0002850170886444084,7.598850173304861e-05,154,,,0.0021290939138487452,0.0008524425621030396,1770134193.8691552
436,0.9993215799331665,0.9985702151268043,2.1333999999928466e-05,2.1381702317704414e-05,robust,DEGRADED,0.00018784120159065498,0.0002858945119776407,0.00014652612243135633,154,,,0.0030252263526913126,0.0006997540668334246,1770134193.870593
437,0.9988749027252197,0.9986311526464875,2.1416000000051838e-05,2.13885618541739e-05,robust,DEGRADED,6.093751968316852e-05,0.0003064071426832299,0.00016220809963578552,154,,,0.001750593838103942,0.0011465132747803253,1770134193.872009
438,0.9990839958190918,0.9987217212810083,2.1666000000308827e-05,2.1444049483400887e-05,robust,DEGRADED,9.056863452083785e-05,0.00033470356156595996,0.00015805007574742902,154,,,0.004435699085235889,0.000937670180908512,1770134193.873423
439,0.9977342486381531,0.9985242267524373,2.1875000000282085e-05,2.1530239586777127e-05,robust,DEGRADED,-0.00019749452857098504,0.0003291937085424579,6.769849107890469e-05,154,,,0.0021912019537047023,0.002287626361847206,1770134193.8752298
440,0.998888373374939,0.9985970560769377,2.1124999999955207e-05,2.1449191669412744e-05,robust,DEGRADED,7.28293245003675e-05,0.0003308711443304904,4.293643034480876e-05,154,,,0.0018491437112730935,0.0011327516250609904,1770134193.876648
441,0.9993460774421692,0.9987468603499841,2.145799999997422e-05,2.145095333552504e-05,robust,DEGRADED,0.00014980427304633892,0.00031004262729498365,3.532904463594555e-05,154,,,0.0012926501197818574,0.0006753805578307848,1770134193.878455
442,0.9983387589454651,0.9986652400690803,2.1625000000025096e-05,2.1485762668425052e-05,robust,DEGRADED,-8.162028090374918e-05,0.0002460027744513324,6.817484518562012e-06,154,,,0.0017208136785584749,0.0016828660545349372,1770134193.879872
443,0.9984467029571533,0.998621532646695,2.1625000000025096e-05,2.1513610134745064e-05,robust,DEGRADED,-4.3707422385352857e-05,0.00015973898217627866,-2.0037726862676132e-05,154,,,0.0012706854244388666,0.0015749220428467048,1770134193.881291
444,0.9987604022026062,0.9986493065578773,2.1499999999896602e-05,2.1510888107775373e-05,robust,DEGRADED,2.77739111823605e-05,9.864126296052195e-05,2.5015961087992977e-05,154,,,0.008279518394287422,0.0012610977973936954,1770134193.882705
445,0.9979713559150696,0.9985137164293159,2.1499999999896602e-05,2.150871048619962e-05,robust,DEGRADED,-0.00013559012856145802,7.26487278036581e-05,-1.6667929524372127e-05,154,,,0.0031282593881529763,0.0020501440849303165,1770134193.884118
446,0.9987625479698181,0.9985634827374164,2.1375000000212196e-05,2.1481968389002135e-05,robust,DEGRADED,4.9766308100496204e-05,7.317428140274789e-05,-3.667552251354067e-05,154,,,0.005543952640899352,0.001258827030182097,1770134193.885561
447,0.9992994666099548,0.998710679511924,2.1499999999896602e-05,2.148557471118103e-05,robust,DEGRADED,0.0001471967745076963,7.775937965319435e-05,9.087888568748426e-06,154,,,0.0025848498649598817,0.0007220333900450626,1770134193.886981
448,0.998529314994812,0.9986744066085017,2.1542000000263073e-05,2.149685976899744e-05,robust,DEGRADED,-3.6272903422340796e-05,7.343793126966155e-05,1.0574792361350837e-05,154,,,0.000956707992919803,0.0014922270051882514,1770134193.8884149
449,0.9974879622459412,0.9984371177359896,2.116699999987759e-05,2.1430887815173473e-05,robust,DEGRADED,-0.00023728887251206476,8.865923061043984e-05,-4.2437764377534216e-05,154,,,0.0025632367742614015,0.0025332047540587155,1770134193.889836
450,0.9993314743041992,0.9986159890496316,2.1333000000289815e-05,2.1411310252196745e-05,robust,DEGRADED,0.0001788713136419151,8.839480684772448e-05,2.0454524063140412e-05,154,,,0.0020413196674500256,0.0006898586958010711,1770134193.891264
451,0.9987812042236328,0.9986490320844318,2.141700000013458e-05,2.1412448201784312e-05,robust,DEGRADED,3.304303480022863e-05,7.867404521284927e-05,1.71098694030869e-05,154,,,0.0022163561138,0.001240212776367322,1770134193.892693
452,0.9996946454048157,0.9988581547485086,2.1333000000289815e-05,2.139655856148541e-05,robust,DEGRADED,0.00020912266407679958,0.00010802052429157863,2.949504731690755e-05,154,,,0.0014460666847231352,0.000326687595184616,1770134193.8941178
453,0.9987506866455078,0.9988366611279085,2.1375000000212196e-05,2.1392246849230768e-05,robust,DEGRADED,-2.1493620600110397e-05,0.00012448960857961209,3.245090388135363e-05,154,,,0.0025015937576293723,0.0012706883544923997,1770134193.8955479
454,0.9984286427497864,0.9987550574522841,2.1499999999896602e-05,2.1413797479363938e-05,robust,DEGRADED,-8.160367562437543e-05,0.0001283410015371361,6.35879432588915e-05,154,,,0.0011719567373349449,0.0015928572502135196,1770134193.8973598
455,0.9982895255088806,0.9986619510636034,2.145799999997422e-05,2.1422637983485996e-05,robust,DEGRADED,-9.310638868065269e-05,0.0001186161132196267,9.192402794377941e-06,154,,,0.002981589729492029,0.001731932491119359,1770134193.8987992
456,0.9975855350494385,0.9984466678607705,2.1250000000083702e-05,2.1388110386805537e-05,robust,DEGRADED,-0.00021528320283292768,0.00013391247334686306,-4.047284473225332e-05,154,,,0.0010680718647155807,0.002435714950561607,1770134193.900228
457,0.9991096258163452,0.9985792594518855,2.1375000000212196e-05,2.138548830948687e-05,robust,DEGRADED,0.00013259159111500551,0.00013518529421508295,-5.577905932461213e-05,154,,,0.0015339485589902502,0.0009117491836549974,1770134193.901657
458,0.9994345903396606,0.9987503256294405,2.1290999999923343e-05,2.1366590647574163e-05,robust,DEGRADED,0.00017106617755502374,0.00013835704958378784,-1.726709969358531e-05,154,,,0.0068872424505310725,0.0005867006603392788,1770134193.903095
459,0.9991862773895264,0.9988375159814578,2.116699999987759e-05,2.132667251803485e-05,robust,DEGRADED,8.719035201720793e-05,0.00012570352388638638,1.6491705834731363e-05,154,,,0.004170827857787884,0.0008348896104735104,1770134193.904523
460,0.9986883401870728,0.9988076808225808,2.120899999979997e-05,2.1303138014387874e-05,robust,DEGRADED,-2.9835158877000723e-05,0.00012618887903047212,2.9145951795461754e-05,154,,,0.0023574933544310284,0.001332868812927046,1770134193.905976
461,0.9978847503662109,0.9986230947313068,2.1375000000212196e-05,2.1317510411552737e-05,robust,DEGRADED,-0.00018458609127391945,0.00012784031343526044,3.52853741072634e-05,154,,,0.0019124918672486224,0.0021366246337892747,1770134193.9074051
462,0.9990120530128479,0.998700886387615,2.1416000000051838e-05,2.1337208329252557e-05,robust,DEGRADED,7.77916563081682e-05,0.00011868629239874136,2.4325387145895937e-05,154,,,0.001328026092712431,0.0010093629871521514,1770134193.908843
463,0.9984942674636841,0.998659562602829,2.120800000016132e-05,2.131136666343431e-05,robust,DEGRADED,-4.1323784786051476e-05,0.00010984308388456745,-1.8152605322319103e-05,154,,,0.0047517649118349325,0.0015269405363160793,1770134193.9102762
464,0.9985905885696411,0.9986457677961914,2.1375000000212196e-05,2.132409333078989e-05,robust,DEGRADED,-1.3794806637545953e-05,0.00010746150397330191,-3.834963705326988e-05,154,,,0.005619966400146392,0.001430786430359099,1770134193.911735
465,0.996263861656189,0.998169386568191,2.1375000000212196e-05,2.133427466467435e-05,robust,DEGRADED,-0.00047638122800042204,0.00018520775392308705,-0.00012765885087795414,154,,,0.006363807739074634,0.0037575133438112474,1770134193.913171
466,0.9977864027023315,0.9980927897950191,2.116699999987759e-05,2.1300819731714998e-05,robust,DEGRADED,-7.659677317184421e-05,0.00024079632420759305,-0.00010606098725753909,154,,,0.0018889598464966184,0.0022347642976683346,1770134193.914602
467,0.9990032911300659,0.9982748900620286,2.1292000000006084e-05,2.1299055785373215e-05,robust,DEGRADED,0.00018210026700948845,0.0002583970294891609,-8.519926511727505e-05,154,,,0.0006501122816162663,0.0010180008699340881,1770134193.916043
468,0.9987014532089233,0.9983602026914076,2.1874999999837996e-05,2.1414244628266173e-05,robust,DEGRADED,8.53126293789419e-05,0.0002555764209996773,-5.987198228427637e-05,154,,,0.0012360023118898056,0.0013204217910764982,1770134193.917482
469,0.9987201690673828,0.9984321959666027,2.1583000000102714e-05,2.1447995702633483e-05,robust,DEGRADED,7.199327519513687e-05,0.00023267358128214655,-4.2714365917739805e-05,154,,,0.004011046177276434,0.0013014139326172902,1770134193.9189272
470,0.998173713684082,0.9983804995100987,2.1375000000212196e-05,2.1433396562149224e-05,robust,DEGRADED,-5.169645650404675e-05,0.00020561649752614392,4.2222588381535256e-05,154,,,0.004510068309783843,0.001847661315918181,1770134193.920372
471,0.9986576437950134,0.9984359283670816,2.116700000032168e-05,2.1380117249783716e-05,robust,DEGRADED,5.542885698295308e-05,0.00019583108012454525,6.862771441249472e-05,154,,,0.0010497322387696961,0.001363523204986894,1770134193.921818
472,0.9982938170433044,0.9984075061023263,2.1250000000083702e-05,2.1354093799843712e-05,robust,DEGRADED,-2.8422264755301185e-05,0.00017127166834178517,2.6523208059536786e-05,154,,,0.0017904987640382508,0.0017274329566956403,1770134193.9232562
473,0.9993617534637451,0.9985983555746101,2.1250000000083702e-05,2.1333275039891714e-05,robust,DEGRADED,0.0001908494722837606,0.0001622368801977784,4.763057664050052e-05,154,,,0.010598157680694609,0.0006594965362549665,1770134193.924719
474,0.9976606369018555,0.9984108118400592,2.1499999999896602e-05,2.1366620031892692e-05,robust,DEGRADED,-0.0001875437345508768,0.00013707226088008646,-4.276825308702214e-06,154,,,0.004072176147460915,0.002360863098144428,1770134193.9261599
475,0.9982380270957947,0.9983762548912063,2.141700000013458e-05,2.137669602554107e-05,robust,DEGRADED,-3.455694885290406e-05,0.00012210163792149566,-8.489237784736759e-07,154,,,0.002349130867004501,0.0017833899042054568,1770134193.927597
476,0.9982783794403076,0.9983566798010266,2.1292000000006084e-05,2.135975682043407e-05,robust,DEGRADED,-1.9575090179690946e-05,7.860763721049056e-05,-1.584971321100248e-05,154,,,0.0006925085561828581,0.001742912559692389,1770134193.929043
477,0.9992169141769409,0.9985287266762095,2.141699999969049e-05,2.1371205456285356e-05,robust,DEGRADED,0.0001720468751829074,7.387459170083159e-05,2.4244114776639236e-05,154,,,0.0022151456487735643,0.0008045028230587725,1770134193.9304829
478,0.9993783235549927,0.9986986460519662,2.1332999999845725e-05,2.1363564364997432e-05,robust,DEGRADED,0.0001699193757567219,0.00010549323461662038,2.0058095471231496e-05,154,,,0.0016018676679685484,0.0006430094450071699,1770134193.932312
479,0.9984187483787537,0.9986426665173238,2.1124999999955207e-05,2.131585149198899e-05,robust,DEGRADED,-5.597953464242522e-05,0.00011763274290146716,4.6370935452921815e-05,154,,,0.002848933650604124,0.001602376621246293,1770134193.933771
480,0.9986514449119568,0.9986444221962505,2.145799999997422e-05,2.134428119358604e-05,robust,DEGRADED,1.7556789266848227e-06,0.00012109467165308473,5.363346100883959e-05,154,,,0.0020607520141600055,0.0013700130880431871,1770134193.9352179
481,0.9976428151130676,0.998444100779614,2.1041999999749095e-05,2.1283824954818652e-05,robust,DEGRADED,-0.00020032141663650638,0.00012061866351388524,1.7484195717476504e-05,154,,,0.0004935248565671735,0.002378226886932122,1770134193.9366589
482,0.998004674911499,0.9983562156059911,2.1333999999928466e-05,2.1293859963840614e-05,robust,DEGRADED,-8.78851736229036e-05,0.00012587851375264405,-3.45022140436857e-05,154,,,0.001104330093383954,0.002016659088500905,1770134193.9385011
483,0.9990206956863403,0.9984891116220609,2.1250000000083702e-05,2.1285087971089232e-05,robust,DEGRADED,0.0001328960160698056,0.00012204428442739815,-4.1906885981068954e-05,154,,,0.0018450848047182333,0.0010005543136597517,1770134193.940341
484,0.9993463158607483,0.9986605524697985,2.1499999999896602e-05,2.132807037685071e-05,robust,DEGRADED,0.0001714408477375695,0.0001277298272390747,3.5771904949299937e-06,154,,,0.0009430283432010356,0.0006751841392516056,1770134193.941797
485,0.9980881810188293,0.9985460781796047,2.1250000000083702e-05,2.1312456301497308e-05,robust,DEGRADED,-0.00011447429019373345,0.00011847852564094746,-1.966880332915366e-05,154,,,0.006512223072051793,0.001933068981170738,1770134193.9432719
486,0.9987386465072632,0.9985845918451365,2.1332999999845725e-05,2.1316565041166993e-05,robust,DEGRADED,3.851366553175861e-05,0.00010249608054513774,2.8098213104499336e-05,154,,,0.0030672056272580406,0.0012826864927366621,1770134193.9447439
487,0.9980530142784119,0.9984782763317916,2.1541999999818984e-05,2.1361652032897395e-05,robust,DEGRADED,-0.00010631551334483458,0.00010509584096827781,2.441214516011314e-05,154,,,0.004108278957549949,0.0019685277215879537,1770134193.9461918
488,0.9997441172599792,0.9987314445174292,2.6541999999629695e-05,2.2397721626243857e-05,robust,DEGRADED,0.0002531681856375867,0.00010994420480798884,4.846657907366936e-05,154,,,0.002077108082183976,0.00028242474002038165,1770134193.948035
489,0.998482346534729,0.9986816249208893,2.0875000000142307e-05,2.2093177301023547e-05,robust,DEGRADED,-4.981959653993506e-05,0.00011351651785509523,4.214490218168443e-06,154,,,0.0010445406114505396,0.0015385284652711384,1770134193.949486
490,0.99910968542099,0.9987672370209095,2.120800000016132e-05,2.1916141840851105e-05,robust,DEGRADED,8.561210002022701e-05,0.00012758073502372124,4.4231768260960536e-05,154,,,0.001217185081298755,0.0009115225790101711,1770134193.951336
491,0.9986841082572937,0.9987506112681864,2.1625000000025096e-05,2.1857913472685905e-05,robust,DEGRADED,-1.6625752723098408e-05,0.0001295138235319232,3.320388460998913e-05,154,,,0.001159864017669765,0.001337516742706324,1770134193.9531798
492,0.998843252658844,0.9987691395463181,2.2916000000261505e-05,2.206953077820103e-05,robust,DEGRADED,1.852827813164648e-05,0.00010774381729378936,5.817264290528534e-05,154,,,0.001634673617950444,0.0011796633411562674,1770134193.954644
493,0.999153196811676,0.9988459509993898,2.141699999969049e-05,2.1939024622498923e-05,robust,DEGRADED,7.681145307170123e-05,0.00010900247171290105,2.290129639210825e-05,154,,,0.00145318426532004,0.0008682201883236651,1770134193.9561
494,0.9998036026954651,0.9990374813386049,2.1124999999955207e-05,2.177621969799018e-05,robust,DEGRADED,0.00019153033921515128,0.00015193865127411434,7.117128354312552e-05,154,,,0.002681963435943402,0.00021752230453486732,1770134193.957561
495,0.9991253018379211,0.9990550454384681,2.1375000000212196e-05,2.1695975758434584e-05,robust,DEGRADED,1.7564099863198734e-05,0.00016962469913880149,5.7561683511719866e-05,154,,,0.0019889819986267376,0.0008960731620790696,1770134193.959051
496,0.9980849623680115,0.9988610288243769,2.1290999999923343e-05,2.1614980606732337e-05,robust,DEGRADED,-0.00019401661409124138,0.00015934745916839529,2.2083511238091268e-05,154,,,0.0005083955991818101,0.0019363286319884487,1770134193.960511
497,0.9990759491920471,0.998904012897911,2.1166000000238938e-05,2.152518448543366e-05,robust,DEGRADED,4.2984073534091394e-05,0.00012041194965502165,2.697467031858025e-05,154,,,0.0003527982902529203,0.0009452168079531198,1770134193.9619951
498,0.9993457794189453,0.9989923662021178,2.1250000000083702e-05,2.1470147588363666e-05,robust,DEGRADED,8.835330420686738e-05,0.00012224028750554728,2.928304054561348e-05,154,,,0.0008381777498169818,0.0006754705810547712,1770134193.9634602
499,0.9980444312095642,0.9988027792036072,2.1083000000032825e-05,2.13927180706975e-05,robust,DEGRADED,-0.0001895869985106824,0.00010856000216533236,-4.694042699955325e-05,154,,,0.004333440910156305,0.001976651790435824,1770134193.964947
