step,reliability,smoothed_reliability,latency,smoothed_latency,active_model,controller_state,deriv,fast_J,robust_J,timestamp
0,0.6456639766693115,0.6456639766693115,6.0041999999427276e-05,6.0041999999427276e-05,fast,LearningControllerState.STABLE,0.0,0.3543960653306879,0.203827040973664,1770136134.033597
1,0.9169034361839294,0.6999118685722352,2.3917000000039934e-05,5.281699999954981e-05,robust,LearningControllerState.STABLE,0.05424789190292367,0.0831204808160706,0.22977488640231325,1770136134.0345228
2,0.8059914112091064,0.7211277770996095,2.1499999999896602e-05,4.6553599999619175e-05,fast,LearningControllerState.STABLE,0.021215908527374316,0.16769676058978344,0.19403008879089345,1770136134.035462
3,0.8131333589553833,0.7395288934707643,2.308300000031238e-05,4.1859479999757816e-05,fast,LearningControllerState.STABLE,0.018401116371154824,0.186889724044617,0.08541911270904556,1770136134.036413
4,0.8938314914703369,0.7703894130706789,2.3125000000234763e-05,3.8112583999853214e-05,robust,LearningControllerState.STABLE,0.030860519599914538,0.10619163352966332,0.09146376936358624,1770136134.037359
5,0.900126039981842,0.7963367384529116,2.1874999999837996e-05,3.486506719985017e-05,robust,LearningControllerState.STABLE,0.025947325382232767,0.06560646748352017,0.0998958350181578,1770136134.0382888
6,0.8264020085334778,0.8023497924690249,2.2458000000113998e-05,3.2383653759902935e-05,robust,LearningControllerState.STABLE,0.006013054016113295,0.5725919972816627,0.17362044946652233,1770136134.043266
7,0.829957127571106,0.8078712594894412,2.329099999975881e-05,3.056512300787411e-05,robust,LearningControllerState.STABLE,0.005521467020416226,0.1050187273065486,0.1700661634288938,1770136134.0442739
8,0.8861454725265503,0.823526102096863,3.116699999949901e-05,3.068549840619909e-05,robust,LearningControllerState.STABLE,0.015654842607421893,0.13779710754013053,0.1138856944734492,1770136134.0456572
9,0.8560172915458679,0.8300243399866641,2.2708000000370987e-05,2.9089998725033473e-05,robust,LearningControllerState.STABLE,0.006498237889801084,0.35308657974642976,0.14400541645413245,1770136134.04685
10,0.9998494982719421,0.8639893716437197,2.250000000003638e-05,2.7771998980034056e-05,robust,LearningControllerState.STABLE,0.033965031657055555,0.0005794906614378093,0.0001730017280578977,1770136134.047848
11,0.9997880458831787,0.8911491064916115,2.2042000000332962e-05,2.662599918409384e-05,fast,LearningControllerState.STABLE,0.027159734847891803,0.00047859304428055083,0.00023399611682162202,1770136134.048824
12,0.9998582005500793,0.9128909253033052,2.4124999999486363e-05,2.6125799347172348e-05,fast,LearningControllerState.STABLE,0.02174181881169368,0.00016592444992014066,0.00015634840429701313,1770136134.049804
13,0.9996638298034668,0.9302455062033375,2.3207999999996787e-05,2.5542239477737235e-05,fast,LearningControllerState.STABLE,0.01735458090003228,0.0003593781965331999,0.0002041037712094962,1770136134.051189
14,0.999949038028717,0.9441862125684135,2.3833999999389732e-05,2.5200591582067735e-05,robust,LearningControllerState.STABLE,0.01394070636507605,7.479597128234872e-05,0.0001949784698487278,1770136134.052182
15,0.9998359680175781,0.9553161636582466,2.2083999999367165e-05,2.4577273265527623e-05,fast,LearningControllerState.STABLE,0.011129951089833057,9.708108520456449e-05,0.00018611598242124217,1770136134.053144
16,0.999722421169281,0.9641974151604535,2.3708000000510765e-05,2.4403418612524253e-05,robust,LearningControllerState.STABLE,0.008881251502206977,0.0003012868307195049,0.00015813577615375607,1770136134.054091
17,0.9998951554298401,0.9713369632143309,2.4165999999326004e-05,2.4355934889884603e-05,fast,LearningControllerState.STABLE,0.007139548053877398,0.00013089575595071068,0.00012901057015923811,1770136134.05507
18,0.9995920658111572,0.9769879837336962,2.3875000000117552e-05,2.4259747911931195e-05,robust,LearningControllerState.STABLE,0.00565102051936528,0.000431809188842891,0.00022935876846297276,1770136134.056036
19,0.999695360660553,0.9815294591190676,2.2083999999367165e-05,2.382459832941839e-05,fast,LearningControllerState.STABLE,0.0045414753853714185,0.000314091247924253,0.00032672333944638865,1770136134.056993
20,0.9998682737350464,0.9851972220422633,2.3500000000176158e-05,2.3759678663569946e-05,fast,LearningControllerState.STABLE,0.0036677629231957054,0.00015522626495378944,0.00024606544113225937,1770136134.057975
21,0.999768853187561,0.9881115482713229,2.3416000000331394e-05,2.3690942930922235e-05,robust,LearningControllerState.STABLE,0.002914326229059516,0.00025456281243929624,0.00012134912890626737,1770136134.0589309
22,0.9997563362121582,0.99044050585949,3.391699999966136e-05,2.573615434467006e-05,robust,LearningControllerState.STABLE,0.002328957588167091,0.00037992998504687847,0.00027758078784145823,1770136134.06029
23,0.9998995065689087,0.9923323060013738,2.3416999999525956e-05,2.5272323475641243e-05,fast,LearningControllerState.STABLE,0.001891800141883837,0.00020595870208772737,0.00012391043109083455,1770136134.061808
24,0.9998497366905212,0.9938357921392034,2.374999999954497e-05,2.4967858780421992e-05,robust,LearningControllerState.STABLE,0.0015034861378295794,0.00017401330947830473,0.0002802656932976433,1770136134.062832
25,0.9997735619544983,0.9950233461022624,2.1874999999837996e-05,2.4349287024305196e-05,robust,LearningControllerState.STABLE,0.0011875539630590293,0.00019940032995613421,0.000248313045501547,1770136134.063796
26,0.9997789263725281,0.9959744621563156,2.2042000000332962e-05,2.388782961951075e-05,robust,LearningControllerState.STABLE,0.0009511160540531804,0.00012696184939642308,0.0002431156274722568,1770136134.064749
27,0.9994221925735474,0.996664008239762,2.19999999995224e-05,2.351026369551308e-05,fast,LearningControllerState.STABLE,0.0006895460834464018,0.0002016826785888881,0.0005998074264521591,1770136134.065697
28,0.9996784329414368,0.997266893180097,2.3374999999603574e-05,2.348321095633118e-05,robust,LearningControllerState.STABLE,0.0006028849403350023,0.000344942058562836,0.00013133252316333,1770136134.066644
29,0.9995887875556946,0.9977312720552166,2.195799999960002e-05,2.317816876498495e-05,fast,LearningControllerState.STABLE,0.00046437887511963094,0.00010874745596378688,0.00043317044430501994,1770136134.067581
30,0.9996597766876221,0.9981169729816978,3.24999999996578e-05,2.504253501191952e-05,robust,LearningControllerState.STABLE,0.0003857009264811584,0.0003727233123775875,0.00013313926715063928,1770136134.068576
31,0.999841570854187,0.9984618925561957,2.175000000015359e-05,2.4384028009566335e-05,fast,LearningControllerState.STABLE,0.0003449195744978928,0.00011052301388581043,0.00018017914581314187,1770136134.069512
32,0.9996501803398132,0.9986995501129192,2.3458000000253776e-05,2.4198822407703825e-05,robust,LearningControllerState.STABLE,0.00023765755672355837,0.00037327766018702135,0.0002058265151978489,1770136134.070455
33,0.9998452067375183,0.9989286814378391,2.204100000025022e-05,2.3767257926213107e-05,fast,LearningControllerState.STABLE,0.00022913132491986232,0.00018884451712075645,0.00017683426248193967,1770136134.0714319
34,0.9995275139808655,0.9990484479464444,2.5707999999902142e-05,2.4155406340950916e-05,robust,LearningControllerState.STABLE,0.00011976650860534566,0.0004981940191344236,0.00022202739715559972,1770136134.0724008
35,0.9996638298034668,0.999171524317849,2.175000000015359e-05,2.3674325072791453e-05,fast,LearningControllerState.STABLE,0.000123076371404518,0.000320504154205814,0.0003579201965333567,1770136134.073344
36,0.9997003674507141,0.999277292944422,2.3875000000117552e-05,2.3714460058256675e-05,robust,LearningControllerState.STABLE,0.00010576862657307728,0.0003235075492860062,0.0002490818826599295,1770136134.0742881
37,0.9997835159301758,0.9993785375415729,2.2083000000172603e-05,2.3388168046639863e-05,fast,LearningControllerState.STABLE,0.00010124459715088463,0.00033981629162571636,0.00023856706982439135,1770136134.075234
38,0.9994937777519226,0.9994015855836429,2.3124999999346585e-05,2.333553443718121e-05,robust,LearningControllerState.STABLE,2.304804206998412e-05,0.0005293472480767392,0.00017764054144286945,1770136134.076183
39,0.9998463988304138,0.9994905482329972,2.224999999977939e-05,2.3118427549700848e-05,fast,LearningControllerState.STABLE,8.89626493543183e-05,0.00039937268066392306,0.00017585116958596103,1770136134.077141
40,0.9995856285095215,0.9995095642883022,2.72080000005559e-05,2.393634203987186e-05,robust,LearningControllerState.STABLE,1.901605530496564e-05,0.0004415794904790715,0.0001638322641293044,1770136134.0782049
41,0.9998758435249329,0.9995828201356284,2.220899999993975e-05,2.359087363188544e-05,fast,LearningControllerState.STABLE,7.32558473262035e-05,0.00032019308453445916,0.00014636547506707842,1770136134.0792162
42,0.9994677901268005,0.9995598141338629,2.3458000000253776e-05,2.356429890555911e-05,robust,LearningControllerState.STABLE,-2.3006001765524253e-05,0.0005556678731997167,9.412741088876686e-05,1770136134.0801542
43,0.9999132752418518,0.9996305063554607,2.2125000000094985e-05,2.3276439124466287e-05,robust,LearningControllerState.STABLE,7.06922215978345e-05,0.00032628580474813873,0.00010884975814828834,1770136134.081085
44,0.999767541885376,0.9996579134614438,2.175000000015359e-05,2.297115129960375e-05,fast,LearningControllerState.STABLE,2.7407105983145996e-05,0.00028921048318508724,0.00025420811462417703,1770136134.082454
45,0.9998683333396912,0.9996999974370934,2.308300000031238e-05,2.2993521039745476e-05,robust,LearningControllerState.STABLE,4.20839756495317e-05,0.00015474966030915027,0.00017820061111439855,1770136134.083806
46,0.9998951554298401,0.9997390290356428,2.1625000000469186e-05,2.271981683189022e-05,robust,LearningControllerState.STABLE,3.903159854945493e-05,0.0007722183383789272,0.0001264695701603813,1770136134.084757
47,0.9999229907989502,0.9997758213883043,2.175000000015359e-05,2.2525853465542893e-05,robust,LearningControllerState.STABLE,3.679235266151881e-05,0.0001619791944582616,9.875920104995828e-05,1770136134.086085
48,0.9995635747909546,0.9997333720688345,2.2083000000172603e-05,2.2437282772468834e-05,robust,LearningControllerState.STABLE,-4.244931946983943e-05,0.0003246415025630611,0.00045850820904558276,1770136134.087007
49,0.9999105930328369,0.9997688162616349,2.1624999999581007e-05,2.227482621789127e-05,robust,LearningControllerState.STABLE,3.544419280043787e-05,7.604234313962621e-05,0.00011103196716266694,1770136134.087927
50,0.9998393654823303,0.999782926105774,2.166699999950339e-05,2.2153260974213695e-05,robust,LearningControllerState.STABLE,1.4109844139076344e-05,0.00020665472448744282,0.00018230151766918112,1770136134.089233
51,0.9999404549598694,0.9998144318765931,2.1792000000075973e-05,2.208100877938615e-05,robust,LearningControllerState.STABLE,3.1505770819117984e-05,0.00014986207943668006,8.133704013069121e-05,1770136134.090153
52,0.999816358089447,0.999814817119164,2.1667000000391567e-05,2.1998207023587236e-05,robust,LearningControllerState.STABLE,3.8524257084393554e-07,0.0004751958120419175,0.00020530891055337008,1770136134.091072
53,0.9998885989189148,0.9998295734791142,2.170899999942577e-05,2.1940365618754944e-05,robust,LearningControllerState.STABLE,1.4756359950185427e-05,7.492143631004922e-05,0.00013311008108463085,1770136134.0924249
54,0.9999181032180786,0.9998472794269071,2.2624999999720785e-05,2.2077292494948115e-05,robust,LearningControllerState.STABLE,1.7705947792934218e-05,0.00040592942410278,0.0001045217819211075,1770136134.0933492
55,0.9998489618301392,0.9998476159075536,2.9167000000107635e-05,2.349523399598002e-05,robust,LearningControllerState.STABLE,3.3648064645674935e-07,0.0002349288173828512,0.00018020516986094748,1770136134.0944781
56,0.9998306632041931,0.9998442253668816,2.229200000058995e-05,2.3254587196902008e-05,fast,LearningControllerState.STABLE,-3.390540671999176e-06,0.00034171901321400355,0.00019162879580747472,1770136134.0958169
57,0.9998453259468079,0.9998444454828668,2.4124999999486363e-05,2.342866975741888e-05,robust,LearningControllerState.STABLE,2.201159852166512e-07,0.00017879905319162503,0.0001895672611080812,1770136134.096836
58,0.9998789429664612,0.9998513449795857,2.224999999977939e-05,2.3192935805890987e-05,robust,LearningControllerState.STABLE,6.899496718948406e-06,0.0003201158752439426,0.00014330703353859775,1770136134.0977979
59,0.9999078512191772,0.9998626462275041,2.2125000000094985e-05,2.2979348644731786e-05,fast,LearningControllerState.STABLE,1.1301247918371615e-05,0.00023152600097642306,0.00011427378082284889,1770136134.098757
60,0.9997740387916565,0.9998449247403346,2.354200000009854e-05,2.309187891580514e-05,robust,LearningControllerState.STABLE,-1.7721487169497507e-05,0.0002495032083436044,0.0002105635646660886,1770136134.0997329
61,0.9997504353523254,0.9998260268627328,2.2042000000332962e-05,2.2881903132710707e-05,robust,LearningControllerState.STABLE,-1.889787760178674e-05,0.0008596515615542089,0.0002716066476748935,1770136134.1006908
62,0.9998845458030701,0.9998377306508004,2.224999999977939e-05,2.2755522506124445e-05,robust,LearningControllerState.STABLE,1.1703788067585208e-05,0.00017873489035036272,0.00013770419692971103,1770136134.102031
63,0.9997720718383789,0.9998245988883162,2.175000000015359e-05,2.2554418004930275e-05,robust,LearningControllerState.STABLE,-1.313176248418646e-05,0.00019956632995565826,0.00024967816162124734,1770136134.10336
64,0.9999006986618042,0.9998398188430139,2.224999999977939e-05,2.24935344039001e-05,robust,LearningControllerState.STABLE,1.5219954697665017e-05,0.00017156372833326827,0.00012155133819558017,1770136134.10431
65,0.9998877644538879,0.9998494079651887,2.275000000029337e-05,2.2544827523178755e-05,robust,LearningControllerState.STABLE,9.589122174857856e-06,0.0005606442447811943,0.00013498554611235392,1770136134.105334
66,0.9999202489852905,0.9998635761692091,2.166699999950339e-05,2.2369262018443684e-05,robust,LearningControllerState.STABLE,1.416820402033725e-05,0.00014965840512104478,0.00010141801470897605,1770136134.106302
67,0.9997280836105347,0.9998364776574743,2.2084000000255344e-05,2.2312209614806014e-05,robust,LearningControllerState.STABLE,-2.709851173476885e-05,0.00023069755917326518,0.0002940003894655874,1770136134.1076539
68,0.9999148845672607,0.9998521590394316,2.1792000000075973e-05,2.2208167691860006e-05,robust,LearningControllerState.STABLE,1.5681381957288743e-05,0.0003522430112914421,0.00010690743273933379,1770136134.1090062
69,0.9999105930328369,0.9998638458381126,2.1832999999915614e-05,2.2133134153471128e-05,fast,LearningControllerState.STABLE,1.168679868102096e-05,0.0006108540534972562,0.00011123996716300155,1770136134.1099882
70,0.9998558163642883,0.9998622399433478,4.570900000011591e-05,2.6848307322800086e-05,robust,LearningControllerState.STABLE,-1.6058947648334154e-06,0.00018989263571178583,0.00028721866952530206,1770136134.11101
71,0.999686598777771,0.9998271117102324,2.2957999999739798e-05,2.6070245858188032e-05,robust,LearningControllerState.STABLE,-3.5128233115355734e-05,0.0006831298597411717,0.0003363592222287437,1770136134.1120121
72,0.9998390078544617,0.9998294909390784,2.2957999999739798e-05,2.5447796686498387e-05,robust,LearningControllerState.STABLE,2.3792288459389965e-06,0.0004654787899163182,0.00018395014553806988,1770136134.112986
73,0.9999048113822937,0.9998445550277215,3.5999999999702936e-05,2.7558237349139298e-05,robust,LearningControllerState.STABLE,1.5064088643157447e-05,0.0003624392662056053,0.00013118861770600176,1770136134.114016
74,0.999879777431488,0.9998515995084749,2.304199999958456e-05,2.665498987922835e-05,robust,LearningControllerState.STABLE,7.044480753393145e-06,0.0002447432556156315,0.00014326456851154745,1770136134.1150742
75,0.9998960494995117,0.9998604895066824,2.250000000003638e-05,2.5823991903389957e-05,robust,LearningControllerState.STABLE,8.889998207473049e-06,0.00046419188308632897,0.00012645050048831763,1770136134.1160572
76,0.9998587369918823,0.9998601390037225,2.987500000006804e-05,2.6634193522725578e-05,robust,LearningControllerState.STABLE,-3.5050295987826274e-07,0.00024396183758490508,0.00017113800811774382,1770136134.1175199
77,0.9997442960739136,0.9998369704177608,2.462500000000034e-05,2.6232354818180532e-05,robust,LearningControllerState.STABLE,-2.3168585961741428e-05,0.00039269619351234297,0.0002803289260864261,1770136134.1191292
78,0.9998366832733154,0.9998369129888718,2.5083000000591937e-05,2.6002483854662814e-05,robust,LearningControllerState.STABLE,-5.742888897763976e-08,0.00016142028790255836,0.00018839972668516225,1770136134.120255
79,0.9997092485427856,0.9998113800996545,2.4999999999941735e-05,2.58019870837186e-05,robust,LearningControllerState.STABLE,-2.5532889217250165e-05,0.0004780163005673188,0.0003157514572142972,1770136134.121398
80,0.9998770356178284,0.9998245112032893,2.3708000000510765e-05,2.5383189667077038e-05,robust,LearningControllerState.STABLE,1.3131103634766994e-05,0.000143925475891038,0.00014667238217214162,1770136134.122985
81,0.9998027682304382,0.9998201626087192,2.304199999958456e-05,2.4914951733578543e-05,robust,LearningControllerState.STABLE,-4.348594570102726e-06,0.00019442681903036885,0.00022027376956135214,1770136134.1239748
82,0.9997983574867249,0.9998158015843204,2.250000000003638e-05,2.443196138687011e-05,robust,LearningControllerState.STABLE,-4.361024398824576e-06,0.00015077305621336023,0.00022414251327518286,1770136134.124974
83,0.9999596476554871,0.9998445707985538,2.329199999984155e-05,2.42039691094644e-05,robust,LearningControllerState.STABLE,2.876921423344836e-05,0.0002829097629701849,6.3644344512781e-05,1770136134.125943
84,0.9996480345726013,0.9998052635533634,2.2459000000196738e-05,2.385497528761087e-05,fast,LearningControllerState.STABLE,-3.9307245190411955e-05,0.0002981391334531125,0.0003744244273988784,1770136134.126944
85,0.9994488954544067,0.9997339899335721,2.6082999999843537e-05,2.4300580230057406e-05,robust,LearningControllerState.STABLE,-7.127361979131219e-05,0.0005771875455931053,0.00014843712615952853,1770136134.127981
86,0.9998674392700195,0.9997606798008617,2.3333999999763932e-05,2.4107264183998714e-05,robust,LearningControllerState.STABLE,2.6689867289597657e-05,0.000623591842835225,0.00015589472998023268,1770136134.129007
87,0.9997234344482422,0.9997532307303378,2.2915999999817416e-05,2.3869011347162455e-05,robust,LearningControllerState.STABLE,-7.4490705238572374e-06,0.00020073309744272905,0.0002994815517576299,1770136134.130005
88,0.9998708963394165,0.9997767638521536,2.4416999999665734e-05,2.397860907766311e-05,robust,LearningControllerState.STABLE,2.3533121815799696e-05,0.00024776618594390953,0.00015352066058316183,1770136134.131606
89,0.9997735619544983,0.9997761234726227,2.324999999991917e-05,2.3832887262114323e-05,robust,LearningControllerState.STABLE,-6.403795309584126e-07,0.0014530529401852732,0.00024968804550162815,1770136134.132719
90,0.9999399781227112,0.9998088944026404,2.3167000000157145e-05,2.369970980972289e-05,robust,LearningControllerState.STABLE,3.277093001774478e-05,0.00032686085147126676,8.31888772889755e-05,1770136134.133714
91,0.9998916983604431,0.9998254551942011,2.2167000000017367e-05,2.3393167847781787e-05,robust,LearningControllerState.STABLE,1.6560791560649157e-05,0.00014404375457743868,0.00013046863955690213,1770136134.134706
92,0.9998343586921692,0.9998272358937947,2.229200000058995e-05,2.317293427834342e-05,robust,LearningControllerState.STABLE,1.7806995936675563e-06,0.00022138162994345123,0.0001879333078314005,1770136134.135645
93,0.999883234500885,0.9998384356152129,2.1499999999896602e-05,2.2838347422654062e-05,robust,LearningControllerState.STABLE,1.1199721418164721e-05,0.0003788991014408438,0.00013826549911488684,1770136134.136575
94,0.9998222589492798,0.9998352002820263,2.1790999999993232e-05,2.2628877938121898e-05,robust,LearningControllerState.STABLE,-3.2353331865797585e-06,0.00015052475375298968,0.00019953205072020808,1770136134.1374981
95,0.9998703002929688,0.9998422202842149,2.1917000000648557e-05,2.248650235062723e-05,robust,LearningControllerState.STABLE,7.020002188551366e-06,0.00039327563476554417,0.00015161670703189856,1770136134.138425
96,0.9996209740638733,0.9997979710401467,2.1874999999837996e-05,2.2364201880469384e-05,robust,LearningControllerState.STABLE,-4.4249244068206295e-05,0.00020774977093473979,0.000400900936126547,1770136134.139349
97,0.9998505115509033,0.999808479142298,2.19999999995224e-05,2.229136150427999e-05,robust,LearningControllerState.STABLE,1.0508102151307597e-05,0.0001557991485592325,0.0001714884490962021,1770136134.140276
98,0.999642550945282,0.9997752935028948,2.3708000000510765e-05,2.2574689203526146e-05,robust,LearningControllerState.STABLE,-3.318563940313268e-05,0.00036635170745924484,0.00038115705471852834,1770136134.141271
99,0.9999417066574097,0.9998085761337978,2.1833999999998355e-05,2.242655136282059e-05,robust,LearningControllerState.STABLE,3.328263090296435e-05,0.00017628430920435534,8.012734259033039e-05,1770136134.1422021
100,0.8118152618408203,0.9622099132752023,2.1582999999658625e-05,2.2257841090188197e-05,robust,LearningControllerState.STABLE,-0.03759866285859548,0.19731390316009545,0.18820632115917935,1770136134.1431522
101,0.8965200781822205,0.949071946256606,2.61669999996883e-05,2.3039672872088218e-05,robust,LearningControllerState.STABLE,-0.013137967018596375,0.3032582325975346,0.10350608881777923,1770136134.144158
102,0.9354032874107361,0.946338214487432,2.3750000000433147e-05,2.3181738297757207e-05,robust,LearningControllerState.STABLE,-0.0027337317691739083,0.17078400895690926,0.06462046258926435,1770136134.145227
103,0.9259447455406189,0.9422595206980695,2.2417000000274356e-05,2.302879063826064e-05,robust,LearningControllerState.STABLE,-0.004078693789362542,0.06652645768737742,0.07407767145938138,1770136134.14627
104,0.8005123734474182,0.9139100912479393,2.3207999999996787e-05,2.306463251060787e-05,fast,LearningControllerState.STABLE,-0.028349429450130192,0.2885926332855222,0.19951083455258178,1770136134.1472461
105,0.916365385055542,0.9144011500094599,2.487500000025733e-05,2.342670600853776e-05,fast,LearningControllerState.STABLE,0.0004910587615205575,0.08365948994445827,0.10503846802539041,1770136134.1482491
106,0.7322772145271301,0.877976362912994,2.6333000000100526e-05,2.4007964806850317e-05,fast,LearningControllerState.STABLE,-0.036424787096465905,0.26774911847287,0.07111477521896425,1770136134.1492832
107,0.7974269390106201,0.8618664781325193,2.666600000011954e-05,2.4539571845504163e-05,robust,LearningControllerState.STABLE,-0.016109884780474704,0.20259972698938,0.1739814205209651,1770136134.1504178
108,0.9175735116004944,0.8730078848261144,2.2375000000351974e-05,2.410665747647373e-05,fast,LearningControllerState.STABLE,0.01114140669359509,0.19309621140289224,0.08244886339950597,1770136134.151419
109,0.9047872424125671,0.8793637563434049,2.3999999999801958e-05,2.4085325981139374e-05,robust,LearningControllerState.STABLE,0.006355871517290557,0.09523675758743266,0.11503797632580515,1770136134.152396
110,0.9995559453964233,0.9034021941540087,2.2167000000017367e-05,2.3701660784914974e-05,robust,LearningControllerState.STABLE,0.024038437810603774,0.00017541340237503533,0.0004662216035766775,1770136134.153353
111,0.9997762441635132,0.9226770041559097,2.1832999999915614e-05,2.3327928627915103e-05,fast,LearningControllerState.STABLE,0.01927481000190101,0.00032155240994224954,0.000245588836486732,1770136134.154303
112,0.9995283484458923,0.9380472730139062,2.354200000009854e-05,2.3370742902351793e-05,robust,LearningControllerState.STABLE,0.015370268857996527,0.0004951935541077646,9.524229449464627e-05,1770136134.155644
113,0.9998814463615417,0.9504141076834334,2.220799999985701e-05,2.3138194321852837e-05,robust,LearningControllerState.STABLE,0.01236683466952715,0.00025271027774032007,0.00014076163845810896,1770136134.156589
114,0.9998551607131958,0.960302318289386,2.1832999999915614e-05,2.2877155457465394e-05,fast,LearningControllerState.STABLE,0.009888210605952574,0.0003360100132141497,0.00016667228680411483,1770136134.1575491
115,0.9996994733810425,0.9681817493077174,2.2916999999900156e-05,2.2885124365952346e-05,robust,LearningControllerState.STABLE,0.00787943101833144,0.0003234436189574197,0.00017663305319182143,1770136134.158867
116,0.9998034238815308,0.9745060842224801,2.1832999999915614e-05,2.2674699492745e-05,fast,LearningControllerState.STABLE,0.006324334914762697,0.0005167998540951402,0.0002184091184691539,1770136134.15982
117,0.9995686411857605,0.9795185956151362,2.2874999999977774e-05,2.2714759594191555e-05,robust,LearningControllerState.STABLE,0.005012511392656127,0.00045423381423947973,0.0001264456403813341,1770136134.160831
118,0.9998993277549744,0.9835947420431039,2.358400000002092e-05,2.288860767535743e-05,robust,LearningControllerState.STABLE,0.0040761464279677195,0.00036120617330936966,0.0001242562450256557,1770136134.161847
119,0.9996417164802551,0.9868041369305343,2.1958000000488198e-05,2.2702486140383585e-05,fast,LearningControllerState.STABLE,0.003209394887430328,0.0003402634776916713,0.00038024151974536124,1770136134.162797
120,0.9997150897979736,0.9893863275040222,2.3207999999996787e-05,2.2803588912306228e-05,robust,LearningControllerState.STABLE,0.0025821905734879635,0.000308118202026364,0.00028144743728653054,1770136134.1637492
121,0.9998762607574463,0.9914843141547071,2.1875000000726175e-05,2.2617871129990216e-05,fast,LearningControllerState.STABLE,0.0020979866506848355,0.000433657397858056,0.0001456142425544371,1770136134.164672
122,0.9998275637626648,0.9931529640762986,2.324999999991917e-05,2.2744296903976005e-05,robust,LearningControllerState.STABLE,0.0016686499215915473,0.00019568623733512425,0.00011255806005827651,1770136134.165621
123,0.9996516108512878,0.9944526934312965,2.204100000025022e-05,2.2603637523230852e-05,fast,LearningControllerState.STABLE,0.0012997293549978917,0.0002532525102543204,0.0003704301487124084,1770136134.1665611
124,0.9998971819877625,0.9955415911425898,2.354200000009854e-05,2.279131001860439e-05,robust,LearningControllerState.STABLE,0.0010888977112932796,0.00012636001223764737,0.0002522713474126803,1770136134.167488
125,0.9998695850372314,0.9964071899215181,2.2583999999881144e-05,2.2749848014859745e-05,fast,LearningControllerState.STABLE,0.0008655987789283337,0.00022778395480305136,0.00015299896276843583,1770136134.1684291
126,0.9995617866516113,0.9970381092675369,2.299999999966218e-05,2.2799878411820234e-05,robust,LearningControllerState.STABLE,0.0006309193460187767,0.00046121334838833405,0.00015542561358650175,1770136134.169749
127,0.9998821020126343,0.9976069078165564,2.1790999999993232e-05,2.2598102729454835e-05,fast,LearningControllerState.STABLE,0.000568798549019478,0.00032316196786474904,0.0001396889873657159,1770136134.170671
128,0.9998459219932556,0.9980547106518962,2.3125000000234763e-05,2.270348218361082e-05,robust,LearningControllerState.STABLE,0.00044780283533985,0.00017720300674461953,0.00029380899411002304,1770136134.172032
129,0.9999613761901855,0.9984360437595541,2.3958999999962316e-05,2.2954585746881124e-05,fast,LearningControllerState.STABLE,0.0003813331076578663,0.0004303422355649289,6.258280981441544e-05,1770136134.172965
130,0.9998049736022949,0.9987098297281023,2.324999999991917e-05,2.3013668597488735e-05,robust,LearningControllerState.STABLE,0.00027378596854821247,0.0002182763977049973,0.00014390331249991561,1770136134.173897
131,0.9998337626457214,0.9989346163116262,2.170800000023121e-05,2.275253487803723e-05,fast,LearningControllerState.STABLE,0.0002247865835238727,0.00046306688308739297,0.00018794535427879566,1770136134.174815
132,0.9996544718742371,0.9990785874241485,2.3457999999365597e-05,2.2893627902302902e-05,robust,LearningControllerState.STABLE,0.00014397111252228978,0.00036898612576230505,0.00029771248208643186,1770136134.1757371
133,0.9999222755432129,0.9992473250479614,2.1583999999741366e-05,2.2631702321790596e-05,fast,LearningControllerState.STABLE,0.00016873762381297563,0.00032158885174560226,9.930845678685074e-05,1770136134.176673
134,0.999589204788208,0.9993157009960109,4.7291000000448946e-05,2.7563561857522266e-05,robust,LearningControllerState.STABLE,6.837594804942615e-05,0.00045808621179244113,0.0001719486122127023,1770136134.177721
135,0.9998554587364197,0.9994236525440927,2.195900000057094e-05,2.6442649486132003e-05,fast,LearningControllerState.STABLE,0.0001079515480818527,0.00015791279965249316,0.0001665002635808932,1770136134.178748
136,0.9995136260986328,0.9994416472550007,2.3459000000336516e-05,2.5845919588972906e-05,robust,LearningControllerState.STABLE,1.7994710908020295e-05,0.000509832901367524,0.00018169265728751327,1770136134.179731
137,0.999874472618103,0.9995282123276212,2.1790999999993232e-05,2.5034935671176973e-05,fast,LearningControllerState.STABLE,8.656507262050361e-05,0.0003178549919127249,0.0001473183818969659,1770136134.181081
138,0.9998356699943542,0.9995897038609679,2.3458999999448338e-05,2.4719748536831248e-05,robust,LearningControllerState.STABLE,6.149153334666924e-05,0.0001877890056452003,0.00034195194244368565,1770136134.182404
139,0.9998342990875244,0.9996386229062793,2.1749999999265412e-05,2.412579882931808e-05,fast,LearningControllerState.STABLE,4.891904531134639e-05,0.0008512120973511728,0.00018745091247485135,1770136134.183339
140,0.9991201162338257,0.9995349215717886,2.374999999954497e-05,2.405063906336346e-05,robust,LearningControllerState.STABLE,-0.00010370133449066898,0.0009036337661738614,0.0001308698961182131,1770136134.1842759
141,0.9994992613792419,0.9995277895332793,2.170800000023121e-05,2.3582111250737015e-05,fast,LearningControllerState.STABLE,-7.132038509327643e-06,0.00048615148525943397,0.0005224466207582878,1770136134.185241
142,0.9997276067733765,0.9995677529812987,2.3125000000234763e-05,2.3490689000636567e-05,robust,LearningControllerState.STABLE,3.996344801948659e-05,0.0002955182266237699,0.0004157367019654856,1770136134.1861708
143,0.9999253153800964,0.9996392654610583,2.150000000078478e-05,2.3092551200666214e-05,fast,LearningControllerState.STABLE,7.151247975956121e-05,0.0001891649356995373,9.618461990434923e-05,1770136134.187128
144,0.9996311664581299,0.9996376456604726,2.2833000000055392e-05,2.304064096054405e-05,robust,LearningControllerState.STABLE,-1.6198005856615794e-06,0.0003916665418701726,0.00022863193130451265,1770136134.188055
145,0.9997352957725525,0.9996571756828887,2.1499999999896602e-05,2.2732512768414564e-05,fast,LearningControllerState.STABLE,1.9530022416058834e-05,0.0006030490075987771,0.00028620422744740637,1770136134.189389
146,0.9998700618743896,0.9996997529211888,2.275000000029337e-05,2.2736010214790325e-05,robust,LearningControllerState.STABLE,4.257723830014548e-05,0.00015268812561064493,0.00023574927938874168,1770136134.1903071
147,0.9998462200164795,0.9997290463402471,2.1667000000391567e-05,2.2522208171910576e-05,fast,LearningControllerState.STABLE,2.9293419058218362e-05,0.00036002782440114345,0.00017544698352089938,1770136134.191235
148,0.9996616840362549,0.9997155738794486,2.3374999999603574e-05,2.269276653744918e-05,robust,LearningControllerState.STABLE,-1.3472460798413799e-05,0.00036169096374472076,0.00023436000042664773,1770136134.192209
149,0.9997113943099976,0.9997147379655585,2.175000000015359e-05,2.250421322999006e-05,fast,LearningControllerState.STABLE,-8.359138901070651e-07,0.00019281942367577187,0.000310355690002595,1770136134.1935492
150,0.9613494277000427,0.9920416759124554,2.4250000000058947e-05,2.285337058400384e-05,fast,LearningControllerState.STABLE,-0.007673062053103141,0.038674822299957334,0.023385944705779593,1770136134.194562
151,0.9659825563430786,0.9868298519985801,2.4000000000690136e-05,2.30826964673411e-05,robust,LearningControllerState.STABLE,-0.005211823913875313,0.03404144365692208,0.03459358201617402,1770136134.195552
152,0.960394561290741,0.9815427938570124,2.1749999999265412e-05,2.2816157173725965e-05,robust,LearningControllerState.STABLE,-0.005287058141567713,0.0948805906488337,0.0396271887092583,1770136134.2004569
153,0.9504523873329163,0.9753247125521932,2.1832999999915614e-05,2.2619525738963897e-05,fast,LearningControllerState.STABLE,-0.006218081304819156,0.10920367704409806,0.049569445667083656,1770136134.201396
154,0.8944878578186035,0.9591573416054753,2.3166999999268967e-05,2.2729020591024913e-05,fast,LearningControllerState.STABLE,-0.01616737094671794,0.10553530918139575,0.01535143238049308,1770136134.202347
155,0.9836739897727966,0.9640606712389397,2.3207999999996787e-05,2.282481647281929e-05,fast,LearningControllerState.STABLE,0.004903329633464404,0.016349218227203366,0.04386455432492031,1770136134.203279
156,0.8428690433502197,0.9398223456611958,2.3415999999443216e-05,2.294305317814408e-05,fast,LearningControllerState.STABLE,-0.024238325577743858,0.15715437264977972,0.05736535194796755,1770136134.2042189
157,0.9743766784667969,0.9467332122223161,2.308300000031238e-05,2.297104254257774e-05,fast,LearningControllerState.STABLE,0.006910866561120277,0.025646404533203437,0.04007334468496726,1770136134.205167
158,0.8936203122138977,0.9361106322206325,2.329200000072973e-05,2.303523403420814e-05,robust,LearningControllerState.STABLE,-0.01062258000168359,0.10640297978610302,0.05139020735568245,1770136134.2061062
159,0.948972225189209,0.9386829508143478,2.170800000023121e-05,2.2769787227412752e-05,fast,LearningControllerState.STABLE,0.002572318593715317,0.013083986763184008,0.05104948281079125,1770136134.207027
160,0.9820842146873474,0.9473632035889479,2.2874999999977774e-05,2.2790829781925758e-05,robust,LearningControllerState.STABLE,0.00868025277460005,0.017938660312652566,0.020268815574462806,1770136134.2079449
161,0.9584490656852722,0.9495803760082128,2.1541999999818984e-05,2.2541063825504404e-05,fast,LearningControllerState.STABLE,0.00221717241926489,0.12200664734649713,0.0415724763147276,1770136134.208864
162,0.8106584548950195,0.9217959917855741,2.9958999999912805e-05,2.4024651060386083e-05,fast,LearningControllerState.STABLE,-0.027784384222638625,0.18937150410498038,0.02814111061459368,1770136134.21416
163,0.9045889377593994,0.9183545809803393,2.3374999999603574e-05,2.3894720848229583e-05,robust,LearningControllerState.STABLE,-0.003441410805234857,0.09543443724060019,0.02311415092068536,1770136134.215221
164,0.9513387680053711,0.9249514183853458,2.141700000013458e-05,2.3399176678610582e-05,robust,LearningControllerState.STABLE,0.006596837405006495,0.12137577418154866,0.04868264899462904,1770136134.2161658
165,0.9540284276008606,0.9307668202284487,2.1790999999993232e-05,2.3077541342887112e-05,fast,LearningControllerState.STABLE,0.005815401843102919,0.04575097423916663,0.0459933633991394,1770136134.217103
166,0.9156652688980103,0.9277465099623611,2.3333999999763932e-05,2.3128833074262477e-05,fast,LearningControllerState.STABLE,-0.0030203102660876224,0.08435806510198951,0.04691354569589201,1770136134.218046
167,0.908781886100769,0.9239535851900427,2.2833000000055392e-05,2.3069666459421063e-05,fast,LearningControllerState.STABLE,-0.0037929247723184067,0.09124094689923101,0.03736751123046833,1770136134.219002
168,0.9792316555976868,0.9350091992715714,2.3082999999424203e-05,2.3072333167421693e-05,fast,LearningControllerState.STABLE,0.011055614081528775,0.020791427402312657,0.012308806892578517,1770136134.219926
169,0.9733564257621765,0.9426786445696924,2.275000000029337e-05,2.300786653399603e-05,fast,LearningControllerState.STABLE,0.007669445298120969,0.02666632423782378,0.04965360842550659,1770136134.2208471
170,0.9394152164459229,0.9420259589449386,2.3125000000234763e-05,2.3031293227243776e-05,robust,LearningControllerState.STABLE,-0.000652685624753846,0.06060790855407738,0.02747241915130605,1770136134.22177
171,0.9732569456100464,0.9482721562779602,2.175000000015359e-05,2.277503458182574e-05,fast,LearningControllerState.STABLE,0.006246197333021675,0.08071602365512032,0.026764804389953767,1770136134.226646
172,0.9317046403884888,0.944958653100066,2.4000000000690136e-05,2.302002766559862e-05,robust,LearningControllerState.STABLE,-0.0033135031778942503,0.06831935961151192,0.08692297310656727,1770136134.227715
173,0.9712004661560059,0.950207015711254,2.4042000000612518e-05,2.32244221326014e-05,robust,LearningControllerState.STABLE,0.0052483626111879955,0.06158962693768277,0.028823575843994753,1770136134.22879
174,0.9831835627555847,0.9568023251201202,2.437500000063153e-05,2.3454537706207426e-05,robust,LearningControllerState.STABLE,0.006595309408866212,0.052263916099731134,0.016840812244415915,1770136134.22988
175,0.9399160742759705,0.9534250749512903,2.204100000025022e-05,2.3171830165015987e-05,robust,LearningControllerState.STABLE,-0.0033772501688299483,0.10153555586587526,0.06010596672402979,1770136134.23085
176,0.95784592628479,0.9543092452179902,2.195900000057094e-05,2.2929264132126978e-05,robust,LearningControllerState.STABLE,0.0008841702666999574,0.10251700694674692,0.04217603271521053,1770136134.231807
177,0.9462780356407166,0.9527030033025354,2.1833999999998355e-05,2.2710211305701257e-05,robust,LearningControllerState.STABLE,-0.0016062419154547758,0.04561673130017141,0.053743798359283446,1770136134.232734
178,0.955994188785553,0.9533612403991389,2.175000000015359e-05,2.2518169044591723e-05,robust,LearningControllerState.STABLE,0.0006582370966035089,0.03668418328057843,0.044027561214447175,1770136134.233661
179,0.9811439514160156,0.9589177826025144,2.2666999999643167e-05,2.2547935235602015e-05,robust,LearningControllerState.STABLE,0.005556542203375425,0.07014475888098204,0.018878715583984018,1770136134.23857
180,0.9751602411270142,0.9621662743074144,2.170800000023121e-05,2.2379948188527854e-05,robust,LearningControllerState.STABLE,0.0032484917049000472,0.15114237717800894,0.02486146687298607,1770136134.239552
181,0.9599146246910095,0.9617159443841334,2.166699999950339e-05,2.2237358550722963e-05,fast,LearningControllerState.STABLE,-0.00045032992328097876,0.026589128967102305,0.04010704230898998,1770136134.240478
182,0.9254202246665955,0.9544568004406259,2.2957999999739798e-05,2.2381486840526332e-05,fast,LearningControllerState.STABLE,-0.007259143943507573,0.07460273333340428,0.08229845771789535,1770136134.241395
183,0.9168955683708191,0.9469445540266646,2.379199999946735e-05,2.2663589472314537e-05,fast,LearningControllerState.STABLE,-0.00751224641396131,0.08312822362918038,0.05010944035339282,1770136134.242321
184,0.9517735242843628,0.9479103480782043,2.5500000000455714e-05,2.3230871577942773e-05,fast,LearningControllerState.STABLE,0.0009657940515397367,0.04825197571563766,0.02221490143566829,1770136134.2473018
185,0.9299091100692749,0.9443101004764185,2.3416999999525956e-05,2.3268097262259412e-05,robust,LearningControllerState.STABLE,-0.0036002476017857887,0.07011430693072462,0.031082982089995603,1770136134.2482839
186,0.9133232831954956,0.938112737020234,2.1790999999993232e-05,2.2972677809806176e-05,fast,LearningControllerState.STABLE,-0.00619736345618449,0.08833822409402448,0.08669850780450439,1770136134.249206
187,0.9663949608802795,0.9437691817922432,2.358299999993818e-05,2.309474224783258e-05,fast,LearningControllerState.STABLE,0.005656444772009217,0.0336286221197204,0.04107869862347435,1770136134.250195
188,0.9473691582679749,0.9444891770873897,2.3165999999186226e-05,2.3108993798103313e-05,fast,LearningControllerState.STABLE,0.0007199952951464361,0.05265400773202433,0.03912777420462099,1770136134.251144
189,0.8877102136611938,0.9331333844021505,2.379199999946735e-05,2.324559503837612e-05,fast,LearningControllerState.STABLE,-0.011355792685239119,0.11231357833880562,0.00958495160311923,1770136134.252085
190,0.9625937342643738,0.9390254543745952,2.3457999999365597e-05,2.3288076030574016e-05,fast,LearningControllerState.STABLE,0.005892069972444625,0.037429723735625586,0.03286838664282232,1770136134.2530088
191,0.9044116735458374,0.9321026982088436,2.3166000000074405e-05,2.3263660824474098e-05,robust,LearningControllerState.STABLE,-0.0069227561657515535,0.09561149245416267,0.03154936983071899,1770136134.2539399
192,0.9910152554512024,0.9438852096573155,2.1874999999837996e-05,2.298592865954688e-05,robust,LearningControllerState.STABLE,0.011782511448471866,0.033259095019928075,0.009006619548797445,1770136134.254904
193,0.9837630987167358,0.9518607874691996,2.3333999999763932e-05,2.305554292759029e-05,robust,LearningControllerState.STABLE,0.007975577811884071,0.06406196150952148,0.016260235283263924,1770136134.2597811
194,0.9840990900993347,0.9583084479952266,2.962500000069923e-05,2.4369434342212082e-05,robust,LearningControllerState.STABLE,0.006447660526027077,0.06756054615783658,0.015930534900665982,1770136134.260813
195,0.9835163950920105,0.9633500374145835,2.2625000000608964e-05,2.402054747389146e-05,robust,LearningControllerState.STABLE,0.00504158941935684,0.016375197666534724,0.01650622990799011,1770136134.261871
196,0.9718510508537292,0.9650502401024127,2.1916999999760378e-05,2.3599837979065243e-05,fast,LearningControllerState.STABLE,0.001700202687829222,0.10243069339788757,0.028170866146270512,1770136134.262846
197,0.9474616646766663,0.9615325250172635,2.404199999972434e-05,2.3688270383197064e-05,robust,LearningControllerState.STABLE,-0.003517715085149198,0.052562377323333465,0.07286105665951492,1770136134.267722
198,0.9145004153251648,0.9521261030788437,2.2083999999367165e-05,2.336741630643109e-05,robust,LearningControllerState.STABLE,-0.009406421938419784,0.13272574105853252,0.08552166867483457,1770136134.268749
199,0.9265978932380676,0.9470204611106885,2.200000000041058e-05,2.309393304522699e-05,fast,LearningControllerState.STABLE,-0.005105641968155217,0.08246182632846111,0.07342410676193278,1770136134.269723
200,0.67540043592453,0.8926964560734569,2.3416000000331394e-05,2.315834643624787e-05,robust,LearningControllerState.STABLE,-0.05432400503723156,0.3246229800754703,0.054401840591430606,1770136134.2706969
201,0.7791072726249695,0.8699786193837595,2.175000000015359e-05,2.2876677149029014e-05,fast,LearningControllerState.STABLE,-0.0227178366896974,0.1061210372348933,0.22091447737503067,1770136134.2716732
202,0.9122396111488342,0.8784308177367746,2.3125000000234763e-05,2.2926341719270167e-05,fast,LearningControllerState.STABLE,0.008452198353015028,0.087783513851166,0.10449453078115845,1770136134.2726028
203,0.8476455807685852,0.8722737703431367,2.3875000000117552e-05,2.3116073375439646e-05,fast,LearningControllerState.STABLE,-0.006157047393637871,0.1523782942314149,0.08811573662966943,1770136134.277555
204,0.6941280961036682,0.836644635495243,2.408299999956398e-05,2.3309458700264516e-05,robust,LearningControllerState.STABLE,-0.03562913484789365,0.30589598689633135,0.09874427328109725,1770136134.27857
205,0.8429097533226013,0.8378976590607148,2.200000000041058e-05,2.304756696029373e-05,fast,LearningControllerState.STABLE,0.0012530235654717448,0.19125433376293977,0.1571122466773991,1770136134.279518
206,0.6135963797569275,0.7930374031999574,2.3167000000157145e-05,2.3071453568266417e-05,robust,LearningControllerState.STABLE,-0.04486025586075737,0.38642678724307267,0.18637989802932697,1770136134.28045
207,0.8468060493469238,0.8037911324293507,2.1499999999896602e-05,2.2757162854592458e-05,fast,LearningControllerState.STABLE,0.010753729229393327,0.2682850520895075,0.15321545065307607,1770136134.281408
208,0.7917612791061401,0.8013851617647086,2.3415999999443216e-05,2.2888930283562608e-05,fast,LearningControllerState.STABLE,-0.0024059706646420986,0.2082621368938593,0.2072018690072941,1770136134.282345
209,0.8440434336662292,0.8099168161450129,2.275000000029337e-05,2.2861144226908764e-05,fast,LearningControllerState.STABLE,0.008531654380304232,0.15597931633377105,0.16107246250878937,1770136134.283284
210,0.951306164264679,0.8381946857689462,2.412500000037454e-05,2.311391538160192e-05,fast,LearningControllerState.STABLE,0.028277869623933305,0.04871796073532142,0.027183108089446684,1770136134.284252
211,0.9334978461265564,0.8572553178404683,2.329199999984155e-05,2.3149532305249847e-05,fast,LearningControllerState.STABLE,0.019060632071522088,0.06652544587344345,0.01658773431777938,1770136134.285213
212,0.9740223288536072,0.8806087200430961,2.3207999999996787e-05,2.3161225844199235e-05,robust,LearningControllerState.STABLE,0.023353402202627827,0.02600087914639282,0.031234318050567644,1770136134.286149
213,0.9392298460006714,0.8923329452346113,2.1749999999265412e-05,2.287898067521247e-05,fast,LearningControllerState.STABLE,0.01172422519151517,0.11939319869631948,0.06079190399932788,1770136134.2871091
214,0.9296002388000488,0.8997864039476988,2.3624999999860563e-05,2.302818454014209e-05,robust,LearningControllerState.STABLE,0.007453458713087557,0.07042338619995103,0.05386956415975952,1770136134.288063
215,0.9524463415145874,0.9103183914610765,2.1916999999760378e-05,2.280594763206575e-05,robust,LearningControllerState.STABLE,0.010531987513377694,0.015311619105926155,0.04757557548541236,1770136134.292982
216,0.9553177952766418,0.9193182722241896,2.2458000000113998e-05,2.2736358105675403e-05,fast,LearningControllerState.STABLE,0.008999880763113088,0.08657120193463186,0.04470466272335827,1770136134.293976
217,0.9574900269508362,0.926952623169519,2.5542000000378096e-05,2.3297486484615942e-05,robust,LearningControllerState.STABLE,0.007634350945329382,0.042535515049164196,0.01660561401367122,1770136134.2950342
218,0.9741036891937256,0.9363828363743604,2.2624999999720785e-05,2.3162989187636912e-05,robust,LearningControllerState.STABLE,0.009430213204841387,0.08517249547994954,0.025918935806274135,1770136134.296018
219,0.9872318506240845,0.9465526392243052,2.3624999999860563e-05,2.3255391350081644e-05,robust,LearningControllerState.STABLE,0.010169802849944842,0.1209653568304141,0.012791774375915388,1770136134.297001
220,0.9707215428352356,0.9513864199464913,2.2374999999463796e-05,2.3079313079958077e-05,robust,LearningControllerState.STABLE,0.0048337807221860984,0.08869491373043825,0.029300832164763868,1770136134.298041
221,0.9698464870452881,0.9550784333662508,2.2915999999817416e-05,2.3046650463929948e-05,robust,LearningControllerState.STABLE,0.0036920134197594434,0.03159531103533908,0.03017642895471173,1770136134.2990432
222,0.9445666670799255,0.9529760801089858,2.5499999999567535e-05,2.3537320371057467e-05,fast,LearningControllerState.STABLE,-0.002102353257264933,0.13467363066482552,0.05545883292007403,1770136134.3005629
223,0.9454799294471741,0.9514768499766235,2.516600000035396e-05,2.386305629691677e-05,robust,LearningControllerState.STABLE,-0.0014992301323623058,0.05454523655282628,0.02220637627392552,1770136134.3017678
224,0.9801569581031799,0.9572128716019348,2.2458000000113998e-05,2.3582045037556216e-05,robust,LearningControllerState.STABLE,0.005736021625311283,0.033199093212310515,0.019865499896820182,1770136134.302748
225,0.9679473042488098,0.9593597581313098,2.2291999999701773e-05,2.3324036029985326e-05,fast,LearningControllerState.STABLE,0.002146886529375003,0.03417547713088975,0.03207498775118989,1770136134.303714
226,0.9605271220207214,0.9595932309091921,2.3708000000510765e-05,2.3400828824090417e-05,robust,LearningControllerState.STABLE,0.00023347277788232645,0.039496585979279075,0.06765072921789539,1770136134.304692
227,0.9640630483627319,0.9604871943999002,2.274999999940519e-05,2.3270663059153372e-05,fast,LearningControllerState.STABLE,0.0008939634907080274,0.013984188457489388,0.03595970163726747,1770136134.305681
228,0.9277981519699097,0.9539493859139021,2.3084000000395122e-05,2.3233330447401724e-05,robust,LearningControllerState.STABLE,-0.006537808485998053,0.07222493203009073,0.033349764102935,1770136134.3066409
229,0.9601795673370361,0.9551954221985289,2.3915999999957194e-05,2.336986435791282e-05,robust,LearningControllerState.STABLE,0.001246036284626828,0.10116023220843484,0.039844348662963824,1770136134.307609
230,0.9402251243591309,0.9522013626306494,2.3500000000176158e-05,2.3395891486365488e-05,robust,LearningControllerState.STABLE,-0.00299405956787957,0.14850486199587998,0.05979837564086932,1770136134.3126478
231,0.987929105758667,0.9593469112562529,2.2417000000274356e-05,2.3200113189147265e-05,robust,LearningControllerState.STABLE,0.0071455486256035705,0.07888343059576375,0.012093311241333282,1770136134.3136792
232,0.9583256840705872,0.9591426658191199,2.2582999999798403e-05,2.3076690551277494e-05,fast,LearningControllerState.STABLE,-0.00020424543713304377,0.06382362090719607,0.04169689892941264,1770136134.314657
233,0.9006192088127136,0.9474379744178386,2.558299999932956e-05,2.357795244088791e-05,robust,LearningControllerState.STABLE,-0.011704691401281275,0.0994063741872857,0.04807909691983081,1770136134.3156211
234,0.9283286929130554,0.9436161181168821,2.2124999999206807e-05,2.3287361952551687e-05,fast,LearningControllerState.STABLE,-0.00382185630095655,0.04264802715319771,0.07169343208694379,1770136134.316603
235,0.9314822554588318,0.9411893455852721,2.358400000002092e-05,2.3346689562045535e-05,fast,LearningControllerState.STABLE,-0.002426772531609944,0.06854132854116823,0.02261596927642806,1770136134.317544
236,0.8782198429107666,0.9285954450503711,2.324999999991917e-05,2.3327351649620263e-05,fast,LearningControllerState.STABLE,-0.012593900534901059,0.12180340708923332,0.044737083091918706,1770136134.318493
237,0.9518040418624878,0.9332371644127945,2.304199999958456e-05,2.3270281319613125e-05,robust,LearningControllerState.STABLE,0.004641719362423413,0.04821900013751179,0.034859353569030915,1770136134.319423
238,0.9536342620849609,0.9373165839472278,2.1874999999837996e-05,2.29912250556581e-05,fast,LearningControllerState.STABLE,0.0040794195344333595,0.07973967062014786,0.0463876129150389,1770136134.320353
239,0.9236525297164917,0.9345837731010807,2.3458000000253776e-05,2.3084580044577238e-05,fast,LearningControllerState.STABLE,-0.0027328108461471823,0.07637092828350855,0.028866629699707325,1770136134.32131
240,0.8550223112106323,0.9186714807229911,2.3333999999763932e-05,2.313446403561458e-05,robust,LearningControllerState.STABLE,-0.015912292378089554,0.14500102278936744,0.038150214797791016,1770136134.32228
241,0.9578259587287903,0.926502376324151,2.1542000000707162e-05,2.2815971228633095e-05,fast,LearningControllerState.STABLE,0.007830895601159904,0.05397986503182928,0.042195583271210424,1770136134.323243
242,0.9290529489517212,0.9270124908496651,2.3665999999700205e-05,2.298597698284652e-05,robust,LearningControllerState.STABLE,0.0005101145255140827,0.07097071704827851,0.04651695522671506,1770136134.324173
243,0.950796902179718,0.9317693731156758,2.1749999999265412e-05,2.27387815861303e-05,fast,LearningControllerState.STABLE,0.004756882266010676,0.07749925725555418,0.04922484782028125,1770136134.3251011
244,0.8723657727241516,0.919888653037371,2.329099999975881e-05,2.2849225268856002e-05,fast,LearningControllerState.STABLE,-0.011880720078304763,0.12765751827584815,0.061736583805084067,1770136134.32604
245,0.8438287973403931,0.9046766818979755,2.3666000000588383e-05,2.301258021520248e-05,fast,LearningControllerState.STABLE,-0.015211971139395541,0.15619486865960752,0.06599888276690624,1770136134.327036
246,0.9368896484375,0.9111192752058804,2.462500000000034e-05,2.3335064172162053e-05,fast,LearningControllerState.STABLE,0.006442593307904976,0.0631349765625,0.021044563770477254,1770136134.3281028
247,0.9511396288871765,0.9191233459421397,2.3666000000588383e-05,2.3401251337847322e-05,robust,LearningControllerState.STABLE,0.008004070736259306,0.048884037112824075,0.02346205018579095,1770136134.329092
248,0.9714739322662354,0.9295934632069589,2.2125000000094985e-05,2.3146001070296854e-05,robust,LearningControllerState.STABLE,0.010470117264819168,0.046226194583709024,0.028548192733764743,1770136134.330059
249,0.9375688433647156,0.9311885392385103,2.1916999999760378e-05,2.2900200856189558e-05,robust,LearningControllerState.STABLE,0.0015950760315514012,0.1360922075347908,0.062453073635284184,1770136134.33101
250,0.9936169981956482,0.943674231029938,2.2375000000351974e-05,2.2795160685022042e-05,robust,LearningControllerState.STABLE,0.012485691791427667,0.05338415860730006,0.006405376804352159,1770136134.331996
251,0.9600198268890381,0.946943350201758,2.258300000068658e-05,2.2752728548154952e-05,fast,LearningControllerState.STABLE,0.003269119171820045,0.07496334120178183,0.0400027561109626,1770136134.3329742
252,0.9632543921470642,0.9502055585908193,2.358299999993818e-05,2.2918782838511598e-05,robust,LearningControllerState.STABLE,0.0032622083890613274,0.03676919085293573,0.045214522087280606,1770136134.337873
253,0.9449370503425598,0.9491518569411674,2.362500000074874e-05,2.3060026270959027e-05,robust,LearningControllerState.STABLE,-0.0010537016496519058,0.06974193641262794,0.055086574657440934,1770136134.3427682
254,0.9503557085990906,0.9493926272727521,2.229200000058995e-05,2.290642101688521e-05,robust,LearningControllerState.STABLE,0.0002407703315846499,0.03132686352920544,0.049666583400910014,1770136134.347617
255,0.9344192743301392,0.9463979566842295,2.1792000000075973e-05,2.2683536813523364e-05,fast,LearningControllerState.STABLE,-0.002994670588522541,0.0932768381229554,0.06560251766986092,1770136134.348552
256,0.9603306651115417,0.949184498369692,2.35410000000158e-05,2.2855029450821854e-05,robust,LearningControllerState.STABLE,0.0027865416854624403,0.03969287588845827,0.06677925619488523,1770136134.349478
257,0.9670552015304565,0.952758639001845,2.1582999999658625e-05,2.2600623560589208e-05,fast,LearningControllerState.STABLE,0.003574140632153,0.12818272521954377,0.032966381469543116,1770136134.350404
258,0.9423543214797974,0.9506777754974355,2.299999999966218e-05,2.2680498848403804e-05,fast,LearningControllerState.STABLE,-0.0020808635044095025,0.0576686785202023,0.0655888858108522,1770136134.351381
259,0.8740151524543762,0.9353452508888236,3.2040999999871644e-05,2.4552599078697374e-05,robust,LearningControllerState.STABLE,-0.015332524608611897,0.12601688854562365,0.012304670707336207,1770136134.356493
260,0.9744837284088135,0.9431729463928217,2.3667000000671123e-05,2.4375479263092126e-05,fast,LearningControllerState.STABLE,0.007827695503998089,0.1388228500329891,0.025539938591187195,1770136134.3575501
261,0.890202522277832,0.9325788615698238,2.5790999999664166e-05,2.4658583410406536e-05,robust,LearningControllerState.STABLE,-0.01059408482299784,0.10982326872216763,0.018900519535065108,1770136134.358542
262,0.9703887701034546,0.94014084327655,2.220899999993975e-05,2.416866672831318e-05,robust,LearningControllerState.STABLE,0.007561981706726173,0.08114260251635752,0.02963343889654535,1770136134.359489
263,0.9491505026817322,0.9419427751575865,2.2416000000191616e-05,2.381813338268887e-05,robust,LearningControllerState.STABLE,0.0018019318810365004,0.217830231868561,0.050871913318268014,1770136134.360435
264,0.9391680359840393,0.9413878273228771,2.2040999999362043e-05,2.3462706706023508e-05,robust,LearningControllerState.STABLE,-0.0005549478347094405,0.04332070031375146,0.060854005015960055,1770136134.365338
265,0.9788340926170349,0.9488770803817086,2.1792000000075973e-05,2.3128565364834002e-05,robust,LearningControllerState.STABLE,0.007489253058831524,0.05189901839446964,0.021187699382965164,1770136134.3703182
266,0.9552863836288452,0.950158941031136,2.1874999999837996e-05,2.2877852291834802e-05,robust,LearningControllerState.STABLE,0.0012818606494273688,0.1307407951315005,0.04473549137115462,1770136134.3712919
267,0.9318409562110901,0.9464953440671269,2.1792000000075973e-05,2.266068183348304e-05,robust,LearningControllerState.STABLE,-0.003663596964009086,0.09923013822918758,0.06818083578890999,1770136134.37226
268,0.8994222283363342,0.9370807209209684,2.195799999960002e-05,2.2520145466706434e-05,robust,LearningControllerState.STABLE,-0.009414623146158485,0.2769984574581299,0.10059972966366537,1770136134.373195
269,0.956337034702301,0.940931983677235,2.1625000000469186e-05,2.2341116373458987e-05,fast,LearningControllerState.STABLE,0.0038512627562665713,0.02549664122372519,0.043684590297699444,1770136134.374138
270,0.8586577773094177,0.9244771424036716,2.358400000002092e-05,2.2589693098771373e-05,fast,LearningControllerState.STABLE,-0.016454841273563336,0.1413658066905823,0.055360526325592296,1770136134.375068
271,0.94144606590271,0.9278709271034794,2.7041000000060933e-05,2.3479954479029285e-05,fast,LearningControllerState.STABLE,0.003393784699807778,0.0585809750972901,0.061160431797210535,1770136134.380094
272,0.9218062162399292,0.9266579849307695,2.4374999999743352e-05,2.3658963583172098e-05,robust,LearningControllerState.STABLE,-0.001212942172709952,0.07821815876007054,0.02406716309774737,1770136134.381121
273,0.9513083696365356,0.9315880618719228,2.2415999999303438e-05,2.3410370866398367e-05,fast,LearningControllerState.STABLE,0.004930076941153327,0.1086063221548157,0.04871404636346366,1770136134.382118
274,0.8856306672096252,0.9223965829394634,2.3875000000117552e-05,2.3503296693142207e-05,robust,LearningControllerState.STABLE,-0.009191478932459418,0.11439320779037487,0.06181631598263504,1770136134.383103
275,0.9441769123077393,0.9267526488131186,2.250000000003638e-05,2.3302637354521043e-05,robust,LearningControllerState.STABLE,0.004356065873655224,0.16876481621951278,0.05584558769226078,1770136134.384059
276,0.9088716506958008,0.923176449189655,2.2833000000055392e-05,2.3208709883627913e-05,fast,LearningControllerState.STABLE,-0.0035761996234635607,0.03299350204849283,0.09115118230419927,1770136134.389036
277,0.9494156837463379,0.9284242961009916,2.4208000000136565e-05,2.3408567906929643e-05,robust,LearningControllerState.STABLE,0.005247846911336618,0.050608524253662246,0.0775684770852969,1770136134.390021
278,0.9362499713897705,0.9299894311587474,2.2832999999167214e-05,2.329345432537716e-05,robust,LearningControllerState.STABLE,0.0015651350577557954,0.11598160301571703,0.06377286161022866,1770136134.394947
279,0.8893466591835022,0.9218608767636984,2.7125000000793875e-05,2.4059763460460505e-05,fast,LearningControllerState.STABLE,-0.008128554395049004,0.2068363016050414,0.1106804658164986,1770136134.3960562
280,0.852659285068512,0.9080205584246612,2.4749999999684746e-05,2.4197810768305353e-05,robust,LearningControllerState.STABLE,-0.013840318339037205,0.14736546493148772,0.09271734839211998,1770136134.397126
281,0.8730027675628662,0.9010170002523024,2.2040999999362043e-05,2.3766448614516692e-05,robust,LearningControllerState.STABLE,-0.00700355817235887,0.13245057173901387,0.12701927343713315,1770136134.3980968
282,0.9405809044837952,0.908929781098601,2.1917000000648557e-05,2.3396558891743067e-05,robust,LearningControllerState.STABLE,0.00791278084629865,0.03907466230355805,0.05944101251620548,1770136134.399039
283,0.9483163952827454,0.91680710393543,2.1833999999998355e-05,2.3084047113394127e-05,robust,LearningControllerState.STABLE,0.00787732283682896,0.1485618814775389,0.05170543871725464,1770136134.403887
284,0.9311304092407227,0.9196717649964885,2.2082999999284425e-05,2.288383769057219e-05,robust,LearningControllerState.STABLE,0.0028646610610585377,0.05887930822772258,0.06889167375927663,1770136134.404844
285,0.8685097098350525,0.9094393539642014,2.19999999995224e-05,2.2707070152362233e-05,fast,LearningControllerState.STABLE,-0.010232411032287114,0.03517464260519443,0.13151229016494703,1770136134.405781
286,0.8657799959182739,0.900707482355016,2.3207999999996787e-05,2.2807256121889146e-05,fast,LearningControllerState.STABLE,-0.008731871609185426,0.13424321208172607,0.10786315290850812,1770136134.406708
287,0.9380205869674683,0.9081701032775065,2.3375000000491752e-05,2.2920804897609668e-05,fast,LearningControllerState.STABLE,0.007462620922490504,0.06200278803253223,0.1108877777937014,1770136134.407635
288,0.9633499383926392,0.919206070300533,2.279200000021575e-05,2.2895043918130888e-05,robust,LearningControllerState.STABLE,0.01103596702302656,0.036672853607361056,0.03534261621493506,1770136134.408567
289,0.9298319816589355,0.9213312525722136,2.1499999999896602e-05,2.2616035134484035e-05,fast,LearningControllerState.STABLE,0.00212518227168057,0.07550867691076668,0.07018951834106435,1770136134.409502
290,0.8676996231079102,0.910604926679353,2.279200000021575e-05,2.265122810763038e-05,robust,LearningControllerState.STABLE,-0.0107263258928606,0.13232316889209006,0.05916244503439394,1770136134.410432
291,0.9698356986045837,0.9224510810643992,2.2165999999934627e-05,2.255418248609123e-05,fast,LearningControllerState.STABLE,0.011846154385046215,0.09617696967297373,0.030186467395416194,1770136134.4114811
292,0.7383645176887512,0.8856337683892697,2.4709000000733283e-05,2.298514598901964e-05,robust,LearningControllerState.STABLE,-0.036817312675129554,0.2616601913112495,0.06084032057553124,1770136134.4124548
293,0.9697445631027222,0.9024559273319602,2.2124999999206807e-05,2.2813116791057077e-05,robust,LearningControllerState.STABLE,0.016822158942690568,0.1916916714137873,0.03027756189727704,1770136134.413408
294,0.9513282775878906,0.9122303973831464,2.1625000000469186e-05,2.25754934329395e-05,robust,LearningControllerState.STABLE,0.009774470051186146,0.21603873729306056,0.048693347412109844,1770136134.414367
295,0.9394293427467346,0.9176701864558641,2.1958000000488198e-05,2.245199474644924e-05,robust,LearningControllerState.STABLE,0.005439789072717693,0.11857636359787005,0.06059261525326587,1770136134.4152992
296,0.9707767963409424,0.9282915084328798,2.1582999999658625e-05,2.2278195797091118e-05,fast,LearningControllerState.STABLE,0.010621321977015707,0.1645280526735231,0.029244786659057276,1770136134.416227
297,0.9464976787567139,0.9319327424976467,2.3209000000079527e-05,2.2464356637688803e-05,robust,LearningControllerState.STABLE,0.0036412340647669073,0.05352553024328621,0.05399084100723339,1770136134.417155
298,0.9407904148101807,0.9337042769601536,2.170900000031395e-05,2.231328531021383e-05,robust,LearningControllerState.STABLE,0.0017715344625068852,0.11579351175653141,0.05923129418981965,1770136134.418091
299,0.9154374599456787,0.9300509135572587,2.1874999999837996e-05,2.2225628248138667e-05,fast,LearningControllerState.STABLE,-0.0036533634028949047,0.0822703457908629,0.08458441505432113,1770136134.4229372
300,0.8379451036453247,0.9116297515748719,2.3124999999346585e-05,2.2405502598380252e-05,fast,LearningControllerState.STABLE,-0.018421161982386747,0.16207802135467464,0.04908117623101749,1770136134.4242508
301,0.9254481196403503,0.9143934251879676,2.3125000000234763e-05,2.2549402078751157e-05,fast,LearningControllerState.STABLE,0.0027636736130957074,0.07457500535964989,0.09529026232565307,1770136134.425188
302,0.6862902045249939,0.8687727810553729,2.3166000000074405e-05,2.267272166301581e-05,fast,LearningControllerState.STABLE,-0.0456206441325947,0.3137329614750062,0.15999462592660496,1770136134.426122
303,0.8296453952789307,0.8609473039000846,2.2833000000055392e-05,2.2704777330423728e-05,fast,LearningControllerState.STABLE,-0.007825477155288363,0.1703774377210694,0.09562067449951162,1770136134.4270542
304,0.8580979704856873,0.8603774372172052,2.3875000000117552e-05,2.2938821864362495e-05,robust,LearningControllerState.STABLE,-0.0005698666828793941,0.14192590451431286,0.17255380697613543,1770136134.431961
305,0.8330276012420654,0.8549074700221773,2.1874999999837996e-05,2.2726057491457598e-05,robust,LearningControllerState.STABLE,-0.005469967195027903,0.24204959062194842,0.1669942737579344,1770136134.432918
306,0.9561862945556641,0.8751632349288747,2.1583999999741366e-05,2.2497645993114353e-05,robust,LearningControllerState.STABLE,0.02025576490669745,0.32720745028686515,0.04383528944433568,1770136134.433857
307,0.8451839089393616,0.8691673697309721,2.170800000023121e-05,2.2339716794537724e-05,robust,LearningControllerState.STABLE,-0.005995865197902628,0.46582287366503916,0.15483779906063866,1770136134.434782
308,0.9687615036964417,0.889086196524066,2.200000000041058e-05,2.2271773435712297e-05,robust,LearningControllerState.STABLE,0.01991882679309387,0.07610689275360194,0.03126049630355876,1770136134.435724
309,0.9176102876663208,0.8947910147525169,2.1583999999741366e-05,2.213421874851811e-05,robust,LearningControllerState.STABLE,0.005704818228450925,0.15030522175579808,0.08241129633367894,1770136134.436646
310,0.9799778461456299,0.9118283810311395,2.1792000000075973e-05,2.2065774998829685e-05,robust,LearningControllerState.STABLE,0.017037366278622623,0.02430745181619276,0.020043945854370193,1770136134.437592
311,0.9826512336730957,0.9259929515595308,2.175000000015359e-05,2.2002619999094467e-05,robust,LearningControllerState.STABLE,0.014164570528391263,0.03980843192254646,0.01737051632690445,1770136134.438528
312,0.988554835319519,0.9385053283115284,2.1124999999955207e-05,2.1827095999266617e-05,robust,LearningControllerState.STABLE,0.012512376751997678,0.020699595249358715,0.011466289680480912,1770136134.439448
313,0.9857591390609741,0.9479560904614177,2.1749999999265412e-05,2.1811676799266375e-05,robust,LearningControllerState.STABLE,0.009450762149889269,0.03717952806472802,0.014262610939025144,1770136134.440373
314,0.9879422187805176,0.9559533161252377,2.1292000000450173e-05,2.1707741439503137e-05,robust,LearningControllerState.STABLE,0.007997225663819996,0.021433077426544322,0.012079073219482872,1770136134.4412942
315,0.9935440421104431,0.9634714613222788,2.1832999999915614e-05,2.1732793151585633e-05,fast,LearningControllerState.STABLE,0.007518145197041082,0.0488807366945192,0.0064777908895568,1770136134.442213
316,0.9880972504615784,0.9683966191501387,2.270899999956555e-05,2.1928034521181616e-05,robust,LearningControllerState.STABLE,0.004925157827859961,0.011925458538421196,0.020924741294860993,1770136134.443132
317,0.9807758927345276,0.9708724738670166,2.6749999999964302e-05,2.2892427616938153e-05,robust,LearningControllerState.STABLE,0.0024758547168778344,0.030148606167022862,0.019250857265472376,1770136134.444128
318,0.9946718811988831,0.9756323553333899,2.2874999999977774e-05,2.2888942093546077e-05,fast,LearningControllerState.STABLE,0.004759881466373295,0.029303875862304984,0.005350993801116921,1770136134.445179
319,0.9788814187049866,0.9762821680077093,2.3624999999860563e-05,2.3036153674808973e-05,robust,LearningControllerState.STABLE,0.0006498126743194055,0.02114220629501329,0.007177853233154785,1770136134.446134
320,0.9900369048118591,0.9790331153685393,2.1666000000308827e-05,2.2762122939908948e-05,robust,LearningControllerState.STABLE,0.002750947360830036,0.046341089175994554,0.009984761188141178,1770136134.447083
321,0.9940885901451111,0.9820442103238538,2.1792000000075973e-05,2.2568098351942355e-05,robust,LearningControllerState.STABLE,0.003011094955314486,0.018692317580811135,0.005933201854888992,1770136134.448019
322,0.9878299236297607,0.9832013529850352,2.1667000000391567e-05,2.23878786816322e-05,robust,LearningControllerState.STABLE,0.0011571426611813873,0.02953076781463615,0.01219174337023965,1770136134.448957
323,0.9780079126358032,0.9821626649151889,2.2125000000094985e-05,2.2335302945324756e-05,robust,LearningControllerState.STABLE,-0.0010386880698463052,0.015100906337738529,0.022014212364196872,1770136134.449888
324,0.9941578507423401,0.9845617020806192,2.1625000000469186e-05,2.2193242356353643e-05,robust,LearningControllerState.STABLE,0.002399037165430329,0.01376657815515081,0.005863774257660381,1770136134.450817
325,0.9911450743675232,0.985878376538,2.1667000000391567e-05,2.208799388516123e-05,robust,LearningControllerState.STABLE,0.0013166744573808176,0.04442484207897923,0.008876592632477198,1770136134.451782
326,0.9861108660697937,0.9859248744443588,2.1541999999818984e-05,2.197879510809278e-05,robust,LearningControllerState.STABLE,4.649790635880002e-05,0.04242848610687311,0.013910675930206118,1770136134.45271
327,0.9840789437294006,0.9855556883013672,2.1625000000469186e-05,2.1908036086568064e-05,fast,LearningControllerState.STABLE,-0.0003691861429916399,0.05227624028414901,0.015942681270599834,1770136134.4536371
328,0.9708268046379089,0.9826099115686755,2.3167000000157145e-05,2.2159828869285883e-05,robust,LearningControllerState.STABLE,-0.002945776732691696,0.02919636236209122,0.015258556762512754,1770136134.4549508
329,0.9842121005058289,0.9829303493561062,2.1541999999818984e-05,2.20362630953925e-05,fast,LearningControllerState.STABLE,0.0003204377874307385,0.01850563706588737,0.01580944149417096,1770136134.456264
330,0.9486936330795288,0.9760830061007908,2.324999999991917e-05,2.2279010476297836e-05,robust,LearningControllerState.STABLE,-0.006847343255315441,0.05132961692047111,0.016848748847961836,1770136134.4571898
331,0.9917448163032532,0.9792153681412833,2.150000000078478e-05,2.2123208381195225e-05,fast,LearningControllerState.STABLE,0.003132362040492498,0.013023321048736491,0.008276683696747611,1770136134.458127
332,0.9805797934532166,0.9794882532036701,2.2874999999977774e-05,2.2273566704951736e-05,robust,LearningControllerState.STABLE,0.0002728850623867629,0.019443081546783425,0.008161509685882251,1770136134.4590762
333,0.9936637878417969,0.9823233601312955,2.170800000023121e-05,2.216045336400763e-05,robust,LearningControllerState.STABLE,0.0028351069276254526,0.044422207660675284,0.006357920158203356,1770136134.460004
334,0.9955517053604126,0.9849690291771189,2.200000000041058e-05,2.212836269128822e-05,robust,LearningControllerState.STABLE,0.0026456690458234178,0.07532226732617175,0.004470294639587813,1770136134.460971
335,0.9889242649078369,0.9857600763232626,2.1583999999741366e-05,2.2019490152978847e-05,robust,LearningControllerState.STABLE,0.0007910471461436419,0.03929493211709545,0.011097319092162827,1770136134.461899
336,0.9822357892990112,0.9850552189184124,2.1625000000469186e-05,2.1940592122476915e-05,robust,LearningControllerState.STABLE,-0.0007048574048501566,0.03186892723846402,0.01778583570098924,1770136134.462827
337,0.9840389490127563,0.9848519649372813,2.170800000023121e-05,2.1894073698027774e-05,robust,LearningControllerState.STABLE,-0.00020325398113107962,0.028876600582488976,0.015982758987243884,1770136134.463753
338,0.968494713306427,0.9815805146111105,2.145799999997422e-05,2.1806858958417063e-05,robust,LearningControllerState.STABLE,-0.0032714503261708217,0.02013307070541437,0.03152674469357297,1770136134.464677
339,0.9809175729751587,0.9814479262839202,2.1540999999736243e-05,2.1753687166680898e-05,robust,LearningControllerState.STABLE,-0.00013258832719031943,0.07028049070358211,0.019103968024841045,1770136134.465597
340,0.9831520318984985,0.981788747406836,2.170899999942577e-05,2.1744749733229876e-05,fast,LearningControllerState.STABLE,0.0003408211229157798,0.0685764945140992,0.01686967710150089,1770136134.466519
341,0.9739590287208557,0.9802228036696399,2.3209000000079527e-05,2.2037599786599807e-05,robust,LearningControllerState.STABLE,-0.001565943737196096,0.026064180279144367,0.011930990421477716,1770136134.467467
342,0.9898651242256165,0.9821512677808353,2.170800000023121e-05,2.197167982932609e-05,robust,LearningControllerState.STABLE,0.0019284641111954048,0.06060976787948569,0.010156583774383776,1770136134.468787
343,0.9889237284660339,0.983505759917875,2.1334000000372555e-05,2.1844143863535386e-05,robust,LearningControllerState.STABLE,0.0013544921370397534,0.014295278377533194,0.011097605533966437,1770136134.4697049
344,0.9829213619232178,0.9833888803189437,2.1749999999265412e-05,2.1825315090681393e-05,robust,LearningControllerState.STABLE,-0.00011687959893136313,0.03128728048687712,0.017100388076781492,1770136134.470651
345,0.9879117012023926,0.9842934444956335,2.1666000000308827e-05,2.179345207260688e-05,robust,LearningControllerState.STABLE,0.000904564176689826,0.015384278632934567,0.01210996479760773,1770136134.471589
346,0.9833435416221619,0.9841034639209393,2.175000000015359e-05,2.1784761658116223e-05,fast,LearningControllerState.STABLE,-0.00018998057469421514,0.01599857668341098,0.01667820837783829,1770136134.4725068
347,0.9828062653541565,0.9838440242075828,2.304199999958456e-05,2.2036209326409895e-05,robust,LearningControllerState.STABLE,-0.00025943971335651295,0.01721677664584309,0.01552921566372678,1770136134.473424
348,0.9959393739700317,0.9862630941600726,2.1832999999915614e-05,2.199556746111104e-05,robust,LearningControllerState.STABLE,0.0024190699524898607,0.026363800014495453,0.004082459029968177,1770136134.474347
349,0.9696745276451111,0.9829453808570804,2.1499999999896602e-05,2.1896453968868155e-05,fast,LearningControllerState.STABLE,-0.0033177133029922423,0.02728015024185204,0.030346972354888813,1770136134.4752698
350,0.9778799414634705,0.9819322929783584,2.3500000000176158e-05,2.2217163175129757e-05,robust,LearningControllerState.STABLE,-0.0010130878787220077,0.022143558536529717,0.039699137306214105,1770136134.476198
351,0.9660817384719849,0.9787621820770838,2.2125000000094985e-05,2.2198730540122804e-05,fast,LearningControllerState.STABLE,-0.0031701109012746143,0.0898032406347351,0.03394038652801523,1770136134.4771478
352,0.9106958508491516,0.9651489158314974,2.55839999994123e-05,2.2875784431980703e-05,fast,LearningControllerState.STABLE,-0.013613266245586342,0.0893297331508478,0.03271660689181566,1770136134.478241
353,0.8462866544723511,0.9413764635596682,2.4833000000334948e-05,2.3267227545651554e-05,fast,LearningControllerState.STABLE,-0.023772452271829225,0.15373817852764926,0.1224136992796021,1770136134.4792478
354,0.9065002202987671,0.9344012149074881,2.3875000000117552e-05,2.3388782036544755e-05,fast,LearningControllerState.STABLE,-0.006975248652180133,0.09352365470123303,0.10458394809722904,1770136134.4802282
355,0.9252684116363525,0.932574654253261,2.620800000041612e-05,2.395262562931903e-05,fast,LearningControllerState.STABLE,-0.0018265606542270385,0.07475779636364788,0.0734263509712223,1770136134.481272
356,0.9250043630599976,0.9310605960146083,2.483399999952951e-05,2.412890050336113e-05,robust,LearningControllerState.STABLE,-0.0015140582386526935,0.07502047094000197,0.01859656889343242,1770136134.482301
357,0.9483051896095276,0.9345095147335922,2.3459000000336516e-05,2.399492040275621e-05,fast,LearningControllerState.STABLE,0.0034489187189838955,0.010318036315551282,0.05171826939047275,1770136134.483357
358,0.8831925988197327,0.9242461315508204,2.4459000000476294e-05,2.408773632230023e-05,robust,LearningControllerState.STABLE,-0.010263383182771868,0.11683186018026781,0.08049008028393612,1770136134.4847832
359,0.9557521939277649,0.9305473440262093,2.3207999999996787e-05,2.3911789057839543e-05,robust,LearningControllerState.STABLE,0.006301212475388951,0.024605097877502757,0.044271014072235104,1770136134.485777
360,0.9846099615097046,0.9413598675229085,2.333300000056937e-05,2.379603124638551e-05,fast,LearningControllerState.STABLE,0.010812523496699145,0.03610956215631056,0.01541337149029598,1770136134.487204
361,0.9816771745681763,0.949423328931962,2.4999999999941735e-05,2.403682499709676e-05,fast,LearningControllerState.STABLE,0.008063461409053563,0.018347825431823672,0.00361109801083348,1770136134.4882078
362,0.9948806166648865,0.9585147864785469,2.4749999999684746e-05,2.4179459997614357e-05,robust,LearningControllerState.STABLE,0.009091457546584913,0.00514413333511321,0.002888999320800778,1770136134.4892008
363,0.9995588660240173,0.9667236023876411,2.2957999999739798e-05,2.3935167998039447e-05,robust,LearningControllerState.STABLE,0.00820881590909417,0.00018657105236830063,0.0004640919759824058,1770136134.4901881
364,1.0,0.973378881910113,2.4542000000238318e-05,2.4056534398479222e-05,robust,LearningControllerState.STABLE,0.006655279522471913,2.4500000000315936e-05,2.4542000000238318e-05,1770136134.4916182
365,1.0,0.9787031055280904,2.3125000000234763e-05,2.387022751883033e-05,fast,LearningControllerState.STABLE,0.005324223617977353,2.324999999991917e-05,2.3125000000234763e-05,1770136134.4925928
366,1.0,0.9829624844224722,2.645799999978493e-05,2.4387782015021253e-05,robust,LearningControllerState.STABLE,0.004259378894381882,2.645799999978493e-05,2.3166000000074405e-05,1770136134.493621
367,0.9995301365852356,0.9862760148550249,3.3624999999481986e-05,2.6235225611913404e-05,robust,LearningControllerState.STABLE,0.0033135304325526693,0.0019120747984011643,0.0005034884147638863,1770136134.495222
368,0.9971532225608826,0.9884514563961965,2.5457999999645153e-05,2.6079780489459756e-05,robust,LearningControllerState.STABLE,0.002175441541171552,0.008954469440642931,0.002872235439117077,1770136134.49666
369,0.9921483397483826,0.9891908330666338,2.329100000064699e-05,2.5522024391697206e-05,robust,LearningControllerState.STABLE,0.0007393766704373306,0.019769406558624247,0.007874951251618079,1770136134.497737
370,0.9826573729515076,0.9878841410436086,2.4166000000214183e-05,2.5250819513400602e-05,fast,LearningControllerState.STABLE,-0.0013066920230252466,0.006917318935760086,0.017366793048492646,1770136134.498763
371,0.963983952999115,0.9831041034347099,2.4416999999665734e-05,2.508405561065363e-05,robust,LearningControllerState.STABLE,-0.0047800376088986685,0.036040464000884675,0.03058333225994847,1770136134.4997592
372,0.9601082801818848,0.9785049387841449,2.2666000000448605e-05,2.4600444488612625e-05,fast,LearningControllerState.STABLE,-0.00459916465056498,0.09303193375396646,0.03991438581811568,1770136134.500739
373,0.9114089608192444,0.9650857431911648,2.56670000000625e-05,2.48137555909026e-05,robust,LearningControllerState.STABLE,-0.013419195592980104,0.08861670618075568,0.16850375003851337,1770136134.501809
374,0.9477046728134155,0.961609529115615,2.379100000027279e-05,2.460920447277664e-05,robust,LearningControllerState.STABLE,-0.003476214075549766,0.05059191795367379,0.052319118186584745,1770136134.5029151
375,0.9778550267219543,0.964858628636883,2.3082999999424203e-05,2.430396357810615e-05,robust,LearningControllerState.STABLE,0.0032490995212679508,0.2249115916446538,0.02216805627804508,1770136134.5039392
376,0.9152456521987915,0.9549360333492648,2.3167000000157145e-05,2.4076570862516354e-05,fast,LearningControllerState.STABLE,-0.009922595287618186,0.06199813547515909,0.08477751480120865,1770136134.505095
377,0.9335477352142334,0.9506583737222586,2.537499999988313e-05,2.433625668998971e-05,robust,LearningControllerState.STABLE,-0.004277659627006214,0.06647763978576648,0.09845685798645043,1770136134.5061278
378,0.9585144519805908,0.9522295893739251,2.2958000000627976e-05,2.4060605352117368e-05,fast,LearningControllerState.STABLE,0.0015712156516665132,0.1361838661994934,0.04150850601940981,1770136134.507154
379,0.9182650446891785,0.9454366804369758,2.433399999990371e-05,2.411528428167464e-05,robust,LearningControllerState.STABLE,-0.006792908936949282,0.08175928931082144,0.08999254475402818,1770136134.5081532
380,0.9356326460838318,0.9434758735663471,2.270899999956555e-05,2.3834027425252823e-05,robust,LearningControllerState.STABLE,-0.0019608068706287174,0.03462003752517617,0.06439006291616778,1770136134.509144
381,0.9886158108711243,0.9525038610273027,2.254199999995876e-05,2.357562194019401e-05,robust,LearningControllerState.STABLE,0.009027987460955567,0.008259853187195354,0.011406731128875691,1770136134.5101209
382,0.996943473815918,0.9613917835850259,3.087500000020782e-05,2.5035497552196773e-05,robust,LearningControllerState.STABLE,0.008887922557723194,0.014251723289855356,0.003087401184082239,1770136134.5112698
383,0.9980211853981018,0.9687176639476411,2.6333000000100526e-05,2.5294998041777527e-05,robust,LearningControllerState.STABLE,0.007325880362615278,0.0010719309576110447,0.002005147601898294,1770136134.5123682
384,0.999911367893219,0.9749564047367568,2.3125000000234763e-05,2.4860998433468978e-05,robust,LearningControllerState.STABLE,0.006238740789115682,0.00019659761029000578,0.00011175710678124062,1770136134.514307
385,0.9999848008155823,0.979962083952522,9.32909999997733e-05,3.854699874672984e-05,fast,LearningControllerState.STABLE,0.005005679215765224,4.1856231689507695e-05,0.00010849018441749791,1770136134.515868
386,0.9997877478599548,0.9839272167340086,2.7042000000143673e-05,3.6245998997412615e-05,robust,LearningControllerState.STABLE,0.00396513278148658,0.0002392941400453097,0.00024736779003919906,1770136134.517081
387,0.9993146061897278,0.9870046946251525,4.158299999978965e-05,3.731339919788802e-05,robust,LearningControllerState.STABLE,0.003077477891143876,0.0012355671728210282,0.0007269768102720064,1770136134.51823
388,0.9973684549331665,0.9890774466867553,2.908300000026287e-05,3.566731935836299e-05,robust,LearningControllerState.STABLE,0.002072752061602845,0.007933294887176423,0.002660628066833759,1770136134.521379
389,0.9884579181671143,0.9889535409828272,2.612499999976592e-05,3.375885548664358e-05,robust,LearningControllerState.STABLE,-0.00012390570392817324,0.034788295112243794,0.011568206832885508,1770136134.5227149
390,0.9841782450675964,0.9879984817997811,2.5542000000378096e-05,3.211548438939048e-05,robust,LearningControllerState.STABLE,-0.0009550591830460586,0.06598140432757571,0.015847296932403943,1770136134.5238762
391,0.9403049349784851,0.978459772435522,2.4833000000334948e-05,3.0658987511579376e-05,robust,LearningControllerState.STABLE,-0.009538709364259157,0.025975905265807953,0.05971989802151523,1770136134.525032
392,0.9641582369804382,0.9755994653445053,2.670900000012466e-05,2.9868990009288435e-05,robust,LearningControllerState.STABLE,-0.0028603070910167006,0.0466766715124205,0.03586847201956189,1770136134.52617
393,0.9315236806869507,0.9667843084129945,2.4707999999762364e-05,2.883679200738322e-05,fast,LearningControllerState.STABLE,-0.008815156931510804,0.06966670570010347,0.06850102731304908,1770136134.527499
394,0.7572115063667297,0.9248697480037416,3.56670000005721e-05,3.0202833606020996e-05,fast,LearningControllerState.STABLE,-0.0419145604092529,0.24282416063327084,0.08635235058612079,1770136134.5296488
395,0.9369573593139648,0.9272872702657862,2.9417000000364624e-05,3.0045666884889722e-05,robust,LearningControllerState.STABLE,0.0024175222620446135,0.06307205768603552,0.05912230741119373,1770136134.5310771
396,0.9718529582023621,0.9362004078531014,2.462500000000034e-05,2.896153350791185e-05,robust,LearningControllerState.STABLE,0.008913137587315267,0.07849826338177479,0.02817166679763794,1770136134.532187
397,0.9259368777275085,0.9341477018279829,0.0007795409999999947,0.00017907742680632843,fast,LearningControllerState.STABLE,-0.0020527060251185336,0.07737167520922839,0.07484266327249145,1770136134.539559
398,0.8159912824630737,0.9105164179550012,6.554199999975197e-05,0.00015637034144501313,robust,LearningControllerState.STABLE,-0.023631283872981745,0.18407425953692602,0.04795142346936032,1770136134.542169
399,0.9648133516311646,0.921375804690234,3.6542000000139296e-05,0.00013240467315603837,robust,LearningControllerState.STABLE,0.01085938673523279,0.10931743398666427,0.03522319036883559,1770136134.543723
400,0.9281137585639954,0.9227233954649863,2.9000000000500847e-05,0.00011172373852493088,robust,LearningControllerState.STABLE,0.0013475907747523275,0.2812707050016483,0.07191524143600514,1770136134.546358
401,0.8671051859855652,0.9115997535691021,2.5791999999746906e-05,9.453739081989409e-05,fast,LearningControllerState.STABLE,-0.011123641895884218,0.1714236777494511,0.13292060601443456,1770136134.5476658
402,0.7291366457939148,0.8751071320140646,2.6875000000536886e-05,8.100491265602264e-05,robust,LearningControllerState.STABLE,-0.03649262155503741,0.27089022920608574,0.1063377049793095,1770136134.548773
403,0.8798177242279053,0.8760492504568328,2.9333999999714422e-05,7.0670730124761e-05,fast,LearningControllerState.STABLE,0.0009421184427681473,0.14710980007534857,0.12021160977209444,1770136134.550029
404,0.4785282611846924,0.7965450526024048,3.195800000010962e-05,6.292818409983072e-05,fast,LearningControllerState.STABLE,-0.07950419785442797,0.5215036968153077,0.0673645757371828,1770136134.5513442
405,0.5985257625579834,0.7569411945935205,2.6791999999886684e-05,5.570094727984192e-05,fast,LearningControllerState.STABLE,-0.03960385800888433,0.4015010294420165,0.03747803198641986,1770136134.552456
406,0.7639964818954468,0.7583522520539059,2.6290999999289966e-05,4.981895782373153e-05,fast,LearningControllerState.STABLE,0.0014110574603853898,0.2360298091045525,0.12412391025924663,1770136134.553536
407,0.7300348877906799,0.7526887792012608,2.56670000000625e-05,4.498856625899773e-05,fast,LearningControllerState.STABLE,-0.005663472852645124,0.26999077920932013,0.05608674036425754,1770136134.5545878
408,0.7833629250526428,0.7588236083715373,2.558299999932956e-05,4.1107453007064096e-05,robust,LearningControllerState.STABLE,0.006134829170276523,0.2166626579473565,0.02721636122549498,1770136134.5556748
409,0.8754651546478271,0.7821519176267953,2.358299999993818e-05,3.7602562405638916e-05,fast,LearningControllerState.STABLE,0.023328309255257973,0.030282672455199666,0.12455842835217279,1770136134.556718
410,0.9726239442825317,0.8202463229579426,2.5416999999805512e-05,3.516544992447224e-05,fast,LearningControllerState.STABLE,0.038094405331147385,0.027401472717468067,0.08036544673919721,1770136134.55777
411,0.9332453608512878,0.8428461305366117,2.4874999999369152e-05,3.310735993945162e-05,robust,LearningControllerState.STABLE,0.022599807578669084,0.06677951414871153,0.04027146496600409,1770136134.558811
412,0.8947874307632446,0.8532343905819384,2.3624999999860563e-05,3.1210887951533415e-05,fast,LearningControllerState.STABLE,0.01038826004532667,0.21593125537454227,0.10523619423675523,1770136134.559846
413,0.8664659857749939,0.8558807096205495,5.054200000031983e-05,3.50771103612907e-05,fast,LearningControllerState.STABLE,0.0026463190386111224,0.13358455622500642,0.05510428109759502,1770136134.565481
414,0.8941617608070374,0.8635369198578471,2.6542000000517874e-05,3.3370088289136135e-05,fast,LearningControllerState.STABLE,0.007656210237297567,0.10586478119296316,0.027208765575225335,1770136134.566692
415,0.9256480932235718,0.875959154530992,2.412500000037454e-05,3.152107063138382e-05,fast,LearningControllerState.STABLE,0.01242223467314496,0.0743760317764286,0.17386102016449012,1770136134.5683782
416,0.7809781432151794,0.8569629522678296,2.9707999999573076e-05,3.115845650502167e-05,fast,LearningControllerState.STABLE,-0.018996202263162454,0.21905156478482013,0.18198673815173372,1770136134.569678
417,0.8743630647659302,0.8604429747674497,2.616700000057648e-05,3.0160165204132637e-05,fast,LearningControllerState.STABLE,0.0034800224996200946,0.1256631022340704,0.1024020761451725,1770136134.5708458
418,0.8659273982048035,0.8615398594549204,2.5541000000295355e-05,2.9236332163365182e-05,fast,LearningControllerState.STABLE,0.0010968846874707117,0.13409814279519683,0.07139346893328913,1770136134.571896
419,0.9525036811828613,0.8797326238005087,2.512500000051432e-05,2.841406573079501e-05,fast,LearningControllerState.STABLE,0.018192764345588253,0.047521443817139186,0.08890880152130176,1770136134.572908
420,0.934725284576416,0.8907311559556902,2.5332999999960748e-05,2.779785258462816e-05,robust,LearningControllerState.STABLE,0.01099853215518154,0.06530004842358395,0.025306259197601655,1770136134.57392
421,0.9733496308326721,0.9072548509310866,2.362500000074874e-05,2.6963282067852276e-05,fast,LearningControllerState.STABLE,0.016523694975396408,0.03571406873358196,0.02667399416732863,1770136134.574919
422,0.9764636158943176,0.9210966039237329,2.4749999999684746e-05,2.652062565421877e-05,fast,LearningControllerState.STABLE,0.013841752992646339,0.023561134105682058,0.004015496688476006,1770136134.5759182
423,0.9949683547019958,0.9358709540793856,2.5250000000198725e-05,2.6266500523414764e-05,robust,LearningControllerState.STABLE,0.014774350155652649,0.005056895298004349,0.0036237279397886013,1770136134.576946
424,0.9984217286109924,0.948381108985707,4.025000000051904e-05,2.906320041883562e-05,robust,LearningControllerState.STABLE,0.012510154906321458,0.0023197718011775947,0.0016185213890080874,1770136134.578115
425,0.999250054359436,0.9585548980604529,2.379200000035553e-05,2.8008960335139603e-05,robust,LearningControllerState.STABLE,0.010173789074745865,0.0006801464649353051,0.0007737376405643204,1770136134.5792372
426,0.9990208745002747,0.9666480933484174,2.462500000000034e-05,2.7332168268111754e-05,robust,LearningControllerState.STABLE,0.008093195287964483,0.002871499881743844,0.0010037504997253421,1770136134.5809531
427,0.9971616864204407,0.9727508119628221,2.412500000037454e-05,2.6690734614564313e-05,robust,LearningControllerState.STABLE,0.006102718614404701,0.0030920802993774643,0.0028624385795597007,1770136134.58211
428,0.9955496788024902,0.9773105853307558,3.137499999983362e-05,2.7627587691618177e-05,fast,LearningControllerState.STABLE,0.004559773367933673,0.01894631390417434,0.004481696197509599,1770136134.5838609
429,0.9400321245193481,0.9698548931684743,2.9916999999990423e-05,2.8085470153292626e-05,fast,LearningControllerState.STABLE,-0.00745569216228148,0.059997792480651846,0.012852265602111501,1770136134.585829
430,0.9229267239570618,0.9604692593261919,2.8874999999928264e-05,2.8243376122619755e-05,robust,LearningControllerState.STABLE,-0.009385633842282415,0.07710215104293816,0.024963302955444355,1770136134.587084
431,0.9356144666671753,0.9554983007943887,2.512500000051432e-05,2.761970089819867e-05,robust,LearningControllerState.STABLE,-0.004970958531803182,0.07643519869577009,0.06441065833282522,1770136134.5884778
432,0.9445854425430298,0.953315729144117,2.324999999991917e-05,2.674576071854277e-05,robust,LearningControllerState.STABLE,-0.002182571650271692,0.14013471738089045,0.055437807456970134,1770136134.590005
433,0.9260557889938354,0.9478637411140607,2.4208999999331127e-05,2.623840857470044e-05,fast,LearningControllerState.STABLE,-0.0054519880300563095,0.08120168492889412,0.07396842000616388,1770136134.591084
434,0.8976487517356873,0.937820743238386,5.1374999999964643e-05,3.126572685975329e-05,fast,LearningControllerState.STABLE,-0.010042997875674642,0.10240262326431271,0.07104526122665344,1770136134.597443
435,0.746851921081543,0.8996269788070175,5.6125000000406544e-05,3.623758148788394e-05,fast,LearningControllerState.STABLE,-0.03819376443136857,0.25320420391845744,0.1473220519828793,1770136134.5997329
436,0.6603724360466003,0.8517760702549342,3.0459000000426784e-05,3.5081865190392506e-05,fast,LearningControllerState.STABLE,-0.04785090855208329,0.3396580229534001,0.1154098984258729,1770136134.601331
437,0.9224837422370911,0.8659176046513657,2.595800000015913e-05,3.325709215234583e-05,robust,LearningControllerState.STABLE,0.01414153439643151,0.0775422157629091,0.1676925460321348,1770136134.602423
438,0.8966469168663025,0.8720634670943531,2.2957999999739798e-05,3.1197273721824625e-05,robust,LearningControllerState.STABLE,0.0061458624429874265,0.04905257395535312,0.10337604113369725,1770136134.603441
439,0.9773772358894348,0.8931262208533696,2.3959000000850494e-05,2.9749618977629798e-05,fast,LearningControllerState.STABLE,0.02106275375901645,0.15999942687988256,0.022646723110566036,1770136134.6048582
440,0.9440780878067017,0.9033165942440361,3.0166000000164672e-05,2.9832895182136773e-05,fast,LearningControllerState.STABLE,0.01019037339066653,0.055952078193298505,0.061912738926300115,1770136134.606107
441,0.964530885219574,0.9155594524391437,3.866600000002052e-05,3.1599516145713524e-05,robust,LearningControllerState.STABLE,0.01224285819510762,0.035507780780426046,0.011807192272368816,1770136134.607737
442,0.9904728531837463,0.9305421325880643,2.4208000000136565e-05,3.0121212916598135e-05,robust,LearningControllerState.STABLE,0.014982680148920569,0.031528587810516484,0.009551354816253799,1770136134.609036
443,0.9983512759208679,0.944103961254625,2.5500000000455714e-05,2.9196970333369654e-05,robust,LearningControllerState.STABLE,0.013561828666560749,0.004462746013641272,0.0016742240791325358,1770136134.6101499
444,0.9987481832504272,0.9550328056537856,3.945799999982569e-05,3.1249176266660866e-05,robust,LearningControllerState.STABLE,0.010928844399160531,0.004013547611236845,0.0012912747495725796,1770136134.612216
445,0.9989151954650879,0.9638092836160461,2.6874999999648708e-05,3.0374341013258438e-05,robust,LearningControllerState.STABLE,0.008776477962260554,0.0036806613542479383,0.001111679534911758,1770136134.614325
446,0.9981051683425903,0.9706684605613549,3.04170000005044e-05,3.0382872810707635e-05,robust,LearningControllerState.STABLE,0.006859176945308798,0.001677718520935123,0.0019252486574101724,1770136134.6157749
447,0.9961566925048828,0.9757661069500605,2.3832999999306992e-05,2.9072898248427508e-05,robust,LearningControllerState.STABLE,0.005097646388705579,0.01739898558044395,0.0038671404951164945,1770136134.617087
448,0.9978238344192505,0.9801776524438985,2.354200000009854e-05,2.7966718598761716e-05,fast,LearningControllerState.STABLE,0.004411545493838043,0.03218687262326103,0.0021997075807496103,1770136134.618151
449,0.9885467886924744,0.9818514796936137,2.650000000059549e-05,2.7673374879128473e-05,robust,LearningControllerState.STABLE,0.0016738272497152096,0.01147971130752623,0.03284699699420113,1770136134.619182
450,0.947063148021698,0.9748938133592306,2.2084000000255344e-05,2.6555499903353846e-05,robust,LearningControllerState.STABLE,-0.006957666334383106,0.11919111432266227,0.05295893597830226,1770136134.620142
451,0.9528377652168274,0.97048260373075,2.2874999999977774e-05,2.5819399922678633e-05,robust,LearningControllerState.STABLE,-0.004411209628480628,0.10678040218753093,0.047185109783172585,1770136134.6210911
452,0.8313186168670654,0.9426498063580132,2.1874999999837996e-05,2.503051993811051e-05,fast,LearningControllerState.STABLE,-0.027832797372736806,0.15544155597287013,0.1687032581329344,1770136134.622046
453,0.9178576469421387,0.9376913744748383,2.3415999999443216e-05,2.4707615950377053e-05,robust,LearningControllerState.STABLE,-0.0049584318831749075,0.08216576905786077,0.15770309593963638,1770136134.622984
454,0.9534001350402832,0.9408331265879273,2.354200000009854e-05,2.4474492760321353e-05,fast,LearningControllerState.STABLE,0.0031417521130889803,0.06574318409710678,0.046623406959716895,1770136134.628
455,0.913543701171875,0.9353752415047168,2.437500000063153e-05,2.445459420838339e-05,robust,LearningControllerState.STABLE,-0.005457885083210434,0.08648067382812563,0.05526304254531844,1770136134.6290402
456,0.8889833688735962,0.9260968669784928,2.1915999999677638e-05,2.394687536664224e-05,robust,LearningControllerState.STABLE,-0.009278374526224042,0.11949609324627719,0.11103854712640349,1770136134.630029
457,0.9447031617164612,0.9298181259260866,2.1582999999658625e-05,2.347410029324552e-05,robust,LearningControllerState.STABLE,0.0037212589475937863,0.20411450089645378,0.05531842128353848,1770136134.630966
458,0.8504599332809448,0.9139464873970583,2.145900000005696e-05,2.307108023460781e-05,robust,LearningControllerState.STABLE,-0.015871638529028287,0.13005300918216012,0.14956152571905523,1770136134.6319292
459,0.9013338088989258,0.9114239516974318,2.1874999999837996e-05,2.283186418765385e-05,robust,LearningControllerState.STABLE,-0.0025225356996264603,0.09446424518185381,0.09868806610107406,1770136134.6328719
460,0.973358690738678,0.9238108995056812,2.2916999999900156e-05,2.284889135010311e-05,fast,LearningControllerState.STABLE,0.012386947808249338,0.07745610928344693,0.02666422626132192,1770136134.633805
461,0.9637551307678223,0.9317997457581094,2.3417000000414134e-05,2.2962513080165317e-05,robust,LearningControllerState.STABLE,0.007988846252428239,0.03626828623217815,0.019976262001403455,1770136134.63482
462,0.9799694418907166,0.941433684984631,2.1874999999837996e-05,2.2745010464099856e-05,robust,LearningControllerState.STABLE,0.00963393922652156,0.06031830116653403,0.020052433109283285,1770136134.635766
463,0.9969421625137329,0.9525353804904515,2.2042000000332962e-05,2.260440837134648e-05,fast,LearningControllerState.STABLE,0.011101695505820519,0.006084661582947071,0.003079879486267423,1770136134.636693
464,0.9951738119125366,0.9610630667748685,2.3000000000550358e-05,2.2683526697187254e-05,robust,LearningControllerState.STABLE,0.008527686284417024,0.004849188087463929,0.0034189461475522265,1770136134.637683
465,0.9918752312660217,0.9672254996730992,2.170800000023121e-05,2.2488421357796045e-05,robust,LearningControllerState.STABLE,0.0061624328982307075,0.0023518432620850405,0.008146476733978503,1770136134.638624
466,0.9975935816764832,0.9732991160737761,2.374999999954497e-05,2.274073708614583e-05,robust,LearningControllerState.STABLE,0.006073616400676829,0.0017651865577699155,0.0024301683235163907,1770136134.639599
467,0.9948287606239319,0.9776050449838073,2.145900000005696e-05,2.248438966892806e-05,robust,LearningControllerState.STABLE,0.0043059289100312315,0.014703075752441563,0.005192698376068172,1770136134.640529
468,0.9877979159355164,0.9796436191741492,2.145900000005696e-05,2.227931173515384e-05,robust,LearningControllerState.STABLE,0.002038574190341924,0.08737052531396472,0.0122235430644837,1770136134.641454
469,0.9714046120643616,0.9779958177521917,2.170800000023121e-05,2.2165049388169317e-05,robust,LearningControllerState.STABLE,-0.0016478014219575288,0.07319291146124218,0.02861709593563866,1770136134.64238
470,0.9845477938652039,0.9793062129747943,2.145900000005696e-05,2.2023839510546846e-05,robust,LearningControllerState.STABLE,0.0013103952226025672,0.07665316932296751,0.0154736651347962,1770136134.6433122
471,0.9030764698982239,0.9640602643594802,2.275000000029337e-05,2.216907160849615e-05,robust,LearningControllerState.STABLE,-0.015245948615314031,0.048223836997619784,0.09694628010177642,1770136134.64428
472,0.8769900798797607,0.9466462274635364,2.224999999977939e-05,2.21852572867528e-05,fast,LearningControllerState.STABLE,-0.017414036895943785,0.17596728870373468,0.12303217012023904,1770136134.645291
473,0.9508163928985596,0.9474802605505411,2.412500000037454e-05,2.257320582947715e-05,robust,LearningControllerState.STABLE,0.000834033087004693,0.049207732101440804,0.08373418784332287,1770136134.646303
474,0.8505786061286926,0.9280999296661714,2.4666999999922723e-05,2.2991964663566266e-05,fast,LearningControllerState.STABLE,-0.019380330884369745,0.29350734748059093,0.1494460608713073,1770136134.6476328
475,0.7837565541267395,0.899231254558285,2.5290999999150188e-05,2.345177173068305e-05,robust,LearningControllerState.STABLE,-0.028868675107886377,0.21626873687325965,0.04931950432186838,1770136134.648732
476,0.7737990617752075,0.8741448160016696,2.2709000000453727e-05,2.3303217384637188e-05,robust,LearningControllerState.STABLE,-0.02508643855661541,0.27474462779272457,0.22622364722479293,1770136134.649736
477,0.9117817282676697,0.8816721984548697,2.2582999999798403e-05,2.3159173907669433e-05,robust,LearningControllerState.STABLE,0.00752738245320006,0.38951980281866483,0.08824085473233012,1770136134.650731
478,0.8886194229125977,0.8830616433464153,2.270799999948281e-05,2.3068939126032108e-05,robust,LearningControllerState.STABLE,0.001389444891545688,0.10838793922460876,0.11140328508740183,1770136134.652094
479,0.9275251626968384,0.8919543472165,2.224999999977939e-05,2.2905151300781567e-05,robust,LearningControllerState.STABLE,0.008892703870084673,0.13108113765316798,0.0724970873031614,1770136134.653059
480,0.9022539258003235,0.8940142629332648,2.224999999977939e-05,2.2774121040581135e-05,robust,LearningControllerState.STABLE,0.002059915716764782,0.05430615946197559,0.0977683241996763,1770136134.654025
481,0.9721996188163757,0.909651334109887,2.2874999999977774e-05,2.2794296832460462e-05,robust,LearningControllerState.STABLE,0.015637071176622164,0.04899636368215976,0.027823256183624245,1770136134.654985
482,0.9842151999473572,0.9245641072773811,2.433299999982097e-05,2.3102037465932568e-05,robust,LearningControllerState.STABLE,0.014912773167494175,0.012581650165924607,0.015809133052642643,1770136134.6563442
483,0.9959275722503662,0.9388368002719782,2.220899999993975e-05,2.2923429972734006e-05,fast,LearningControllerState.STABLE,0.014272692994597103,0.018496463741302982,0.004094636749633729,1770136134.657724
484,0.9941911697387695,0.9499076741653365,2.3500000000176158e-05,2.3038743978222438e-05,robust,LearningControllerState.STABLE,0.011070873893358257,0.005832330261230645,0.001705527168456733,1770136134.658711
485,0.9964063763618469,0.9592074146046387,2.2083000000172603e-05,2.284759518261247e-05,fast,LearningControllerState.STABLE,0.009299740439302151,0.01004971627444462,0.0036157066381532488,1770136134.6597068
486,0.9912010431289673,0.9656061403095044,2.3415999999443216e-05,2.296127614597862e-05,fast,LearningControllerState.STABLE,0.006398725704865771,0.008822372871032158,0.006753927627928924,1770136134.660707
487,0.9826706051826477,0.9690190332841332,3.004199999967483e-05,2.4377420916717866e-05,robust,LearningControllerState.STABLE,0.0034128929746287673,0.01735943681735197,0.012697432037170664,1770136134.6618052
488,0.9844889044761658,0.9721130075225397,2.2666999999643167e-05,2.4035336733302926e-05,fast,LearningControllerState.STABLE,0.003093974238406516,0.019042442985535146,0.015533762523833872,1770136134.6632562
489,0.9658480286598206,0.9708600117499959,2.379200000035553e-05,2.3986669386713448e-05,robust,LearningControllerState.STABLE,-0.0012529957725437857,0.0341757633401798,0.04370043208676133,1770136134.664227
490,0.9573206901550293,0.9681521474310026,2.2125000000094985e-05,2.3614335509389756e-05,fast,LearningControllerState.STABLE,-0.0027078643189932805,0.15217112030010949,0.0427014348449708,1770136134.6655622
491,0.9115234613418579,0.9568264102131738,2.3332999999681192e-05,2.3558068407448045e-05,fast,LearningControllerState.STABLE,-0.011325737217828813,0.08849987165814177,0.04299418946475253,1770136134.66689
492,0.837834358215332,0.9330279998136055,2.324999999991917e-05,2.349645472594227e-05,robust,LearningControllerState.STABLE,-0.023798410399568315,0.1621888917846679,0.09391620703106618,1770136134.66783
493,0.9826538562774658,0.9429531711063777,2.195799999960002e-05,2.318876378067382e-05,robust,LearningControllerState.STABLE,0.00992517129277215,0.21867466994076512,0.01736810172253378,1770136134.6687841
494,0.8464879989624023,0.9236601366775826,2.2167000000017367e-05,2.2984411024542532e-05,robust,LearningControllerState.STABLE,-0.01929303442879504,0.3780183109813846,0.15353416803759767,1770136134.669719
495,0.9234341382980347,0.9236149370016731,2.220799999985701e-05,2.282912881960543e-05,robust,LearningControllerState.STABLE,-4.519967590954632e-05,0.08410386310595719,0.07658806970196519,1770136134.67069
496,0.8930057883262634,0.9174931072665913,2.3167000000157145e-05,2.2896703055715773e-05,robust,LearningControllerState.STABLE,-0.006121829735081796,0.1858674809913632,0.10701737867373673,1770136134.671652
497,0.8869664669036865,0.9113877791940104,2.200000000041058e-05,2.2717362444654736e-05,robust,LearningControllerState.STABLE,-0.006105328072580907,0.07720986365872218,0.11305553309631389,1770136134.6726332
498,0.8790302276611328,0.9049162688874349,2.195899999968276e-05,2.256568995566034e-05,robust,LearningControllerState.STABLE,-0.006471510306575445,0.26547133739108286,0.12099173133886687,1770136134.673562
499,0.9285949468612671,0.9096520044822014,2.1583000000546804e-05,2.2369151964637636e-05,robust,LearningControllerState.STABLE,0.004735735594766477,0.15901440221786522,0.07142663613873346,1770136134.674487
