step,reliability,smoothed_reliability,latency,smoothed_latency,active_model,controller_state,deriv,fast_J,robust_J,timestamp
0,0.6456639766693115,0.6456639766693115,5.595899999999432e-05,5.595899999999432e-05,fast,LearningControllerState.STABLE,0.0,0.35439198233068847,0.203828123973663,1770136388.490443
1,0.9169034361839294,0.6999118685722352,2.533400000004349e-05,4.983400000000416e-05,robust,LearningControllerState.STABLE,0.05424789190292367,0.0831218978160706,0.2297754284023137,1770136388.491415
2,0.8059914112091064,0.7211277770996095,2.220799999985701e-05,4.430879999997473e-05,fast,LearningControllerState.STABLE,0.021215908527374316,0.16769709358978258,0.1940307967908934,1770136388.49238
3,0.8131333589553833,0.7395288934707643,2.3500000000176158e-05,4.014704000001501e-05,fast,LearningControllerState.STABLE,0.018401116371154824,0.18689014104461688,0.08541940370904566,1770136388.4933581
4,0.8938314914703369,0.7703894130706789,5.400000000044258e-05,4.291763200010053e-05,robust,LearningControllerState.STABLE,0.030860519599914538,0.10622250852966353,0.09146864436358637,1770136388.4944608
5,0.900126039981842,0.7963367384529116,2.7832999999866104e-05,3.990070560005365e-05,robust,LearningControllerState.STABLE,0.025947325382232767,0.0656250504835203,0.09990179301815783,1770136388.495559
6,0.8264020085334778,0.8023497924690249,2.170900000031395e-05,3.626236448010571e-05,robust,LearningControllerState.STABLE,0.006013054016113295,0.5725908312816621,0.17361970046652253,1770136388.500455
7,0.829957127571106,0.8078712594894412,2.1333000000289815e-05,3.327649158414253e-05,robust,LearningControllerState.STABLE,0.005521467020416226,0.10501943530654945,0.17006420542889433,1770136388.501397
8,0.8861454725265503,0.823526102096863,2.1499999999896602e-05,3.092119326729335e-05,robust,LearningControllerState.STABLE,0.015654842607421893,0.137777941540131,0.1138760274734496,1770136388.502353
9,0.8560172915458679,0.8300243399866641,2.1625000000469186e-05,2.9061954613928516e-05,robust,LearningControllerState.STABLE,0.006498237889801084,0.35308374674642984,0.14400433345413255,1770136388.503315
10,0.9998494982719421,0.8639893716437197,2.170800000023121e-05,2.7591163691189056e-05,robust,LearningControllerState.STABLE,0.033965031657055555,0.0005787826614378488,0.00017220972805809254,1770136388.504272
11,0.9997880458831787,0.8911491064916115,2.1625000000469186e-05,2.6397930953045083e-05,fast,LearningControllerState.STABLE,0.027159734847891803,0.00047809304428092503,0.00023357911682175825,1770136388.505209
12,0.9998582005500793,0.9128909253033052,2.308300000031238e-05,2.5734944762498544e-05,fast,LearningControllerState.STABLE,0.02174181881169368,0.00016488244992096668,0.00015480640429732517,1770136388.506162
13,0.9996638298034668,0.9302455062033375,2.333400000065211e-05,2.525475581012926e-05,fast,LearningControllerState.STABLE,0.01735458090003228,0.00035950419653385524,0.00020339577120953578,1770136388.507503
14,0.999949038028717,0.9441862125684135,2.3207999999996787e-05,2.484540464810277e-05,robust,LearningControllerState.STABLE,0.01394070636507605,7.416997128295577e-05,0.0001941874698481172,1770136388.508435
15,0.9998359680175781,0.9553161636582466,2.120800000060541e-05,2.41179237186033e-05,fast,LearningControllerState.STABLE,0.011129951089833057,9.58310852050559e-05,0.0001852399824224804,1770136388.509364
16,0.999722421169281,0.9641974151604535,2.2959000000710716e-05,2.3886138975024785e-05,robust,LearningControllerState.STABLE,0.008881251502206977,0.00030053783071970486,0.00015721977615346105,1770136388.510305
17,0.9998951554298401,0.9713369632143309,2.2125000000094985e-05,2.3533911180038827e-05,fast,LearningControllerState.STABLE,0.007139548053877398,0.0001307287559511039,0.0001269695701600071,1770136388.51131
18,0.9995920658111572,0.9769879837336962,2.6125000000654097e-05,2.4052128944161883e-05,robust,LearningControllerState.STABLE,0.00565102051936528,0.00043405918884342753,0.00023290076846294028,1770136388.512384
19,0.999695360660553,0.9815294591190676,7.175000000003706e-05,3.359170315533692e-05,fast,LearningControllerState.STABLE,0.0045414753853714185,0.0003181322479246518,0.00037638933944705855,1770136388.513636
20,0.9998682737350464,0.9851972220422633,2.9249999999869658e-05,3.272336252424347e-05,fast,LearningControllerState.STABLE,0.0036677629231957054,0.00016097626495348294,0.00024694044113182656,1770136388.515202
21,0.999768853187561,0.9881115482713229,2.4666999999922723e-05,3.1112090019379324e-05,robust,LearningControllerState.STABLE,0.002914326229059516,0.00025581381243888757,0.00012134912890626737,1770136388.516203
22,0.9997563362121582,0.99044050585949,2.224999999977939e-05,2.933967201545934e-05,robust,LearningControllerState.STABLE,0.002328957588167091,0.00038013898504640764,0.00026591378784157627,1770136388.517568
23,0.9998995065689087,0.9923323060013738,2.1917000000648557e-05,2.7855137612497183e-05,fast,LearningControllerState.STABLE,0.001891800141883837,0.0001994167020882287,0.00012241043109195715,1770136388.5189052
24,0.9998497366905212,0.9938357921392034,2.3416999999525956e-05,2.696751008990294e-05,robust,LearningControllerState.STABLE,0.0015034861378295794,0.00017368030947828572,0.00028009969329811923,1770136388.5198479
25,0.9997735619544983,0.9950233461022624,2.4917000000179712e-05,2.6557408071958298e-05,robust,LearningControllerState.STABLE,0.0011875539630590293,0.00020010832995609462,0.0002513550455018887,1770136388.5208251
26,0.9997789263725281,0.9959744621563156,2.2041999999444783e-05,2.5654326457455597e-05,robust,LearningControllerState.STABLE,0.0009511160540531804,0.00012771184939630587,0.0002431156274713686,1770136388.5218072
27,0.9994221925735474,0.996664008239762,2.2083000000172603e-05,2.4940061165998998e-05,fast,LearningControllerState.STABLE,0.0006895460834464018,0.00020188967858913998,0.0005998904264528093,1770136388.52276
28,0.9996784329414368,0.997266893180097,2.3957999999879576e-05,2.4743648932775114e-05,robust,LearningControllerState.STABLE,0.0006028849403350023,0.000345525058563112,0.00013174952316319377,1770136388.523713
29,0.9995887875556946,0.9977312720552166,2.2125000000094985e-05,2.421991914623909e-05,fast,LearningControllerState.STABLE,0.00046437887511963094,0.00010899645596307295,0.0004333374443055149,1770136388.524673
30,0.9996597766876221,0.9981169729816978,2.3374999999603574e-05,2.405093531691199e-05,robust,LearningControllerState.STABLE,0.0003857009264811584,0.00036359831237753326,0.00013343126715081866,1770136388.52562
31,0.999841570854187,0.9984618925561957,2.2375000000351974e-05,2.371574825359999e-05,fast,LearningControllerState.STABLE,0.0003449195744978928,0.00011114801388512063,0.00018080414581334026,1770136388.5265641
32,0.9996501803398132,0.9986995501129192,2.3624999999860563e-05,2.3697598602852105e-05,robust,LearningControllerState.STABLE,0.00023765755672355837,0.00037344466018662814,0.00020828451519783187,1770136388.5275872
33,0.9998452067375183,0.9989286814378391,2.2624999999720785e-05,2.3483078882225843e-05,fast,LearningControllerState.STABLE,0.00022913132491986232,0.00019117751712016684,0.00017741826248141024,1770136388.52862
34,0.9995275139808655,0.9990484479464444,2.9624999999811052e-05,2.4711463105742886e-05,robust,LearningControllerState.STABLE,0.00011976650860534566,0.0005021110191343325,0.00022277739715637068,1770136388.5299578
35,0.9996638298034668,0.999171524317849,2.224999999977939e-05,2.421917048455019e-05,fast,LearningControllerState.STABLE,0.000123076371404518,0.00032117015420496386,0.0003584201965329825,1770136388.530986
36,0.9997003674507141,0.999277292944422,2.374999999954497e-05,2.4125336387549147e-05,robust,LearningControllerState.STABLE,0.00010576862657307728,0.00032338254928543364,0.00024933088265921555,1770136388.53195
37,0.9997835159301758,0.9993785375415729,2.200000000041058e-05,2.3700269110121435e-05,fast,LearningControllerState.STABLE,0.00010124459715088463,0.0003404832916258371,0.00023848406982462933,1770136388.532904
38,0.9994937777519226,0.9994015855836429,2.379100000027279e-05,2.3718415288151705e-05,robust,LearningControllerState.STABLE,2.304804206998412e-05,0.0005300132480776654,0.0001780145414427281,1770136388.533876
39,0.9998463988304138,0.9994905482329972,2.200000000041058e-05,2.3374732230603482e-05,fast,LearningControllerState.STABLE,8.89626493543183e-05,0.00040099768066337305,0.00017560116958659222,1770136388.534837
40,0.9995856285095215,0.9995095642883022,2.3375000000491752e-05,2.3374785784581138e-05,robust,LearningControllerState.STABLE,1.901605530496564e-05,0.0004377464904790074,0.0001618732641288645,1770136388.535816
41,0.9998758435249329,0.9995828201356284,2.2042000000332962e-05,2.3108228627731506e-05,fast,LearningControllerState.STABLE,7.32558473262035e-05,0.00031986008453355197,0.00014619847506747163,1770136388.536758
42,0.9994677901268005,0.9995598141338629,2.3207999999996787e-05,2.312818290218456e-05,robust,LearningControllerState.STABLE,-2.3006001765524253e-05,0.0005554178731994597,9.7627410888812e-05,1770136388.53778
43,0.9999132752418518,0.9996305063554607,2.175000000015359e-05,2.2852546321778368e-05,robust,LearningControllerState.STABLE,7.06922215978345e-05,0.0003266198047482405,0.00010847475814834695,1770136388.538739
44,0.999767541885376,0.9996579134614438,2.1875000000726175e-05,2.2657037057567928e-05,fast,LearningControllerState.STABLE,2.7407105983145996e-05,0.0002887534831845784,0.0002543331146247496,1770136388.540119
45,0.9998683333396912,0.9996999974370934,2.3084000000395122e-05,2.2742429646133368e-05,robust,LearningControllerState.STABLE,4.20839756495317e-05,0.000154750660309233,0.0001785346111145003,1770136388.541433
46,0.9998951554298401,0.9997390290356428,2.1499999999896602e-05,2.2493943716886016e-05,robust,LearningControllerState.STABLE,3.903159854945493e-05,0.000771426338379122,0.0001263445701598087,1770136388.542352
47,0.9999229907989502,0.9997758213883043,2.1499999999896602e-05,2.2295154973488136e-05,robust,LearningControllerState.STABLE,3.679235266151881e-05,0.00016164619445824258,9.850920104970129e-05,1770136388.5436969
48,0.9995635747909546,0.9997333720688345,2.3125000000234763e-05,2.2461123978837464e-05,robust,LearningControllerState.STABLE,-4.244931946983943e-05,0.0003278905025636547,0.0004595502090456449,1770136388.544713
49,0.9999105930328369,0.9997688162616349,2.170800000023121e-05,2.2310499183116217e-05,robust,LearningControllerState.STABLE,3.544419280043787e-05,7.620834314003844e-05,0.00011111496716331715,1770136388.5456681
50,0.9998393654823303,0.999782926105774,2.1374999999324018e-05,2.212339934635778e-05,robust,LearningControllerState.STABLE,1.4109844139076344e-05,0.00020682072448696687,0.00018200951766900175,1770136388.546981
51,0.9999404549598694,0.9998144318765931,2.1375000000212196e-05,2.1973719477128663e-05,robust,LearningControllerState.STABLE,3.1505770819117984e-05,0.00015019607943678182,8.092004013082743e-05,1770136388.5479019
52,0.999816358089447,0.999814817119164,2.1540999999736243e-05,2.188717558165018e-05,robust,LearningControllerState.STABLE,3.8524257084393554e-07,0.0004748628120418985,0.00020518291055271476,1770136388.548823
53,0.9998885989189148,0.9998295734791142,2.145900000005696e-05,2.1801540465331536e-05,robust,LearningControllerState.STABLE,1.4756359950185427e-05,7.475443630955425e-05,0.00013286008108526204,1770136388.550127
54,0.9999181032180786,0.9998472794269071,2.2083000000172603e-05,2.1857832372299753e-05,robust,LearningControllerState.STABLE,1.7705947792934218e-05,0.0004058044241022074,0.00010397978192155932,1770136388.55108
55,0.9998489618301392,0.9998476159075536,2.1625000000469186e-05,2.181126589793364e-05,robust,LearningControllerState.STABLE,3.3648064645674935e-07,0.00020805481738239706,0.00017266316986130903,1770136388.552015
56,0.9998306632041931,0.9998442253668816,2.224999999977939e-05,2.1899012718302792e-05,fast,LearningControllerState.STABLE,-3.390540671999176e-06,0.00033467801321407364,0.00019158679580666416,1770136388.55296
57,0.9998453259468079,0.9998444454828668,2.2874999999977774e-05,2.2094210174637787e-05,robust,LearningControllerState.STABLE,2.201159852166512e-07,0.00017754905319211645,0.0001890672611084554,1770136388.553887
58,0.9998789429664612,0.9998513449795857,2.175000000015359e-05,2.2025368139740948e-05,robust,LearningControllerState.STABLE,6.899496718948406e-06,0.0003189078752443564,0.00014280703353897195,1770136388.554823
59,0.9999078512191772,0.9998626462275041,2.116699999987759e-05,2.1853694511768275e-05,fast,LearningControllerState.STABLE,1.1301247918371615e-05,0.00023069300097677825,0.0001133157808226315,1770136388.555748
60,0.9997740387916565,0.9998449247403346,2.2624999999720785e-05,2.200795560935878e-05,robust,LearningControllerState.STABLE,-1.7721487169497507e-05,0.00024858620834322664,0.0001771885646668636,1770136388.556663
61,0.9997504353523254,0.9998260268627328,2.1499999999896602e-05,2.1906364487466345e-05,robust,LearningControllerState.STABLE,-1.889787760178674e-05,0.0008594435615538742,0.00027106464767445715,1770136388.557583
62,0.9998845458030701,0.9998377306508004,2.7333000000240304e-05,2.2991691590021136e-05,robust,LearningControllerState.STABLE,1.1703788067585208e-05,0.000177983890349509,0.00014278719693017194,1770136388.558922
63,0.9997720718383789,0.9998245988883162,2.1874999999837996e-05,2.276835327198451e-05,robust,LearningControllerState.STABLE,-1.313176248418646e-05,0.00019956632995565826,0.00024980316162093175,1770136388.560252
64,0.9999006986618042,0.9998398188430139,2.3624999999860563e-05,2.2939682617559722e-05,robust,LearningControllerState.STABLE,1.5219954697665017e-05,0.0001753557283326046,0.00012292633819566134,1770136388.5613608
65,0.9998877644538879,0.9998494079651887,2.2291999999701773e-05,2.281014609398813e-05,robust,LearningControllerState.STABLE,9.589122174857856e-06,0.0005616862447812565,0.00013452754611176232,1770136388.562389
66,0.9999202489852905,0.9998635761692091,2.2083000000172603e-05,2.2664716875225027e-05,robust,LearningControllerState.STABLE,1.416820402033725e-05,0.00014936740512094815,0.00010183401470964526,1770136388.563332
67,0.9997280836105347,0.9998364776574743,2.175000000015359e-05,2.2481773500210738e-05,robust,LearningControllerState.STABLE,-2.709851173476885e-05,0.00023057255917358077,0.0002936663894654856,1770136388.564671
68,0.9999148845672607,0.9998521590394316,2.2082999999284425e-05,2.2402018800025477e-05,robust,LearningControllerState.STABLE,1.5681381957288743e-05,0.0003516180112912437,0.00010719843273854224,1770136388.5659719
69,0.9999105930328369,0.9998638458381126,2.145799999997422e-05,2.2213215040015226e-05,fast,LearningControllerState.STABLE,1.168679868102096e-05,0.0006083130534975112,0.00011086496716306016,1770136388.56692
70,0.9998558163642883,0.9998622399433478,2.308300000031238e-05,2.238717203207466e-05,robust,LearningControllerState.STABLE,-1.6058947648334154e-06,0.0001672666357119823,0.0002843856695253777,1770136388.567862
71,0.999686598777771,0.9998271117102324,2.3207999999996787e-05,2.2551337625659087e-05,robust,LearningControllerState.STABLE,-3.5128233115355734e-05,0.0006818798597407749,0.0003366092222290007,1770136388.568786
72,0.9998390078544617,0.9998294909390784,2.2167000000017367e-05,2.2474470100530743e-05,robust,LearningControllerState.STABLE,2.3792288459389965e-06,0.00046518778991710974,0.00018315914553834745,1770136388.569782
73,0.9999048113822937,0.9998445550277215,2.1792000000075973e-05,2.233797608043979e-05,robust,LearningControllerState.STABLE,1.5064088643157447e-05,0.00036093926620406336,0.0001169806177063748,1770136388.570733
74,0.999879777431488,0.9998515995084749,2.1499999999896602e-05,2.2170380864331155e-05,robust,LearningControllerState.STABLE,7.044480753393145e-06,0.00024249325561509494,0.0001417225685118595,1770136388.5716748
75,0.9998960494995117,0.9998604895066824,2.2083000000172603e-05,2.2152904691499443e-05,robust,LearningControllerState.STABLE,8.889998207473049e-06,0.00046331688308764996,0.00012603350048845385,1770136388.572612
76,0.9998587369918823,0.9998601390037225,2.1917000000648557e-05,2.2105723753329267e-05,robust,LearningControllerState.STABLE,-3.5050295987826274e-07,0.00023667083758560636,0.00016318000811832434,1770136388.573545
77,0.9997442960739136,0.9998369704177608,2.1874999999837996e-05,2.2059579002631014e-05,robust,LearningControllerState.STABLE,-2.3168585961741428e-05,0.00038782119351221667,0.0002775789260862638,1770136388.574862
78,0.9998366832733154,0.9998369129888718,2.200000000041058e-05,2.2047663202186928e-05,robust,LearningControllerState.STABLE,-5.742888897763976e-08,0.00015779528790282882,0.0001853167266849809,1770136388.575796
79,0.9997092485427856,0.9998113800996545,2.2874999999977774e-05,2.2213130561745096e-05,robust,LearningControllerState.STABLE,-2.5532889217250165e-05,0.0004741823005671719,0.00031362645721433324,1770136388.576746
80,0.9998770356178284,0.9998245112032893,2.2416999999386178e-05,2.2253904449273314e-05,robust,LearningControllerState.STABLE,1.3131103634766994e-05,0.00014092547589150684,0.00014538138217101704,1770136388.578176
81,0.9998027682304382,0.9998201626087192,2.220799999985701e-05,2.2244723559390056e-05,robust,LearningControllerState.STABLE,-4.348594570102726e-06,0.00019305181903028767,0.0002194397695616246,1770136388.579125
82,0.9997983574867249,0.9998158015843204,2.2624999999720785e-05,2.2320778847456204e-05,robust,LearningControllerState.STABLE,-4.361024398824576e-06,0.00015010605621323947,0.00022426751327486727,1770136388.580101
83,0.9999596476554871,0.9998445707985538,2.220799999985701e-05,2.2298223077936368e-05,robust,LearningControllerState.STABLE,2.876921423344836e-05,0.00028236876297071944,6.256034451279646e-05,1770136388.5810502
84,0.9996480345726013,0.9998052635533634,2.2332999999541414e-05,2.2305178462257376e-05,fast,LearningControllerState.STABLE,-3.9307245190411955e-05,0.0002972221334536229,0.00037429842739822305,1770136388.582013
85,0.9994488954544067,0.9997339899335721,2.383300000019517e-05,2.2610742769844937e-05,robust,LearningControllerState.STABLE,-7.127361979131219e-05,0.0005749375455934569,0.00015189512615965128,1770136388.5830069
86,0.9998674392700195,0.9997606798008617,2.250000000003638e-05,2.2588594215883226e-05,robust,LearningControllerState.STABLE,2.6689867289597657e-05,0.0006222998428340176,0.00015506072998050513,1770136388.583945
87,0.9997234344482422,0.9997532307303378,2.4999999999941735e-05,2.307087537269493e-05,robust,LearningControllerState.STABLE,-7.4490705238572374e-06,0.0002008570974423307,0.00030156555175775424,1770136388.584948
88,0.9998708963394165,0.9997767638521536,2.2834000000138133e-05,2.302350029818357e-05,robust,LearningControllerState.STABLE,2.3533121815799696e-05,0.00024293218594362287,0.00015193766058363423,1770136388.586328
89,0.9997735619544983,0.9997761234726227,2.229200000058995e-05,2.2877200238664847e-05,robust,LearningControllerState.STABLE,-6.403795309584126e-07,0.0014500539401858248,0.00024873004550229894,1770136388.587271
90,0.9999399781227112,0.9998088944026404,2.254199999995876e-05,2.281016019092363e-05,robust,LearningControllerState.STABLE,3.277093001774478e-05,0.0003246938514713804,8.256387728877712e-05,1770136388.588212
91,0.9998916983604431,0.9998254551942011,2.2167000000017367e-05,2.2681528152742378e-05,robust,LearningControllerState.STABLE,1.6560791560649157e-05,0.0001435437545769247,0.00013046863955690213,1770136388.58916
92,0.9998343586921692,0.9998272358937947,2.1917000000648557e-05,2.2528622522323612e-05,robust,LearningControllerState.STABLE,1.7806995936675563e-06,0.0002213406299436116,0.0001875583078314591,1770136388.590087
93,0.999883234500885,0.9998384356152129,2.1790999999993232e-05,2.2381098017857538e-05,robust,LearningControllerState.STABLE,1.1199721418164721e-05,0.00037881510144099906,0.00013855649911498347,1770136388.59101
94,0.9998222589492798,0.9998352002820263,2.1832999999915614e-05,2.2271478414269156e-05,robust,LearningControllerState.STABLE,-3.2353331865797585e-06,0.00015102475375350366,0.00019957405072013046,1770136388.591933
95,0.9998703002929688,0.9998422202842149,2.1499999999896602e-05,2.2117182731394647e-05,robust,LearningControllerState.STABLE,7.020002188551366e-06,0.0003931086347659374,0.0001511997070311466,1770136388.592855
96,0.9996209740638733,0.9997979710401467,2.2165999999934627e-05,2.2126946185102644e-05,robust,LearningControllerState.STABLE,-4.4249244068206295e-05,0.00020779177093466217,0.0004011919361266436,1770136388.593796
97,0.9998505115509033,0.999808479142298,2.220799999985701e-05,2.214315694805352e-05,robust,LearningControllerState.STABLE,1.0508102151307597e-05,0.0001570071485588187,0.0001716964490965367,1770136388.594808
98,0.999642550945282,0.9997752935028948,2.220799999985701e-05,2.215612555841422e-05,robust,LearningControllerState.STABLE,-3.318563940313268e-05,0.0003663097074584343,0.0003796570547178746,1770136388.5957901
99,0.9999417066574097,0.9998085761337978,2.220799999985701e-05,2.216650044670278e-05,robust,LearningControllerState.STABLE,3.328263090296435e-05,0.00017649230920468995,8.050134259018904e-05,1770136388.5967329
100,0.8118152618408203,0.9622099132752023,2.3000000000550358e-05,2.2333200357472296e-05,robust,LearningControllerState.STABLE,-0.03759866285859548,0.19731448616009573,0.18820773815918024,1770136388.597692
101,0.8965200781822205,0.949071946256606,2.2374999999463796e-05,2.2341560285870598e-05,robust,LearningControllerState.STABLE,-0.013137967018596375,0.3032582325975337,0.103502296817779,1770136388.598638
102,0.9354032874107361,0.946338214487432,2.225000000066757e-05,2.232324822882999e-05,robust,LearningControllerState.STABLE,-0.0027337317691739083,0.1707815929569092,0.06461896258926458,1770136388.5995882
103,0.9259447455406189,0.9422595206980695,2.3750000000433147e-05,2.260859858315062e-05,robust,LearningControllerState.STABLE,-0.004078693789362542,0.06652662368737783,0.07407900445938154,1770136388.60062
104,0.8005123734474182,0.9139100912479393,2.2458000000113998e-05,2.2578478866543295e-05,fast,LearningControllerState.STABLE,-0.028349429450130192,0.2885925082855225,0.1995100845525819,1770136388.601599
105,0.916365385055542,0.9144011500094599,2.3166999999268967e-05,2.269618309308843e-05,fast,LearningControllerState.STABLE,0.0004910587615205575,0.08365778194445728,0.10503684302539096,1770136388.6025422
106,0.7322772145271301,0.877976362912994,2.3375000000491752e-05,2.2831946474569094e-05,fast,LearningControllerState.STABLE,-0.036424787096465905,0.26774616047287036,0.07111252521896372,1770136388.603489
107,0.7974269390106201,0.8618664781325193,2.308300000031238e-05,2.2882157179717754e-05,robust,LearningControllerState.STABLE,-0.016109884780474704,0.2025961439893802,0.1739797115209658,1770136388.604425
108,0.9175735116004944,0.8730078848261144,2.1292000000450173e-05,2.256412574386424e-05,fast,LearningControllerState.STABLE,0.01114140669359509,0.19309496140289273,0.08244778039950607,1770136388.605359
109,0.9047872424125671,0.8793637563434049,2.358299999993818e-05,2.276790059507903e-05,robust,LearningControllerState.STABLE,0.006355871517290557,0.0952363405874328,0.11503735132580584,1770136388.606314
110,0.9995559453964233,0.9034021941540087,2.2083000000172603e-05,2.2630920476097747e-05,robust,LearningControllerState.STABLE,0.024038437810603774,0.00017578840237408855,0.00046613760357683276,1770136388.6072772
111,0.9997762441635132,0.9226770041559097,2.3915999999957194e-05,2.288793638086964e-05,fast,LearningControllerState.STABLE,0.01927481000190101,0.0003215524099431377,0.0002476718364867736,1770136388.608248
112,0.9995283484458923,0.9380472730139062,2.4917000000179712e-05,2.3293749104731654e-05,robust,LearningControllerState.STABLE,0.015370268857996527,0.0004965685541078457,9.520029449472389e-05,1770136388.609642
113,0.9998814463615417,0.9504141076834334,2.220899999993975e-05,2.3076799283773276e-05,robust,LearningControllerState.STABLE,0.01236683466952715,0.0002530842777401787,0.0001407626384581917,1770136388.6106381
114,0.9998551607131958,0.960302318289386,2.324999999991917e-05,2.3111439427002455e-05,fast,LearningControllerState.STABLE,0.009888210605952574,0.00033763501321448786,0.0001680892868041184,1770136388.611752
115,0.9996994733810425,0.9681817493077174,2.3875000000117552e-05,2.3264151541625476e-05,robust,LearningControllerState.STABLE,0.00787943101833144,0.0003244016189576371,0.00017684105319215604,1770136388.613106
116,0.9998034238815308,0.9745060842224801,2.2333000000429593e-05,2.30779212333863e-05,fast,LearningControllerState.STABLE,0.006324334914762697,0.0005173008540957369,0.00021890911846966787,1770136388.614068
117,0.9995686411857605,0.9795185956151362,2.3416999999525956e-05,2.3145736986614236e-05,robust,LearningControllerState.STABLE,0.005012511392656127,0.0004547758142390279,0.00012215464038067836,1770136388.615044
118,0.9998993277549744,0.9835947420431039,2.35410000000158e-05,2.322478958929455e-05,robust,LearningControllerState.STABLE,0.0040761464279677195,0.00035995517330889015,0.00012421324502565056,1770136388.616006
119,0.9996417164802551,0.9868041369305343,2.1583999999741366e-05,2.2896631671383917e-05,fast,LearningControllerState.STABLE,0.003209394887430328,0.0003395124776917058,0.0003798675197446144,1770136388.616935
120,0.9997150897979736,0.9893863275040222,2.3207999999996787e-05,2.295890533710649e-05,robust,LearningControllerState.STABLE,0.0025821905734879635,0.000308118202026364,0.00028157243728621495,1770136388.6178648
121,0.9998762607574463,0.9914843141547071,2.1541999999818984e-05,2.267552426964899e-05,fast,LearningControllerState.STABLE,0.0020979866506848355,0.000433574397858294,0.00014528124255352992,1770136388.6188118
122,0.9998275637626648,0.9931529640762986,3.5208999999980506e-05,2.5182219415715293e-05,robust,LearningControllerState.STABLE,0.0016686499215915473,0.00020764523733518558,0.00011189106005904392,1770136388.619744
123,0.9996516108512878,0.9944526934312965,2.745799999992471e-05,2.5637375532557178e-05,fast,LearningControllerState.STABLE,0.0012997293549978917,0.00025291851025421863,0.0003758471487120829,1770136388.620683
124,0.9998971819877625,0.9955415911425898,2.304099999950182e-05,2.511810042594611e-05,robust,LearningControllerState.STABLE,0.0010888977112932796,0.00012585901223705065,0.000252145347412025,1770136388.6216068
125,0.9998695850372314,0.9964071899215181,2.170800000023121e-05,2.443608034080313e-05,fast,LearningControllerState.STABLE,0.0008655987789283337,0.00022803395480330835,0.0001521229627687859,1770136388.62257
126,0.9995617866516113,0.9970381092675369,2.4290999999898588e-05,2.4407064272622223e-05,robust,LearningControllerState.STABLE,0.0006309193460187767,0.00046250434838857046,0.00015538361358657937,1770136388.623914
127,0.9998821020126343,0.9976069078165564,2.1582999999658625e-05,2.3842251418029506e-05,fast,LearningControllerState.STABLE,0.000568798549019478,0.000322912967865463,0.00013948098736538128,1770136388.624854
128,0.9998459219932556,0.9980547106518962,2.2958000000627976e-05,2.3665401134549203e-05,robust,LearningControllerState.STABLE,0.00044780283533985,0.00017703600674501274,0.00029355999411073697,1770136388.626166
129,0.9999613761901855,0.9984360437595541,2.125000000052779e-05,2.3182320907744923e-05,fast,LearningControllerState.STABLE,0.0003813331076578663,0.00042859223556490633,5.9873809814980916e-05,1770136388.6270888
130,0.9998049736022949,0.9987098297281023,2.429199999998133e-05,2.3404256726192207e-05,robust,LearningControllerState.STABLE,0.00027378596854821247,0.00021931839770505945,0.00014402931250057094,1770136388.628095
131,0.9998337626457214,0.9989346163116262,2.1625000000469186e-05,2.3048405381047605e-05,fast,LearningControllerState.STABLE,0.0002247865835238727,0.00046302588308666515,0.00018786235427903364,1770136388.62903
132,0.9996544718742371,0.9990785874241485,2.2874999999977774e-05,2.301372430483364e-05,robust,LearningControllerState.STABLE,0.00014397111252228978,0.00036840312576291723,0.00029737948208641285,1770136388.6299672
133,0.9999222755432129,0.9992473250479614,2.1583000000546804e-05,2.2727579443976275e-05,fast,LearningControllerState.STABLE,0.00016873762381297563,0.00032150585174584023,9.930745678765618e-05,1770136388.6308951
134,0.999589204788208,0.9993157009960109,2.3917000000039934e-05,2.296546355518901e-05,robust,LearningControllerState.STABLE,6.837594804942615e-05,0.0004347122117920321,0.00016811561221352633,1770136388.6318731
135,0.9998554587364197,0.9994236525440927,2.1333000000289815e-05,2.2638970844209172e-05,fast,LearningControllerState.STABLE,0.0001079515480818527,0.000155954799652136,0.00016587426358061208,1770136388.632786
136,0.9995136260986328,0.9994416472550007,2.254199999995876e-05,2.261957667535909e-05,robust,LearningControllerState.STABLE,1.7994710908020295e-05,0.0005089159013671463,0.00018102665728747525,1770136388.633695
137,0.999874472618103,0.9995282123276212,2.120899999979997e-05,2.2337461340247268e-05,fast,LearningControllerState.STABLE,8.656507262050361e-05,0.0003151049919125626,0.00014673638189677263,1770136388.6350021
138,0.9998356699943542,0.9995897038609679,2.3082999999424203e-05,2.2486569072082654e-05,robust,LearningControllerState.STABLE,6.149153334666924e-05,0.00018741300564517616,0.0003414109424442202,1770136388.636299
139,0.9998342990875244,0.9996386229062793,2.1291000000367433e-05,2.224745525773961e-05,fast,LearningControllerState.STABLE,4.891904531134639e-05,0.0008505040973512124,0.00018699191247595337,1770136388.6372008
140,0.9991201162338257,0.9995349215717886,2.324999999991917e-05,2.244796420617552e-05,robust,LearningControllerState.STABLE,-0.00010370133449066898,0.0009031337661742356,0.00012249489611804165,1770136388.6381388
141,0.9994992613792419,0.9995277895332793,2.120799999971723e-05,2.2199971364883862e-05,fast,LearningControllerState.STABLE,-7.132038509327643e-06,0.0004857764852594926,0.0005219466207577739,1770136388.639062
142,0.9997276067733765,0.9995677529812987,2.433299999982097e-05,2.2626577091871282e-05,robust,LearningControllerState.STABLE,3.996344801948659e-05,0.0002967262266233561,0.00041540270196538387,1770136388.63999
143,0.9999253153800964,0.9996392654610583,2.1375000000212196e-05,2.2376261673539466e-05,fast,LearningControllerState.STABLE,7.151247975956121e-05,0.00018879093569879046,9.605961990377665e-05,1770136388.640914
144,0.9996311664581299,0.9996376456604726,2.304199999958456e-05,2.250940933874849e-05,robust,LearningControllerState.STABLE,-1.6198005856615794e-06,0.00039187554186970175,0.00022829793130529907,1770136388.641817
145,0.9997352957725525,0.9996571756828887,2.1290999999479254e-05,2.2265727470894645e-05,fast,LearningControllerState.STABLE,1.9530022416058834e-05,0.0006027570075994859,0.000285995227446989,1770136388.643105
146,0.9998700618743896,0.9996997529211888,2.2624999999720785e-05,2.2337581976659873e-05,robust,LearningControllerState.STABLE,4.257723830014548e-05,0.00015256312561007235,0.0002460822793883821,1770136388.644052
147,0.9998462200164795,0.9997290463402471,2.1625000000469186e-05,2.2195065581421736e-05,fast,LearningControllerState.STABLE,2.9293419058218362e-05,0.0003606948244021524,0.000175404983520977,1770136388.6450748
148,0.9996616840362549,0.9997155738794486,2.3624999999860563e-05,2.24810524651095e-05,robust,LearningControllerState.STABLE,-1.3472460798413799e-05,0.00036194096374497775,0.00024173500042756757,1770136388.646079
149,0.9997113943099976,0.9997147379655585,2.1958000000488198e-05,2.237644197218524e-05,fast,LearningControllerState.STABLE,-8.359138901070651e-07,0.0001927774236758495,0.0003105636900029296,1770136388.647416
150,0.9613494277000427,0.9920416759124554,2.51670000004367e-05,2.2934553577835533e-05,fast,LearningControllerState.STABLE,-0.007673062053103141,0.03867573929995771,0.023383903705779474,1770136388.648403
151,0.9659825563430786,0.9868298519985801,2.329199999984155e-05,2.300604286223674e-05,robust,LearningControllerState.STABLE,-0.005211823913875313,0.03404073565692123,0.03459312301617423,1770136388.649338
152,0.960394561290741,0.9815427938570124,2.200000000041058e-05,2.280483428987151e-05,robust,LearningControllerState.STABLE,-0.005287058141567713,0.0948805906488337,0.039627438709259444,1770136388.65426
153,0.9504523873329163,0.9753247125521932,2.195900000057094e-05,2.2635667432011395e-05,fast,LearningControllerState.STABLE,-0.006218081304819156,0.1092038850440975,0.04956957166708431,1770136388.655213
154,0.8944878578186035,0.9591573416054753,2.3709000000593505e-05,2.2850333945727817e-05,fast,LearningControllerState.STABLE,-0.01616737094671794,0.10553585118139708,0.015351974380492628,1770136388.6561852
155,0.9836739897727966,0.9640606712389397,2.3209000000079527e-05,2.2922067156598162e-05,fast,LearningControllerState.STABLE,0.004903329633464404,0.01634921922720345,0.04386509632492075,1770136388.6571362
156,0.8428690433502197,0.9398223456611958,2.3999999999801958e-05,2.3137653725238922e-05,fast,LearningControllerState.STABLE,-0.024238325577743858,0.15715495664978008,0.057365309947967624,1770136388.6580968
157,0.9743766784667969,0.9467332122223161,2.383400000027791e-05,2.327692298024672e-05,fast,LearningControllerState.STABLE,0.006910866561120277,0.025647155533203403,0.04007109368496753,1770136388.659038
158,0.8936203122138977,0.9361106322206325,2.2833000000055392e-05,2.318813838420846e-05,robust,LearningControllerState.STABLE,-0.01062258000168359,0.10640252078610235,0.051390082355681876,1770136388.6599948
159,0.948972225189209,0.9386829508143478,2.3084000000395122e-05,2.3167310707445792e-05,fast,LearningControllerState.STABLE,0.002572318593715317,0.013090194763183405,0.05105085881079141,1770136388.661031
160,0.9820842146873474,0.9473632035889479,2.899999999961267e-05,2.433384856587917e-05,robust,LearningControllerState.STABLE,0.00868025277460005,0.0179447853126522,0.020268732574463044,1770136388.662039
161,0.9584490656852722,0.9495803760082128,2.3125000000234763e-05,2.409207885275029e-05,fast,LearningControllerState.STABLE,0.00221717241926489,0.12200673134649609,0.04157405931472802,1770136388.662973
162,0.8106584548950195,0.9217959917855741,2.408300000045216e-05,2.4090263082290668e-05,fast,LearningControllerState.STABLE,-0.027784384222638625,0.18936562810498092,0.028141027614593028,1770136388.667828
163,0.9045889377593994,0.9183545809803393,2.3416000000331394e-05,2.3955410465898812e-05,robust,LearningControllerState.STABLE,-0.003441410805234857,0.09543447824060092,0.023114817920684594,1770136388.6687949
164,0.9513387680053711,0.9249514183853458,2.200000000041058e-05,2.356432837280117e-05,robust,LearningControllerState.STABLE,0.006596837405006495,0.12137669018154895,0.04868323199462932,1770136388.669798
165,0.9540284276008606,0.9307668202284487,2.195799999960002e-05,2.324306269816094e-05,fast,LearningControllerState.STABLE,0.005815401843102919,0.045751683239166674,0.045993530399139004,1770136388.670769
166,0.9156652688980103,0.9277465099623611,2.3915999999957194e-05,2.3377650158520195e-05,fast,LearningControllerState.STABLE,-0.0030203102660876224,0.0843586471019897,0.04691375469589243,1770136388.6717398
167,0.908781886100769,0.9239535851900427,2.358400000002092e-05,2.3418920126820343e-05,fast,LearningControllerState.STABLE,-0.0037929247723184067,0.09124169789923098,0.037368011230468845,1770136388.672678
168,0.9792316555976868,0.9350091992715714,2.379099999938461e-05,2.34933361013332e-05,fast,LearningControllerState.STABLE,0.011055614081528775,0.020792135402312617,0.012309389892577904,1770136388.67362
169,0.9733564257621765,0.9426786445696924,2.333300000056937e-05,2.3461268881180438e-05,fast,LearningControllerState.STABLE,0.007669445298120969,0.026666907237824056,0.04965356642550667,1770136388.67455
170,0.9394152164459229,0.9420259589449386,2.324999999991917e-05,2.3419015104928183e-05,robust,LearningControllerState.STABLE,-0.000652685624753846,0.06060803355407707,0.027473211151305854,1770136388.6754901
171,0.9732569456100464,0.9482721562779602,2.2833000000055392e-05,2.3301812083953624e-05,fast,LearningControllerState.STABLE,0.006246197333021675,0.08071793965512164,0.02676588738995367,1770136388.680557
172,0.9317046403884888,0.944958653100066,2.379200000035553e-05,2.3399849667234005e-05,robust,LearningControllerState.STABLE,-0.0033135031778942503,0.06831915161151159,0.0869185151065679,1770136388.681532
173,0.9712004661560059,0.950207015711254,2.19999999995224e-05,2.3119879733691687e-05,robust,LearningControllerState.STABLE,0.0052483626111879955,0.06158629393768322,0.028821533843993663,1770136388.6824791
174,0.9831835627555847,0.9568023251201202,2.2291999999701773e-05,2.2954303786893702e-05,robust,LearningControllerState.STABLE,0.006595309408866212,0.0522612070997317,0.016838729244414985,1770136388.683417
175,0.9399160742759705,0.9534250749512903,2.1833000000803793e-05,2.2730043029675723e-05,robust,LearningControllerState.STABLE,-0.0033772501688299483,0.10153551486587542,0.060105758724030345,1770136388.684376
176,0.95784592628479,0.9543092452179902,2.2459000000196738e-05,2.2675834423779925e-05,robust,LearningControllerState.STABLE,0.0008841702666999574,0.10251700694674604,0.04217653271521016,1770136388.6853461
177,0.9462780356407166,0.9527030033025354,2.254199999995876e-05,2.2649067539015694e-05,robust,LearningControllerState.STABLE,-0.0016062419154547758,0.045616857300171176,0.053744506359283406,1770136388.686351
178,0.955994188785553,0.9533612403991389,2.175000000015359e-05,2.2469254031243274e-05,robust,LearningControllerState.STABLE,0.0006582370966035089,0.03668480928057871,0.044027561214447175,1770136388.687297
179,0.9811439514160156,0.9589177826025144,2.250000000003638e-05,2.2475403225001895e-05,robust,LearningControllerState.STABLE,0.005556542203375425,0.07014513388098109,0.01887854858398441,1770136388.692179
180,0.9751602411270142,0.9621662743074144,2.2667000000531345e-05,2.2513722580107784e-05,robust,LearningControllerState.STABLE,0.0032484917049000472,0.15114021117800913,0.02486242587298637,1770136388.693134
181,0.9599146246910095,0.9617159443841334,4.241600000032264e-05,2.649417806415076e-05,fast,LearningControllerState.STABLE,-0.00045032992328097876,0.026589337967101834,0.0401277913089908,1770136388.69418
182,0.9254202246665955,0.9544568004406259,3.7083000000492916e-05,2.8611942451419194e-05,fast,LearningControllerState.STABLE,-0.007259143943507573,0.07461685833340503,0.08229983271789543,1770136388.695263
183,0.9168955683708191,0.9469445540266646,2.4500000000315936e-05,2.7789553961198542e-05,fast,LearningControllerState.STABLE,-0.00751224641396131,0.08312893162918122,0.05011014835339278,1770136388.696258
184,0.9517735242843628,0.9479103480782043,2.3624999999860563e-05,2.6956643168930946e-05,fast,LearningControllerState.STABLE,0.0009657940515397367,0.04825010071563707,0.0222149434356691,1770136388.701092
185,0.9299091100692749,0.9443101004764185,2.324999999991917e-05,2.621531453512859e-05,robust,LearningControllerState.STABLE,-0.0036002476017857887,0.07011413993072502,0.03108294008999568,1770136388.702046
186,0.9133232831954956,0.938112737020234,2.2042000000332962e-05,2.5380651628169468e-05,fast,LearningControllerState.STABLE,-0.00619736345618449,0.0883412670940249,0.08669875880450473,1770136388.703042
187,0.9663949608802795,0.9437691817922432,2.3125000000234763e-05,2.492952130258253e-05,fast,LearningControllerState.STABLE,0.005656444772009217,0.033628164119720694,0.04108390762347369,1770136388.704022
188,0.9473691582679749,0.9444891770873897,2.2416000000191616e-05,2.442681704210435e-05,fast,LearningControllerState.STABLE,0.0007199952951464361,0.05265325773202534,0.03912727420462048,1770136388.704973
189,0.8877102136611938,0.9331333844021505,2.3000000000550358e-05,2.4141453633793552e-05,fast,LearningControllerState.STABLE,-0.011355792685239119,0.1123127863388067,0.009584242603119186,1770136388.7058969
190,0.9625937342643738,0.9390254543745952,2.254199999995876e-05,2.3821562907026595e-05,fast,LearningControllerState.STABLE,0.005892069972444625,0.03742880773562618,0.03286842764282216,1770136388.706805
191,0.9044116735458374,0.9321026982088436,2.2833000000055392e-05,2.3623850325632356e-05,robust,LearningControllerState.STABLE,-0.0069227561657515535,0.09561115945416265,0.03154882883071952,1770136388.707708
192,0.9910152554512024,0.9438852096573155,2.141700000013458e-05,2.3182480260532802e-05,robust,LearningControllerState.STABLE,0.011782511448471866,0.033256971019928194,0.009006161548797742,1770136388.7086148
193,0.9837630987167358,0.9518607874691996,2.1874999999837996e-05,2.2920984208393845e-05,robust,LearningControllerState.STABLE,0.007975577811884071,0.0640629625095217,0.016258776283263998,1770136388.713558
194,0.9840990900993347,0.9583084479952266,2.2125000000094985e-05,2.2761787366734072e-05,robust,LearningControllerState.STABLE,0.006447660526027077,0.06756100415783717,0.015923034900665378,1770136388.7145028
195,0.9835163950920105,0.9633500374145835,2.220799999985701e-05,2.265102989335866e-05,robust,LearningControllerState.STABLE,0.00504158941935684,0.016372988666534027,0.01650581290798936,1770136388.715439
196,0.9718510508537292,0.9650502401024127,2.224999999977939e-05,2.257082391464281e-05,fast,LearningControllerState.STABLE,0.001700202687829222,0.10243052639788885,0.02817119914627053,1770136388.716387
197,0.9474616646766663,0.9615325250172635,2.3666999999782945e-05,2.2790059131670836e-05,robust,LearningControllerState.STABLE,-0.003517715085149198,0.05256200232333352,0.0728607236595149,1770136388.721345
198,0.9145004153251648,0.9521261030788437,2.224999999977939e-05,2.268204730529255e-05,robust,LearningControllerState.STABLE,-0.009406421938419784,0.13272374105853313,0.08552183467483498,1770136388.7222872
199,0.9265978932380676,0.9470204611106885,2.1916000000565816e-05,2.2528837844347204e-05,fast,LearningControllerState.STABLE,-0.005105641968155217,0.08246236832846066,0.07342402276193294,1770136388.723226
200,0.67540043592453,0.8926964560734569,2.3875000000117552e-05,2.2798070275501273e-05,robust,LearningControllerState.STABLE,-0.05432400503723156,0.3246234390754701,0.05439921559143013,1770136388.724169
201,0.7791072726249695,0.8699786193837595,2.591699999943131e-05,2.3421856220287282e-05,fast,LearningControllerState.STABLE,-0.0227178366896974,0.10612128723489445,0.22091864437502995,1770136388.7251892
202,0.9122396111488342,0.8784308177367746,2.3666999999782945e-05,2.3470884976186416e-05,fast,LearningControllerState.STABLE,0.008452198353015028,0.08778405585116555,0.1044950717811588,1770136388.726136
203,0.8476455807685852,0.8722737703431367,2.5457999999645153e-05,2.3868307980878162e-05,fast,LearningControllerState.STABLE,-0.006157047393637871,0.15237987723141444,0.08811340262966905,1770136388.731138
204,0.6941280961036682,0.836644635495243,2.3500000000176158e-05,2.3794646384737764e-05,robust,LearningControllerState.STABLE,-0.03562913484789365,0.30589540389633196,0.0987441892810974,1770136388.732123
205,0.8429097533226013,0.8378976590607148,2.1540999999736243e-05,2.334391710773746e-05,fast,LearningControllerState.STABLE,0.0012530235654717448,0.1912542087629392,0.15711178767739842,1770136388.733119
206,0.6135963797569275,0.7930374031999574,2.3082999999424203e-05,2.329173368607481e-05,robust,LearningControllerState.STABLE,-0.04486025586075737,0.38642670324307193,0.18637989802932786,1770136388.734057
207,0.8468060493469238,0.8037911324293507,2.1875000000726175e-05,2.3008386949005085e-05,fast,LearningControllerState.STABLE,0.010753729229393327,0.2682850940895074,0.1532158256530769,1770136388.73504
208,0.7917612791061401,0.8013851617647086,2.2915999999817416e-05,2.2989909559167553e-05,fast,LearningControllerState.STABLE,-0.0024059706646420986,0.20826163689385968,0.20720195200729385,1770136388.73598
209,0.8440434336662292,0.8099168161450129,2.2874999999977774e-05,2.2966927647329598e-05,fast,LearningControllerState.STABLE,0.008531654380304232,0.15597944133377073,0.16107246350878857,1770136388.736927
210,0.951306164264679,0.8381946857689462,2.275000000029337e-05,2.2923542117922355e-05,fast,LearningControllerState.STABLE,0.028277869623933305,0.04871658573532134,0.02718165008944684,1770136388.7378728
211,0.9334978461265564,0.8572553178404683,2.324999999991917e-05,2.298883369432172e-05,fast,LearningControllerState.STABLE,0.019060632071522088,0.06652540387344352,0.016587275317779593,1770136388.7388139
212,0.9740223288536072,0.8806087200430961,2.304199999958456e-05,2.299946695537429e-05,robust,LearningControllerState.STABLE,0.023353402202627827,0.026000713146392407,0.031234776050567348,1770136388.7397592
213,0.9392298460006714,0.8923329452346113,2.1541999999818984e-05,2.270797356426323e-05,fast,LearningControllerState.STABLE,0.01172422519151517,0.11939315669631956,0.06079169599932843,1770136388.740756
214,0.9296002388000488,0.8997864039476988,2.3084000000395122e-05,2.2783178851489607e-05,robust,LearningControllerState.STABLE,0.007453458713087557,0.07042284519995157,0.053869105159759734,1770136388.741716
215,0.9524463415145874,0.9103183914610765,2.3083999999506943e-05,2.2843343081093074e-05,robust,LearningControllerState.STABLE,0.010531987513377694,0.015313911105926614,0.047576742485412105,1770136388.746718
216,0.9553177952766418,0.9193182722241896,2.254099999987602e-05,2.2782874464849663e-05,fast,LearningControllerState.STABLE,0.008999880763113088,0.08657211893463135,0.04470474572335803,1770136388.747725
217,0.9574900269508362,0.926952623169519,2.362500000074874e-05,2.295129957202948e-05,robust,LearningControllerState.STABLE,0.007634350945329382,0.04253359804916457,0.01660523901367217,1770136388.748737
218,0.9741036891937256,0.9363828363743604,2.229200000058995e-05,2.2819439657741575e-05,robust,LearningControllerState.STABLE,0.009430213204841387,0.08517174447994957,0.025918602806275004,1770136388.749731
219,0.9872318506240845,0.9465526392243052,2.3000000000550358e-05,2.2855551726303333e-05,robust,LearningControllerState.STABLE,0.010169802849944842,0.12096502383041319,0.012791149375916078,1770136388.75069
220,0.9707215428352356,0.9513864199464913,2.2165999999934627e-05,2.2717641381029592e-05,robust,LearningControllerState.STABLE,0.0048337807221860984,0.08869337173043856,0.02930062316476434,1770136388.751644
221,0.9698464870452881,0.9550784333662508,2.1790999999993232e-05,2.253231310482232e-05,robust,LearningControllerState.STABLE,0.0036920134197594434,0.03159493603533914,0.030175303954711907,1770136388.752589
222,0.9445666670799255,0.9529760801089858,2.2165999999934627e-05,2.2459050483844782e-05,fast,LearningControllerState.STABLE,-0.002102353257264933,0.1346617556648253,0.0554554989200744,1770136388.753518
223,0.9454799294471741,0.9514768499766235,2.3875000000117552e-05,2.274224038709934e-05,robust,LearningControllerState.STABLE,-0.0014992301323623058,0.054543945552826045,0.022205418273925304,1770136388.7544682
224,0.9801569581031799,0.9572128716019348,2.2084000000255344e-05,2.261059230973054e-05,robust,LearningControllerState.STABLE,0.005736021625311283,0.03319905121231059,0.019865125896820324,1770136388.7554162
225,0.9679473042488098,0.9593597581313098,2.225000000066757e-05,2.2538473847917948e-05,fast,LearningControllerState.STABLE,0.002146886529375003,0.03417535213089007,0.03207494575119085,1770136388.75636
226,0.9605271220207214,0.9595932309091921,2.3750000000433147e-05,2.2780779078420987e-05,robust,LearningControllerState.STABLE,0.00023347277788232645,0.039496627979279,0.0676502702178956,1770136388.7573419
227,0.9640630483627319,0.9604871943999002,2.2083000000172603e-05,2.264122326277131e-05,fast,LearningControllerState.STABLE,0.0008939634907080274,0.013984021457488893,0.03595903463726824,1770136388.758285
228,0.9277981519699097,0.9539493859139021,2.3875000000117552e-05,2.288797861024056e-05,robust,LearningControllerState.STABLE,-0.006537808485998053,0.07222572303009045,0.033349681102936124,1770136388.759239
229,0.9601795673370361,0.9551954221985289,2.2458000000113998e-05,2.280198288821525e-05,robust,LearningControllerState.STABLE,0.001246036284626828,0.1011603152084346,0.03984289066296398,1770136388.7602198
230,0.9402251243591309,0.9522013626306494,2.2042000000332962e-05,2.2649986310638793e-05,robust,LearningControllerState.STABLE,-0.00299405956787957,0.14850544499588025,0.059796917640869474,1770136388.765534
231,0.987929105758667,0.9593469112562529,2.2083999999367165e-05,2.253678904838447e-05,robust,LearningControllerState.STABLE,0.0071455486256035705,0.0788833465957639,0.012092978241332375,1770136388.7666051
232,0.9583256840705872,0.9591426658191199,2.1915999999677638e-05,2.2412631238643104e-05,fast,LearningControllerState.STABLE,-0.00020424543713304377,0.06382345290719638,0.04169623192941252,1770136388.767554
233,0.9006192088127136,0.9474379744178386,2.329199999984155e-05,2.2588504990882794e-05,robust,LearningControllerState.STABLE,-0.011704691401281275,0.09940408318728622,0.048078596919830296,1770136388.768499
234,0.9283286929130554,0.9436161181168821,2.1499999999896602e-05,2.237080399268556e-05,fast,LearningControllerState.STABLE,-0.00382185630095655,0.042647276153197744,0.07169280708694448,1770136388.769461
235,0.9314822554588318,0.9411893455852721,2.329099999975881e-05,2.255484319410021e-05,fast,LearningControllerState.STABLE,-0.002426772531609944,0.06854103554116797,0.022616511276428497,1770136388.770401
236,0.8782198429107666,0.9285954450503711,2.3708000000510765e-05,2.2785474555382322e-05,fast,LearningControllerState.STABLE,-0.012593900534901059,0.12180386508923391,0.04473745809191865,1770136388.771344
237,0.9518040418624878,0.9332371644127945,2.3957999999879576e-05,2.3019979644281777e-05,robust,LearningControllerState.STABLE,0.004641719362423413,0.04821991613751209,0.034860270569030405,1770136388.772287
238,0.9536342620849609,0.9373165839472278,2.2125000000094985e-05,2.2840983715444418e-05,fast,LearningControllerState.STABLE,0.0040794195344333595,0.07974046262014767,0.04638786291503916,1770136388.77323
239,0.9236525297164917,0.9345837731010807,2.3500000000176158e-05,2.2972786972390767e-05,fast,LearningControllerState.STABLE,-0.0027328108461471823,0.07637097028350848,0.02886608869970697,1770136388.774167
240,0.8550223112106323,0.9186714807229911,2.3665999999700205e-05,2.3111429577852656e-05,robust,LearningControllerState.STABLE,-0.015912292378089554,0.14500135478936738,0.03815058979779007,1770136388.775164
241,0.9578259587287903,0.926502376324151,2.2374999999463796e-05,2.2964143662174885e-05,fast,LearningControllerState.STABLE,0.007830895601159904,0.053980033031829855,0.04219641627120918,1770136388.776117
242,0.9290529489517212,0.9270124908496651,2.404199999972434e-05,2.3179714929684778e-05,robust,LearningControllerState.STABLE,0.0005101145255140827,0.07097109304827853,0.04651783022671552,1770136388.777088
243,0.950796902179718,0.9317693731156758,2.3333999999763932e-05,2.321057194370061e-05,fast,LearningControllerState.STABLE,0.004756882266010676,0.07750479925555354,0.049226431820281746,1770136388.7781298
244,0.8723657727241516,0.919888653037371,2.4749999999684746e-05,2.3518457554897438e-05,fast,LearningControllerState.STABLE,-0.011880720078304763,0.12765897727584807,0.06173704280508385,1770136388.779181
245,0.8438287973403931,0.9046766818979755,2.358299999993818e-05,2.353136604390559e-05,fast,LearningControllerState.STABLE,-0.015211971139395541,0.15619478565960687,0.06599888276690624,1770136388.780138
246,0.9368896484375,0.9111192752058804,2.2916999999900156e-05,2.3408492835104503e-05,fast,LearningControllerState.STABLE,0.006442593307904976,0.0631332685624999,0.02104352177047719,1770136388.781085
247,0.9511396288871765,0.9191233459421397,2.2790999999244832e-05,2.3284994267932573e-05,robust,LearningControllerState.STABLE,0.008004070736259306,0.04888316211282273,0.02346359318579161,1770136388.78201
248,0.9714739322662354,0.9295934632069589,2.150000000078478e-05,2.2927995414503014e-05,robust,LearningControllerState.STABLE,0.010470117264819168,0.04622544458370914,0.028547567733765433,1770136388.782958
249,0.9375688433647156,0.9311885392385103,2.1290999999479254e-05,2.2600596331498264e-05,robust,LearningControllerState.STABLE,0.0015950760315514012,0.13609154053478978,0.0624524476352839,1770136388.7838662
250,0.9936169981956482,0.943674231029938,2.145799999997422e-05,2.2372077065193455e-05,robust,LearningControllerState.STABLE,0.012485691791427667,0.053383617607299705,0.006404459804351781,1770136388.784844
251,0.9600198268890381,0.946943350201758,2.1084000000115566e-05,2.211446165217788e-05,fast,LearningControllerState.STABLE,0.003269119171820045,0.07496275820178244,0.04000125711096203,1770136388.785779
252,0.9632543921470642,0.9502055585908193,2.324999999991917e-05,2.2341569321726137e-05,robust,LearningControllerState.STABLE,0.0032622083890613274,0.03676885785293571,0.04521377108728064,1770136388.790642
253,0.9449370503425598,0.9491518569411674,2.2167000000017367e-05,2.2306655457384383e-05,robust,LearningControllerState.STABLE,-0.0010537016496519058,0.06974152041262816,0.0550851166574402,1770136388.7955189
254,0.9503557085990906,0.9493926272727521,2.200000000041058e-05,2.2245324365989622e-05,robust,LearningControllerState.STABLE,0.0002407703315846499,0.03132678052920568,0.049666291400909834,1770136388.800429
255,0.9344192743301392,0.9463979566842295,2.220799999985701e-05,2.22378594927631e-05,fast,LearningControllerState.STABLE,-0.002994670588522541,0.0932774631229547,0.0656029336698607,1770136388.801385
256,0.9603306651115417,0.949184498369692,2.3875000000117552e-05,2.2565287594233992e-05,robust,LearningControllerState.STABLE,0.0027865416854624403,0.03969320988845837,0.06677996519488527,1770136388.802339
257,0.9670552015304565,0.952758639001845,2.2374999999463796e-05,2.2527230075279954e-05,fast,LearningControllerState.STABLE,0.003574140632153,0.12818314221954363,0.03296717346954292,1770136388.8032808
258,0.9423543214797974,0.9506777754974355,2.3707999999622587e-05,2.2763384060148483e-05,fast,LearningControllerState.STABLE,-0.0020808635044095025,0.05766938652020226,0.06559309381085221,1770136388.804277
259,0.8740151524543762,0.9353452508888236,2.437500000063153e-05,2.3085707248245093e-05,robust,LearningControllerState.STABLE,-0.015332524608611897,0.1260092225456244,0.012301504707336264,1770136388.809178
260,0.9744837284088135,0.9431729463928217,3.4958000000528955e-05,2.5460165798701865e-05,fast,LearningControllerState.STABLE,0.007827695503998089,0.13882176603298912,0.025551229591187052,1770136388.810148
261,0.890202522277832,0.9325788615698238,2.5500000000455714e-05,2.5468132639052635e-05,robust,LearningControllerState.STABLE,-0.01059408482299784,0.10982297772216842,0.01890122753506418,1770136388.811148
262,0.9703887701034546,0.94014084327655,2.220899999993975e-05,2.481630611123006e-05,robust,LearningControllerState.STABLE,0.007561981706726173,0.08114276951635802,0.02963343889654535,1770136388.812147
263,0.9491505026817322,0.9419427751575865,2.220899999993975e-05,2.4294844888972002e-05,robust,LearningControllerState.STABLE,0.0018019318810365004,0.21783019086856026,0.05087170631826776,1770136388.81311
264,0.9391680359840393,0.9413878273228771,2.1749999999265412e-05,2.3785875911030688e-05,robust,LearningControllerState.STABLE,-0.0005549478347094405,0.04331978331375108,0.06085371401595996,1770136388.817981
265,0.9788340926170349,0.9488770803817086,2.1624999999581007e-05,2.3353700728740754e-05,robust,LearningControllerState.STABLE,0.007489253058831524,0.051897810394470056,0.02118753238296467,1770136388.822866
266,0.9552863836288452,0.950158941031136,2.1917000000648557e-05,2.3066360583122316e-05,robust,LearningControllerState.STABLE,0.0012818606494273688,0.13074017113150038,0.044735533371155434,1770136388.8237991
267,0.9318409562110901,0.9464953440671269,2.1292000000450173e-05,2.271148846658789e-05,robust,LearningControllerState.STABLE,-0.003663596964009086,0.09922984622918651,0.06818033578891036,1770136388.824734
268,0.8994222283363342,0.9370807209209684,2.125000000052779e-05,2.2419190773375873e-05,robust,LearningControllerState.STABLE,-0.009414623146158485,0.2769975414581296,0.1005990216636663,1770136388.825641
269,0.956337034702301,0.940931983677235,2.116699999987759e-05,2.2168752618676218e-05,fast,LearningControllerState.STABLE,0.0038512627562665713,0.025495975223724265,0.04368413229769885,1770136388.826557
270,0.8586577773094177,0.9244771424036716,2.275000000029337e-05,2.228500209499965e-05,fast,LearningControllerState.STABLE,-0.016454841273563336,0.14136497269058257,0.05538690032559135,1770136388.827573
271,0.94144606590271,0.9278709271034794,2.3500000000176158e-05,2.2528001676034954e-05,fast,LearningControllerState.STABLE,0.003393784699807778,0.058577434097290215,0.061159056797210454,1770136388.832476
272,0.9218062162399292,0.9266579849307695,2.3500000000176158e-05,2.2722401340863196e-05,robust,LearningControllerState.STABLE,-0.001212942172709952,0.07821728376007098,0.02406670409774847,1770136388.833427
273,0.9513083696365356,0.9315880618719228,2.1583999999741366e-05,2.249472107263883e-05,fast,LearningControllerState.STABLE,0.004930076941153327,0.10860469715481536,0.0487132143634641,1770136388.834357
274,0.8856306672096252,0.9223965829394634,2.329099999975881e-05,2.2653976858062825e-05,robust,LearningControllerState.STABLE,-0.009191478932459418,0.11439262379037451,0.061819482982635066,1770136388.835339
275,0.9441769123077393,0.9267526488131186,2.1582999999658625e-05,2.2439781486381985e-05,robust,LearningControllerState.STABLE,0.004356065873655224,0.16876427421951323,0.0558446706922604,1770136388.836328
276,0.9088716506958008,0.923176449189655,2.224999999977939e-05,2.240182518906147e-05,fast,LearningControllerState.STABLE,-0.0035761996234635607,0.03299146004849174,0.091150599304199,1770136388.841248
277,0.9494156837463379,0.9284242961009916,2.4250000000058947e-05,2.2771460151260966e-05,robust,LearningControllerState.STABLE,0.005247846911336618,0.05060856625366217,0.0775681430852968,1770136388.8422022
278,0.9362499713897705,0.9299894311587474,2.170800000023121e-05,2.255876812105502e-05,robust,LearningControllerState.STABLE,0.0015651350577557954,0.11598047801571632,0.06377173661022972,1770136388.8472939
279,0.8893466591835022,0.9218608767636984,2.1625000000469186e-05,2.2372014496937852e-05,fast,LearningControllerState.STABLE,-0.008128554395049004,0.20683371860504085,0.11067496581649827,1770136388.848253
280,0.852659285068512,0.9080205584246612,2.275000000029337e-05,2.2447611597608956e-05,robust,LearningControllerState.STABLE,-0.013840318339037205,0.14736346493148833,0.09271639139212073,1770136388.8491871
281,0.8730027675628662,0.9010170002523024,2.1124999999955207e-05,2.2183089278078207e-05,robust,LearningControllerState.STABLE,-0.00700355817235887,0.13244911373901402,0.12701835743713374,1770136388.850107
282,0.9405809044837952,0.908929781098601,2.175000000015359e-05,2.2096471422493283e-05,robust,LearningControllerState.STABLE,0.00791278084629865,0.039073579303559036,0.05944084551620499,1770136388.851027
283,0.9483163952827454,0.91680710393543,2.1249999999639613e-05,2.192717713792255e-05,robust,LearningControllerState.STABLE,0.00787732283682896,0.14856167347753857,0.05170485471725428,1770136388.8558762
284,0.9311304092407227,0.9196717649964885,2.1583999999741366e-05,2.1858541710286315e-05,robust,LearningControllerState.STABLE,0.0028646610610585377,0.058878766227722146,0.06889117475927709,1770136388.8567848
285,0.8685097098350525,0.9094393539642014,2.116699999987759e-05,2.172023336820457e-05,fast,LearningControllerState.STABLE,-0.010232411032287114,0.0351742676051936,0.1315114571649474,1770136388.857686
286,0.8657799959182739,0.900707482355016,2.329199999984155e-05,2.203458669453197e-05,fast,LearningControllerState.STABLE,-0.008731871609185426,0.13424329608172592,0.10786290290850786,1770136388.858598
287,0.9380205869674683,0.9081701032775065,2.2666000000448605e-05,2.2160869355715296e-05,fast,LearningControllerState.STABLE,0.007462620922490504,0.06200207903253219,0.11088740379370154,1770136388.859539
288,0.9633499383926392,0.919206070300533,2.2916000000705594e-05,2.2311895484713356e-05,robust,LearningControllerState.STABLE,0.01103596702302656,0.036672977607361545,0.035342074214935515,1770136388.860459
289,0.9298319816589355,0.9213312525722136,2.304199999958456e-05,2.24579163876876e-05,fast,LearningControllerState.STABLE,0.00212518227168057,0.07551217591076664,0.07019106034106404,1770136388.861553
290,0.8676996231079102,0.910604926679353,2.4499999999427757e-05,2.2866333110035633e-05,robust,LearningControllerState.STABLE,-0.0107263258928606,0.13232487689208927,0.059163319034393425,1770136388.862564
291,0.9698356986045837,0.9224510810643992,2.170900000031395e-05,2.26348664880913e-05,fast,LearningControllerState.STABLE,0.011846154385046215,0.09617451167297375,0.030186010395416574,1770136388.863551
292,0.7383645176887512,0.8856337683892697,2.3707999999622587e-05,2.284949319039756e-05,robust,LearningControllerState.STABLE,-0.036817312675129554,0.2616591903112484,0.060840612575531416,1770136388.8645198
293,0.9697445631027222,0.9024559273319602,2.145799999997422e-05,2.2571194552312894e-05,robust,LearningControllerState.STABLE,0.016822158942690568,0.1916918374137877,0.030276894897277806,1770136388.865464
294,0.9513282775878906,0.9122303973831464,2.1916999999760378e-05,2.2440355641802393e-05,robust,LearningControllerState.STABLE,0.009774470051186146,0.2160384872930603,0.048693639412109135,1770136388.866422
295,0.9394293427467346,0.9176701864558641,2.1541999999818984e-05,2.2260684513405715e-05,robust,LearningControllerState.STABLE,0.005439789072717693,0.11857602959786995,0.0605921992532652,1770136388.867383
296,0.9707767963409424,0.9282915084328798,2.1624999999581007e-05,2.2133547610640776e-05,fast,LearningControllerState.STABLE,0.010621321977015707,0.16452809467352303,0.029244828659057198,1770136388.868327
297,0.9464976787567139,0.9319327424976467,2.3165999999186226e-05,2.2340038088349867e-05,robust,LearningControllerState.STABLE,0.0036412340647669073,0.05352548724328532,0.05399046600723256,1770136388.86925
298,0.9407904148101807,0.9337042769601536,2.1624999999581007e-05,2.2197030470596096e-05,robust,LearningControllerState.STABLE,0.0017715344625068852,0.1157930117565309,0.05923121018981892,1770136388.870186
299,0.9154374599456787,0.9300509135572587,2.1541999999818984e-05,2.2066024376440674e-05,fast,LearningControllerState.STABLE,-0.0036533634028949047,0.08227009579086264,0.08458408205432111,1770136388.874996
300,0.8379451036453247,0.9116297515748719,2.304100000039e-05,2.2261019501230538e-05,fast,LearningControllerState.STABLE,-0.018421161982386747,0.16207793735467568,0.049080843231018356,1770136388.876319
301,0.9254481196403503,0.9143934251879676,2.3750000000433147e-05,2.255881560107106e-05,fast,LearningControllerState.STABLE,0.0027636736130957074,0.07457563035965009,0.09529159532565323,1770136388.877277
302,0.6862902045249939,0.8687727810553729,2.3666999999782945e-05,2.2780452480813436e-05,fast,LearningControllerState.STABLE,-0.0456206441325947,0.3137334624750059,0.15999604292660585,1770136388.8782861
303,0.8296453952789307,0.8609473039000846,2.3374999999603574e-05,2.2899361984571467e-05,fast,LearningControllerState.STABLE,-0.007825477155288363,0.17037797972106894,0.09562084149951211,1770136388.879234
304,0.8580979704856873,0.8603774372172052,2.3666999999782945e-05,2.3052889587613763e-05,robust,LearningControllerState.STABLE,-0.0005698666828793941,0.14192569651431253,0.17255380697613543,1770136388.884131
305,0.8330276012420654,0.8549074700221773,2.2458000000113998e-05,2.293391167011381e-05,robust,LearningControllerState.STABLE,-0.005469967195027903,0.24204950662194857,0.16699485675793468,1770136388.88509
306,0.9561862945556641,0.8751632349288747,2.1958000000488198e-05,2.273872933618869e-05,robust,LearningControllerState.STABLE,0.02025576490669745,0.32720765928686557,0.043835663444336426,1770136388.88604
307,0.8451839089393616,0.8691673697309721,2.229200000058995e-05,2.2649383469068944e-05,robust,LearningControllerState.STABLE,-0.005995865197902628,0.4658233736650388,0.15483838306063902,1770136388.886979
308,0.9687615036964417,0.889086196524066,2.229200000058995e-05,2.2577906775373146e-05,robust,LearningControllerState.STABLE,0.01991882679309387,0.07610722675360115,0.03126078830355894,1770136388.887935
309,0.9176102876663208,0.8947910147525169,2.1916000000565816e-05,2.244552542041168e-05,robust,LearningControllerState.STABLE,0.005704818228450925,0.15030609675579854,0.08241162833367977,1770136388.888869
310,0.9799778461456299,0.9118283810311395,2.224999999977939e-05,2.2406420336285223e-05,robust,LearningControllerState.STABLE,0.017037366278622623,0.02430832781619241,0.020044403854369897,1770136388.889811
311,0.9826512336730957,0.9259929515595308,2.2083000000172603e-05,2.23417362690627e-05,robust,LearningControllerState.STABLE,0.014164570528391263,0.039809140922546504,0.01737084932690447,1770136388.8907678
312,0.988554835319519,0.9385053283115284,2.2166000000822805e-05,2.2306589015414723e-05,robust,LearningControllerState.STABLE,0.012512376751997678,0.020699928249359623,0.01146733068048178,1770136388.891724
313,0.9857591390609741,0.9479560904614177,2.2333000000429593e-05,2.23118712124177e-05,robust,LearningControllerState.STABLE,0.009450762149889269,0.037180111064727406,0.014263193939026308,1770136388.892668
314,0.9879422187805176,0.9559533161252377,2.225000000066757e-05,2.2299496970067676e-05,robust,LearningControllerState.STABLE,0.007997225663819996,0.02143391142654405,0.01208003121948309,1770136388.893638
315,0.9935440421104431,0.9634714613222788,2.1958000000488198e-05,2.223119757615178e-05,fast,LearningControllerState.STABLE,0.007518145197041082,0.04888173669451934,0.006477915889557373,1770136388.894621
316,0.9880972504615784,0.9683966191501387,2.3666999999782945e-05,2.2518358060878012e-05,robust,LearningControllerState.STABLE,0.004925157827859961,0.011926416538421414,0.020925033294860285,1770136388.8955579
317,0.9807758927345276,0.9708724738670166,2.116599999979485e-05,2.224788644866138e-05,robust,LearningControllerState.STABLE,0.0024758547168778344,0.03014827216702276,0.019245273265472207,1770136388.8964648
318,0.9946718811988831,0.9756323553333899,2.145799999997422e-05,2.208990915892395e-05,fast,LearningControllerState.STABLE,0.004759881466373295,0.02930249986230482,0.005349576801116918,1770136388.897412
319,0.9788814187049866,0.9762821680077093,2.24999999991482e-05,2.2171927326968803e-05,robust,LearningControllerState.STABLE,0.0006498126743194055,0.021141081295012576,0.007177187233153859,1770136388.898313
320,0.9900369048118591,0.9790331153685393,2.1249999999639613e-05,2.1987541861502965e-05,robust,LearningControllerState.STABLE,0.002750947360830036,0.046340340175994754,0.009984345188140509,1770136388.899225
321,0.9940885901451111,0.9820442103238538,2.120800000060541e-05,2.1831633489323456e-05,robust,LearningControllerState.STABLE,0.003011094955314486,0.0186910265808109,0.005932617854889521,1770136388.900128
322,0.9878299236297607,0.9832013529850352,2.1499999999896602e-05,2.176530679143809e-05,robust,LearningControllerState.STABLE,0.0011571426611813873,0.029529934814636505,0.012191576370239154,1770136388.901042
323,0.9780079126358032,0.9821626649151889,2.1540999999736243e-05,2.1720445433097723e-05,robust,LearningControllerState.STABLE,-0.0010386880698463052,0.015100281337737442,0.022013628364196514,1770136388.901946
324,0.9941578507423401,0.9845617020806192,2.120899999979997e-05,2.161815634643817e-05,robust,LearningControllerState.STABLE,0.002399037165430329,0.013765995155151423,0.005863358257659712,1770136388.902849
325,0.9911450743675232,0.985878376538,2.1083000000032825e-05,2.1511125077157105e-05,robust,LearningControllerState.STABLE,0.0013166744573808176,0.04442467607897882,0.00887600863247684,1770136388.903785
326,0.9861108660697937,0.9859248744443588,2.1291999999561995e-05,2.1467300061638083e-05,robust,LearningControllerState.STABLE,4.649790635880002e-05,0.0424281531068722,0.01391042593020586,1770136388.904748
327,0.9840789437294006,0.9855556883013672,2.120800000060541e-05,2.141544004943155e-05,fast,LearningControllerState.STABLE,-0.0003691861429916399,0.052275365284148556,0.01594226427059997,1770136388.905659
328,0.9708268046379089,0.9826099115686755,2.2916999999900156e-05,2.1715752039525273e-05,robust,LearningControllerState.STABLE,-0.002945776732691696,0.029196112362090965,0.01525834876251242,1770136388.906995
329,0.9842121005058289,0.9829303493561062,2.1000000000270802e-05,2.157260163167438e-05,fast,LearningControllerState.STABLE,0.0003204377874307385,0.018505095065886934,0.015808899494171413,1770136388.908297
330,0.9486936330795288,0.9760830061007908,2.250000000003638e-05,2.175808130534678e-05,robust,LearningControllerState.STABLE,-0.006847343255315441,0.05132886692047123,0.016848081847961716,1770136388.909199
331,0.9917448163032532,0.9792153681412833,2.125000000052779e-05,2.1656465044382984e-05,fast,LearningControllerState.STABLE,0.003132362040492498,0.013022821048736866,0.008276433696747354,1770136388.910115
332,0.9805797934532166,0.9794882532036701,2.6791999999886684e-05,2.2683572035483726e-05,robust,LearningControllerState.STABLE,0.0002728850623867629,0.019446998546783334,0.008162259685882134,1770136388.911104
333,0.9936637878417969,0.9823233601312955,2.2417000000274356e-05,2.2630257628441853e-05,robust,LearningControllerState.STABLE,0.0028351069276254526,0.044422957660675166,0.006358629158203399,1770136388.9120672
334,0.9955517053604126,0.9849690291771189,2.2834000000138133e-05,2.267100610278111e-05,robust,LearningControllerState.STABLE,0.0026456690458234178,0.07532176832617132,0.0044711286395875405,1770136388.913012
335,0.9889242649078369,0.9857600763232626,2.116599999979485e-05,2.237000488218386e-05,robust,LearningControllerState.STABLE,0.0007910471461436419,0.039294807117095765,0.01109690109216288,1770136388.913949
336,0.9822357892990112,0.9850552189184124,2.1832999999915614e-05,2.2262603905730214e-05,robust,LearningControllerState.STABLE,-0.0007048574048501566,0.031896510238464515,0.017786043700988685,1770136388.914925
337,0.9840389490127563,0.9848519649372813,2.1499999999896602e-05,2.2110083124563493e-05,robust,LearningControllerState.STABLE,-0.00020325398113107962,0.028876933582488995,0.01598255098724355,1770136388.915874
338,0.968494713306427,0.9815805146111105,2.1624999999581007e-05,2.2013066499566996e-05,robust,LearningControllerState.STABLE,-0.0032714503261708217,0.020133320705413738,0.03152691169357258,1770136388.916804
339,0.9809175729751587,0.9814479262839202,2.1375000000212196e-05,2.1885453199696038e-05,robust,LearningControllerState.STABLE,-0.00013258832719031943,0.0702801997035829,0.01910380202484152,1770136388.917731
340,0.9831520318984985,0.981788747406836,2.1667000000391567e-05,2.1841762559835145e-05,fast,LearningControllerState.STABLE,0.0003408211229157798,0.06857661951409977,0.016869635101501856,1770136388.918667
341,0.9739590287208557,0.9802228036696399,2.379100000027279e-05,2.2231610047922674e-05,robust,LearningControllerState.STABLE,-0.001565943737196096,0.02606476227914456,0.01193082342147811,1770136388.9196181
342,0.9898651242256165,0.9821512677808353,2.1625000000469186e-05,2.2110288038431977e-05,robust,LearningControllerState.STABLE,0.0019284641111954048,0.06060964287948689,0.010156500774384014,1770136388.920941
343,0.9889237284660339,0.983505759917875,2.145799999997422e-05,2.1979830430740426e-05,robust,LearningControllerState.STABLE,0.0013544921370397534,0.01429507037753286,0.011097729533966039,1770136388.921864
344,0.9829213619232178,0.9833888803189437,2.954200000004903e-05,2.3492264344602148e-05,robust,LearningControllerState.STABLE,-0.00011687959893136313,0.031286947486877104,0.017108180076782276,1770136388.922828
345,0.9879117012023926,0.9842934444956335,2.125000000052779e-05,2.3043811475787278e-05,robust,LearningControllerState.STABLE,0.000904564176689826,0.015383820632934864,0.01210954879760795,1770136388.923774
346,0.9833435416221619,0.9841034639209393,2.2290999999619032e-05,2.289324918055363e-05,fast,LearningControllerState.STABLE,-0.00018998057469421514,0.015998992683410762,0.016678749377837754,1770136388.924709
347,0.9828062653541565,0.9838440242075828,2.35410000000158e-05,2.3022799344446066e-05,robust,LearningControllerState.STABLE,-0.00025943971335651295,0.01721727564584352,0.015529549663726883,1770136388.925744
348,0.9959393739700317,0.9862630941600726,2.1667000000391567e-05,2.275163947563517e-05,robust,LearningControllerState.STABLE,0.0024190699524898607,0.02636375801449553,0.004082293029968653,1770136388.926689
349,0.9696745276451111,0.9829453808570804,2.304200000047274e-05,2.2809711580602684e-05,fast,LearningControllerState.STABLE,-0.0033177133029922423,0.027282983241851966,0.03034851435488939,1770136388.9276428
350,0.9778799414634705,0.9819322929783584,2.279200000021575e-05,2.28061692645253e-05,robust,LearningControllerState.STABLE,-0.0010130878787220077,0.022142850536529757,0.039699178306213945,1770136388.928572
351,0.9660817384719849,0.9787621820770838,2.125000000052779e-05,2.2494935411725798e-05,fast,LearningControllerState.STABLE,-0.0031701109012746143,0.08980432463473509,0.033939511528015665,1770136388.929516
352,0.9106958508491516,0.9651489158314974,2.254199999995876e-05,2.2504348329372392e-05,fast,LearningControllerState.STABLE,-0.013613266245586342,0.08932669115084835,0.0327149398918154,1770136388.930458
353,0.8462866544723511,0.9413764635596682,2.2874999999977774e-05,2.2578478663493468e-05,fast,LearningControllerState.STABLE,-0.023772452271829225,0.1537362205276489,0.12241270027960205,1770136388.931405
354,0.9065002202987671,0.9344012149074881,2.2874999999977774e-05,2.263778293079033e-05,fast,LearningControllerState.STABLE,-0.006975248652180133,0.09352265470123289,0.10458265609722872,1770136388.932311
355,0.9252684116363525,0.932574654253261,2.2584000000769322e-05,2.262702634478613e-05,fast,LearningControllerState.STABLE,-0.0018265606542270385,0.07475417236364823,0.07342355897122221,1770136388.933224
356,0.9250043630599976,0.9310605960146083,2.254199999995876e-05,2.2610021075820656e-05,robust,LearningControllerState.STABLE,-0.0015140582386526935,0.0750181789400024,0.018594068893432514,1770136388.934134
357,0.9483051896095276,0.9345095147335922,2.1292000000450173e-05,2.234641686074656e-05,fast,LearningControllerState.STABLE,0.0034489187189838955,0.010315870315552367,0.05171610239047286,1770136388.9350688
358,0.8831925988197327,0.9242461315508204,2.2791999999327572e-05,2.2435533488462765e-05,robust,LearningControllerState.STABLE,-0.010263383182771868,0.11683019318026666,0.08048791428393631,1770136388.93636
359,0.9557521939277649,0.9305473440262093,2.1041000000110444e-05,2.2156626790792303e-05,robust,LearningControllerState.STABLE,0.006301212475388951,0.024603097877502478,0.04426884707223522,1770136388.9372642
360,0.9846099615097046,0.9413598675229085,2.1292000000450173e-05,2.1983701432723878e-05,fast,LearningControllerState.STABLE,0.010812523496699145,0.03613181315631131,0.01541133049029586,1770136388.938611
361,0.9816771745681763,0.949423328931962,2.2874999999977774e-05,2.2161961146174657e-05,fast,LearningControllerState.STABLE,0.008063461409053563,0.018345700431823708,0.0036092650108336954,1770136388.939523
362,0.9948806166648865,0.9585147864785469,2.275000000029337e-05,2.22795689169984e-05,robust,LearningControllerState.STABLE,0.009091457546584913,0.005142133335113819,0.0028871663208009934,1770136388.940423
363,0.9995588660240173,0.9667236023876411,2.145799999997422e-05,2.2115255133593564e-05,robust,LearningControllerState.STABLE,0.00820881590909417,0.00018478005236843842,0.00046259197598264024,1770136388.941329
364,1.0,0.973378881910113,2.120799999971723e-05,2.1933804106818296e-05,robust,LearningControllerState.STABLE,0.006655279522471913,2.408399999964672e-05,2.120799999971723e-05,1770136388.942626
365,1.0,0.9787031055280904,2.120799999971723e-05,2.1788643285398083e-05,fast,LearningControllerState.STABLE,0.005324223617977353,2.254199999995876e-05,2.120799999971723e-05,1770136388.943533
366,1.0,0.9829624844224722,2.462500000000034e-05,2.2355914628318536e-05,robust,LearningControllerState.STABLE,0.004259378894381882,2.462500000000034e-05,2.2374999999463796e-05,1770136388.944511
367,0.9995301365852356,0.9862760148550249,2.1334000000372555e-05,2.2151531702729342e-05,robust,LearningControllerState.STABLE,0.0033135304325526693,0.0019041997984006187,0.0004911974147647769,1770136388.945492
368,0.9971532225608826,0.9884514563961965,3.15000000004062e-05,2.4021225362264717e-05,robust,LearningControllerState.STABLE,0.002175441541171552,0.008931718440643444,0.002878277439117838,1770136388.9464908
369,0.9921483397483826,0.9891908330666338,2.145799999997422e-05,2.350858028980662e-05,robust,LearningControllerState.STABLE,0.0007393766704373306,0.01976669955862409,0.007873118251617406,1770136388.9474409
370,0.9826573729515076,0.9878841410436086,2.1666000000308827e-05,2.3140064231907064e-05,fast,LearningControllerState.STABLE,-0.0013066920230252466,0.006915817935760238,0.01736429304849274,1770136388.948382
371,0.963983952999115,0.9831041034347099,2.275000000029337e-05,2.3062051385584326e-05,robust,LearningControllerState.STABLE,-0.0047800376088986685,0.0360387970008853,0.0305819992599492,1770136388.94931
372,0.9601082801818848,0.9785049387841449,2.120799999971723e-05,2.2691241108410906e-05,fast,LearningControllerState.STABLE,-0.00459916465056498,0.09303034975396685,0.03991292781811495,1770136388.9502358
373,0.9114089608192444,0.9650857431911648,2.2916999999900156e-05,2.2736392886708756e-05,robust,LearningControllerState.STABLE,-0.013419195592980104,0.08861395618075552,0.16849854103851314,1770136388.951159
374,0.9477046728134155,0.961609529115615,2.1291999999561995e-05,2.2447514309279406e-05,robust,LearningControllerState.STABLE,-0.003476214075549766,0.05058545995367414,0.052316619186584035,1770136388.952086
375,0.9778550267219543,0.964858628636883,2.166599999942065e-05,2.2291211447307655e-05,robust,LearningControllerState.STABLE,0.0032490995212679508,0.22491009064465306,0.022166639278045075,1770136388.9530072
376,0.9152456521987915,0.9549360333492648,2.0874999999698218e-05,2.2007969157785767e-05,fast,LearningControllerState.STABLE,-0.009922595287618186,0.06199488547515841,0.0847752228012082,1770136388.9539351
377,0.9335477352142334,0.9506583737222586,2.250000000003638e-05,2.210637532623589e-05,robust,LearningControllerState.STABLE,-0.004277659627006214,0.06647476478576664,0.09845489998645007,1770136388.9549088
378,0.9585144519805908,0.9522295893739251,2.1333999999484377e-05,2.1951900260885588e-05,fast,LearningControllerState.STABLE,0.0015712156516665132,0.13618190819949394,0.041506882019408664,1770136388.955841
379,0.9182650446891785,0.9454366804369758,2.299999999966218e-05,2.2161520208640907e-05,robust,LearningControllerState.STABLE,-0.006792908936949282,0.0817579553108212,0.08999029475402853,1770136388.956768
380,0.9356326460838318,0.9434758735663471,2.1291999999561995e-05,2.1987616166825128e-05,robust,LearningControllerState.STABLE,-0.0019608068706287174,0.03461849552517737,0.06438864591616777,1770136388.957684
381,0.9886158108711243,0.9525038610273027,2.1333999999484377e-05,2.185689293335698e-05,robust,LearningControllerState.STABLE,0.009027987460955567,0.008258354187194783,0.011405523128875217,1770136388.958603
382,0.996943473815918,0.9613917835850259,2.166599999942065e-05,2.1818714346569717e-05,robust,LearningControllerState.STABLE,0.008887922557723194,0.014245222289855697,0.003078192184081452,1770136388.959531
383,0.9980211853981018,0.9687176639476411,2.2167000000017367e-05,2.1888371477259246e-05,robust,LearningControllerState.STABLE,0.007325880362615278,0.001070430957610391,0.0020009816018982107,1770136388.960504
384,0.999911367893219,0.9749564047367568,2.3084000000395122e-05,2.2127497181886424e-05,robust,LearningControllerState.STABLE,0.006238740789115682,0.0001894306102911969,0.00011171610678140098,1770136388.961986
385,0.9999848008155823,0.979962083952522,2.3084000000395122e-05,2.2318797745588164e-05,fast,LearningControllerState.STABLE,0.005005679215765224,4.506423168937346e-05,3.828318441811973e-05,1770136388.963066
386,0.9997877478599548,0.9839272167340086,2.3000000000550358e-05,2.2455038196580604e-05,robust,LearningControllerState.STABLE,0.00396513278148658,0.00023525214004571637,0.0002447017900388815,1770136388.964017
387,0.9993146061897278,0.9870046946251525,2.1583999999741366e-05,2.2280830557212758e-05,robust,LearningControllerState.STABLE,0.003077477891143876,0.0012319421728212987,0.0007069778102719582,1770136388.965002
388,0.9973684549331665,0.9890774466867553,2.1541999999818984e-05,2.2133064445734007e-05,robust,LearningControllerState.STABLE,0.002072752061602845,0.0078034618871765105,0.002653087066833315,1770136388.965935
389,0.9884579181671143,0.9889535409828272,2.1541999999818984e-05,2.2014851556551005e-05,robust,LearningControllerState.STABLE,-0.00012390570392817324,0.03478337911224383,0.011563623832885561,1770136388.966872
390,0.9841782450675964,0.9879984817997811,2.1667000000391567e-05,2.1945281245319118e-05,robust,LearningControllerState.STABLE,-0.0009550591830460586,0.06597673732757592,0.015843421932403956,1770136388.967802
391,0.9403049349784851,0.978459772435522,2.1792000000075973e-05,2.191462499627049e-05,robust,LearningControllerState.STABLE,-0.009538709364259157,0.025971280265808083,0.05971685702151497,1770136388.968731
392,0.9641582369804382,0.9755994653445053,2.1583999999741366e-05,2.1848499996964667e-05,robust,LearningControllerState.STABLE,-0.0028603070910167006,0.046674213512420515,0.03586334701956151,1770136388.9696598
393,0.9315236806869507,0.9667843084129945,2.200000000041058e-05,2.1878799997653852e-05,fast,LearningControllerState.STABLE,-0.008815156931510804,0.069661579700103,0.06849831931304973,1770136388.970585
394,0.7572115063667297,0.9248697480037416,2.3458999999448338e-05,2.2194839998012748e-05,fast,LearningControllerState.STABLE,-0.0419145604092529,0.2428119526332697,0.08634972458612022,1770136388.971554
395,0.9369573593139648,0.9272872702657862,2.5166999999548523e-05,2.2789271998319902e-05,robust,LearningControllerState.STABLE,0.0024175222620446135,0.0630678076860347,0.059119099411193865,1770136388.972516
396,0.9718529582023621,0.9362004078531014,2.2291999999701773e-05,2.268981759859628e-05,robust,LearningControllerState.STABLE,0.008913137587315267,0.07849230538177565,0.02816933379763764,1770136388.973459
397,0.9259368777275085,0.9341477018279829,2.200000000041058e-05,2.255185407895914e-05,fast,LearningControllerState.STABLE,-0.0020527060251185336,0.07728130020922919,0.07408512227249187,1770136388.974399
398,0.8159912824630737,0.9105164179550012,2.3875000000117552e-05,2.2816483263190824e-05,robust,LearningControllerState.STABLE,-0.023631283872981745,0.1840325925369264,0.047942882469360626,1770136388.975349
399,0.9648133516311646,0.921375804690234,2.2167000000017367e-05,2.2686586610556133e-05,robust,LearningControllerState.STABLE,0.01085938673523279,0.109305933986664,0.03520881536883547,1770136388.976309
400,0.9281137585639954,0.9227233954649863,2.2833000000055392e-05,2.2715869288455985e-05,robust,LearningControllerState.STABLE,0.0013475907747523275,0.28125787200164787,0.0719090744360047,1770136388.977259
401,0.8671051859855652,0.9115997535691021,2.224999999977939e-05,2.2622695430720667e-05,fast,LearningControllerState.STABLE,-0.011123641895884218,0.17141534474945086,0.1329170640144346,1770136388.978264
402,0.7291366457939148,0.8751071320140646,2.3417000000414134e-05,2.278155634465936e-05,robust,LearningControllerState.STABLE,-0.03649262155503741,0.2708867712060856,0.10633457897930931,1770136388.97921
403,0.8798177242279053,0.8760492504568328,2.1541999999818984e-05,2.2533645075691285e-05,fast,LearningControllerState.STABLE,0.0009421184427681473,0.14710638407534837,0.12020381777209455,1770136388.980156
404,0.4785282611846924,0.7965450526024048,2.354200000009854e-05,2.273531606057274e-05,fast,LearningControllerState.STABLE,-0.07950419785442797,0.5214952808153077,0.06736153373718246,1770136388.981112
405,0.5985257625579834,0.7569411945935205,2.354200000009854e-05,2.28966528484779e-05,fast,LearningControllerState.STABLE,-0.03960385800888433,0.4014977794420167,0.037474823986419104,1770136388.98206
406,0.7639964818954468,0.7583522520539059,2.329199999984155e-05,2.2975722278750633e-05,fast,LearningControllerState.STABLE,0.0014110574603853898,0.23602681010455306,0.12412182625924739,1770136388.9830132
407,0.7300348877906799,0.7526887792012608,2.3207999999996787e-05,2.3022177822999866e-05,fast,LearningControllerState.STABLE,-0.005663472852645124,0.26998832020932007,0.05608453136425773,1770136388.9839628
408,0.7833629250526428,0.7588236083715373,2.4167000000296923e-05,2.325114225845928e-05,robust,LearningControllerState.STABLE,0.006134829170276523,0.21666124194735747,0.02721477722549448,1770136388.984968
409,0.8754651546478271,0.7821519176267953,2.7541999999769473e-05,2.410931380672132e-05,fast,LearningControllerState.STABLE,0.023328309255257973,0.030280755455200037,0.12456238735217262,1770136388.9859562
410,0.9726239442825317,0.8202463229579426,2.329200000072973e-05,2.3945851045523003e-05,fast,LearningControllerState.STABLE,0.038094405331147385,0.02739934771746899,0.08036377973919695,1770136388.986933
411,0.9332453608512878,0.8428461305366117,2.4874999999369152e-05,2.4131680836292234e-05,robust,LearningControllerState.STABLE,0.022599807578669084,0.06677951414871153,0.04026975596600302,1770136388.987902
412,0.8947874307632446,0.8532343905819384,2.2042000000332962e-05,2.371374466910038e-05,fast,LearningControllerState.STABLE,0.01038826004532667,0.21592908937454247,0.1052346112367557,1770136388.98886
413,0.8664659857749939,0.8558807096205495,2.3708999999705327e-05,2.3712795735221373e-05,fast,LearningControllerState.STABLE,0.0026463190386111224,0.1335577232250058,0.055100864097595625,1770136388.9938402
414,0.8941617608070374,0.8635369198578471,2.408299999956398e-05,2.3786836588089896e-05,fast,LearningControllerState.STABLE,0.007656210237297567,0.10586232219296221,0.02720697457522636,1770136388.994842
415,0.9256480932235718,0.875959154530992,2.3457999999365597e-05,2.3721069270345037e-05,fast,LearningControllerState.STABLE,0.01242223467314496,0.07437536477642759,0.17383431216449008,1770136388.9957912
416,0.7809781432151794,0.8569629522678296,2.374999999954497e-05,2.3726855416185026e-05,fast,LearningControllerState.STABLE,-0.018996202263162454,0.2190456067848201,0.18198290415173268,1770136388.996736
417,0.8743630647659302,0.8604429747674497,2.4874999999369152e-05,2.3956484332821854e-05,fast,LearningControllerState.STABLE,0.0034800224996200946,0.1256618102340692,0.10240274214517164,1770136388.997738
418,0.8659273982048035,0.8615398594549204,2.4874999999369152e-05,2.4140187466131315e-05,fast,LearningControllerState.STABLE,0.0010968846874707117,0.1340974767951959,0.07139242693328907,1770136388.9987369
419,0.9525036811828613,0.8797326238005087,2.4915999999208793e-05,2.429534997274681e-05,fast,LearningControllerState.STABLE,0.018192764345588253,0.04752123481713788,0.08890763452130113,1770136388.999806
420,0.934725284576416,0.8907311559556902,2.329099999975881e-05,2.4094479978149213e-05,robust,LearningControllerState.STABLE,0.01099853215518154,0.06529800642358374,0.02530450819760155,1770136389.0007749
421,0.9733496308326721,0.9072548509310866,2.19999999995224e-05,2.3675583982423853e-05,fast,LearningControllerState.STABLE,0.016523694975396408,0.03571265173358196,0.026672369167327403,1770136389.00175
422,0.9764636158943176,0.9210966039237329,2.2833000000055392e-05,2.350706718595016e-05,fast,LearningControllerState.STABLE,0.013841752992646339,0.02355921710568243,0.004013705688477032,1770136389.0026839
423,0.9949683547019958,0.9358709540793856,2.304199999958456e-05,2.341405374867704e-05,robust,LearningControllerState.STABLE,0.014774350155652649,0.005054687298003735,0.0036216019397885546,1770136389.003629
424,0.9984217286109924,0.948381108985707,2.120799999971723e-05,2.297284299888508e-05,robust,LearningControllerState.STABLE,0.012510154906321458,0.002312396801177563,0.0015994793890072856,1770136389.004565
425,0.999250054359436,0.9585548980604529,2.1624999999581007e-05,2.2703274399024267e-05,robust,LearningControllerState.STABLE,0.010173789074745865,0.0006757724649357755,0.0007715706405635459,1770136389.005552
426,0.9990208745002747,0.9666480933484174,2.170800000023121e-05,2.250421951926566e-05,robust,LearningControllerState.STABLE,0.008093195287964483,0.0028623328817447558,0.001000833499725573,1770136389.006887
427,0.9971616864204407,0.9727508119628221,2.14580000008624e-05,2.229497561558501e-05,robust,LearningControllerState.STABLE,0.006102718614404701,0.0030884552993777348,0.0028597715795601886,1770136389.007803
428,0.9955496788024902,0.9773105853307558,2.1375000000212196e-05,2.211098049251045e-05,fast,LearningControllerState.STABLE,0.004559773367933673,0.018929104904175098,0.004471696197509978,1770136389.008733
429,0.9400321245193481,0.9698548931684743,2.270899999956555e-05,2.2230584393921468e-05,fast,LearningControllerState.STABLE,-0.00745569216228148,0.05999058448065142,0.012849057602111635,1770136389.010059
430,0.9229267239570618,0.9604692593261919,4.7999999999603915e-05,2.738446751505796e-05,robust,LearningControllerState.STABLE,-0.009385633842282415,0.07712127604293784,0.02496471995544436,1770136389.0110831
431,0.9356144666671753,0.9554983007943887,2.1875000000726175e-05,2.6282574012191603e-05,robust,LearningControllerState.STABLE,-0.004970958531803182,0.07643069969577088,0.06440740833282543,1770136389.012077
432,0.9445854425430298,0.953315729144117,2.1833999999998355e-05,2.5392859209752954e-05,robust,LearningControllerState.STABLE,-0.002182571650271692,0.1401317993808906,0.05543639145697021,1770136389.013398
433,0.9260557889938354,0.9478637411140607,2.1541000000624422e-05,2.4622487367927248e-05,fast,LearningControllerState.STABLE,-0.0054519880300563095,0.0811986849288937,0.07396575200616518,1770136389.014317
434,0.8976487517356873,0.937820743238386,2.3207999999996787e-05,2.4339589894341157e-05,fast,LearningControllerState.STABLE,-0.010042997875674642,0.10237445626431274,0.07104026122665363,1770136389.0191948
435,0.746851921081543,0.8996269788070175,2.299999999966218e-05,2.4071671915405365e-05,fast,LearningControllerState.STABLE,-0.03819376443136857,0.2531710789184567,0.14731655198287985,1770136389.020119
436,0.6603724360466003,0.8517760702549342,2.2582999999798403e-05,2.3773937532283975e-05,fast,LearningControllerState.STABLE,-0.04785090855208329,0.33965014695339946,0.1154050654258727,1770136389.021078
437,0.9224837422370911,0.8659176046513657,3.8875000000437865e-05,2.6794150025914754e-05,robust,LearningControllerState.STABLE,0.01414153439643151,0.07755513276290937,0.16769025403213522,1770136389.022005
438,0.8966469168663025,0.8720634670943531,2.120900000068815e-05,2.5677120020869435e-05,robust,LearningControllerState.STABLE,0.0061458624429874265,0.04905069895535252,0.1033742921336982,1770136389.022929
439,0.9773772358894348,0.8931262208533696,2.2041999999444783e-05,2.4950096016584508e-05,fast,LearningControllerState.STABLE,0.02106275375901645,0.1599975928798827,0.02264480611056463,1770136389.024238
440,0.9440780878067017,0.9033165942440361,2.2957999999739798e-05,2.455167681321557e-05,fast,LearningControllerState.STABLE,0.01019037339066653,0.05594487019329808,0.06190723792629971,1770136389.025154
441,0.964530885219574,0.9155594524391437,2.2874999999977774e-05,2.4216341450568012e-05,robust,LearningControllerState.STABLE,0.01224285819510762,0.035491989780426,0.01180260927236887,1770136389.026457
442,0.9904728531837463,0.9305421325880643,2.7792000000026462e-05,2.4931473160459705e-05,robust,LearningControllerState.STABLE,0.014982680148920569,0.03152171281051608,0.009554938816253689,1770136389.027416
443,0.9983512759208679,0.944103961254625,2.170800000023121e-05,2.428677852841401e-05,robust,LearningControllerState.STABLE,0.013561828666560749,0.004453246013641277,0.0016704320791323113,1770136389.028398
444,0.9987481832504272,0.9550328056537856,2.1583000000546804e-05,2.3746022822840568e-05,robust,LearningControllerState.STABLE,0.010928844399160531,0.003868339611236671,0.0012733997495733007,1770136389.0293329
445,0.9989151954650879,0.9638092836160461,2.1499999999896602e-05,2.3296818258251777e-05,robust,LearningControllerState.STABLE,0.008776477962260554,0.0036620363542478884,0.001106304534912006,1770136389.030262
446,0.9981051683425903,0.9706684605613549,2.1792000000075973e-05,2.2995854606616616e-05,robust,LearningControllerState.STABLE,0.006859176945308798,0.0016721355209350364,0.001916623657409744,1770136389.031184
447,0.9961566925048828,0.9757661069500605,2.1792000000075973e-05,2.2755083685308488e-05,robust,LearningControllerState.STABLE,0.005097646388705579,0.01739315158044441,0.0038650994951172635,1770136389.03211
448,0.9978238344192505,0.9801776524438985,2.175000000015359e-05,2.255406694827751e-05,fast,LearningControllerState.STABLE,0.004411545493838043,0.03218416462326079,0.0021979155807496653,1770136389.033045
449,0.9885467886924744,0.9818514796936137,2.3082999999424203e-05,2.265985355850685e-05,robust,LearningControllerState.STABLE,0.0016738272497152096,0.011476294307525059,0.03284482999420213,1770136389.034014
450,0.947063148021698,0.9748938133592306,2.1540999999736243e-05,2.2436082846752726e-05,robust,LearningControllerState.STABLE,-0.006957666334383106,0.11919144732266229,0.05295839297830174,1770136389.0349371
451,0.9528377652168274,0.97048260373075,2.1624999999581007e-05,2.2273866277318384e-05,robust,LearningControllerState.STABLE,-0.004411209628480628,0.10677969318753,0.04718385978317219,1770136389.035863
452,0.8313186168670654,0.9426498063580132,2.1541999999818984e-05,2.2127493021818507e-05,fast,LearningControllerState.STABLE,-0.027832797372736806,0.1554407229728696,0.1687029251329344,1770136389.036793
453,0.9178576469421387,0.9376913744748383,2.274999999940519e-05,2.2251994417335844e-05,robust,LearningControllerState.STABLE,-0.0049584318831749075,0.08216510305786073,0.15770363793963593,1770136389.037728
454,0.9534001350402832,0.9408331265879273,2.19999999995224e-05,2.2201595533773157e-05,fast,LearningControllerState.STABLE,0.0031417521130889803,0.06574043409710661,0.04662186495971632,1770136389.042646
455,0.913543701171875,0.9353752415047168,2.2624999999720785e-05,2.2286276426962686e-05,robust,LearningControllerState.STABLE,-0.005457885083210434,0.08647892382812472,0.055262500545318005,1770136389.043583
456,0.8889833688735962,0.9260968669784928,2.125000000052779e-05,2.2079021141675707e-05,robust,LearningControllerState.STABLE,-0.009278374526224042,0.1194705522462769,0.11103788112640434,1770136389.0445418
457,0.9447031617164612,0.9298181259260866,2.116599999979485e-05,2.189641691329954e-05,robust,LearningControllerState.STABLE,0.0037212589475937863,0.20411370889645397,0.05531800428353861,1770136389.0454578
458,0.8504599332809448,0.9139464873970583,2.145799999997422e-05,2.1808733530634476e-05,robust,LearningControllerState.STABLE,-0.015871638529028287,0.13005038318215956,0.14956152471905515,1770136389.046381
459,0.9013338088989258,0.9114239516974318,2.14580000008624e-05,2.1738586824680063e-05,robust,LearningControllerState.STABLE,-0.0025225356996264603,0.09446278718185486,0.09868764910107508,1770136389.047294
460,0.973358690738678,0.9238108995056812,2.145799999997422e-05,2.1682469459738895e-05,fast,LearningControllerState.STABLE,0.012386947808249338,0.07745598428344724,0.026662767261321996,1770136389.048206
461,0.9637551307678223,0.9317997457581094,2.2791999999327572e-05,2.190437556765663e-05,robust,LearningControllerState.STABLE,0.007988846252428239,0.03626766123217706,0.019973720001403628,1770136389.04912
462,0.9799694418907166,0.941433684984631,2.1584000000629544e-05,2.1840300454251215e-05,robust,LearningControllerState.STABLE,0.00963393922652156,0.06031784216653424,0.020052142109284077,1770136389.05003
463,0.9969421625137329,0.9525353804904515,2.1292000000450173e-05,2.1730640363491007e-05,fast,LearningControllerState.STABLE,0.011101695505820519,0.006085619582947288,0.00307912948626754,1770136389.0509472
464,0.9951738119125366,0.9610630667748685,2.254199999995876e-05,2.189291229078456e-05,robust,LearningControllerState.STABLE,0.008527686284417024,0.004848730087463338,0.00341873814755278,1770136389.051892
465,0.9918752312660217,0.9672254996730992,2.1374999999324018e-05,2.1789329832492452e-05,robust,LearningControllerState.STABLE,0.0061624328982307075,0.002351425262085094,0.008146143733977596,1770136389.052795
466,0.9975935816764832,0.9732991160737761,2.1124999999955207e-05,2.1656463865985005e-05,robust,LearningControllerState.STABLE,0.006073616400676829,0.0017624365577697532,0.002427543323516801,1770136389.053726
467,0.9948287606239319,0.9776050449838073,2.1375000000212196e-05,2.1600171092830445e-05,robust,LearningControllerState.STABLE,0.0043059289100312315,0.014702491752442093,0.005192614376068327,1770136389.054639
468,0.9877979159355164,0.9796436191741492,2.1540999999736243e-05,2.158833687421161e-05,robust,LearningControllerState.STABLE,0.002038574190341924,0.08737069231396433,0.012223625064483379,1770136389.0555441
469,0.9714046120643616,0.9779958177521917,2.125000000052779e-05,2.1520669499474845e-05,robust,LearningControllerState.STABLE,-0.0016478014219575288,0.07319249446124321,0.028616637935638956,1770136389.056443
470,0.9845477938652039,0.9793062129747943,2.1541000000624422e-05,2.152473559970476e-05,robust,LearningControllerState.STABLE,0.0013103952226025672,0.07665900232296785,0.015473747134796767,1770136389.057385
471,0.9030764698982239,0.9640602643594802,2.125000000052779e-05,2.146978847986937e-05,robust,LearningControllerState.STABLE,-0.015245948615314031,0.04822204599761992,0.09694478010177665,1770136389.058294
472,0.8769900798797607,0.9466462274635364,2.1375000000212196e-05,2.1450830783937934e-05,fast,LearningControllerState.STABLE,-0.017414036895943785,0.17596428870373515,0.12303129512023947,1770136389.059207
473,0.9508163928985596,0.9474802605505411,2.2708000000370987e-05,2.1702264627224545e-05,robust,LearningControllerState.STABLE,0.000834033087004693,0.0492063151014408,0.08373177184332281,1770136389.060114
474,0.8505786061286926,0.9280999296661714,2.1666000000308827e-05,2.1695011701841405e-05,fast,LearningControllerState.STABLE,-0.019380330884369745,0.2935015564805905,0.14944305987130768,1770136389.061101
475,0.7837565541267395,0.899231254558285,2.3000000000550358e-05,2.1956009361583196e-05,robust,LearningControllerState.STABLE,-0.028868675107886377,0.21626644587326105,0.04931813032186838,1770136389.062051
476,0.7737990617752075,0.8741448160016696,2.175000000015359e-05,2.1914807489297274e-05,robust,LearningControllerState.STABLE,-0.02508643855661541,0.27474362679272435,0.22622268822479263,1770136389.062988
477,0.9117817282676697,0.8816721984548697,2.1540999999736243e-05,2.1840045991385072e-05,robust,LearningControllerState.STABLE,0.00752738245320006,0.389519010818665,0.08823981273233006,1770136389.063925
478,0.8886194229125977,0.8830616433464153,2.1375000000212196e-05,2.1747036793150497e-05,robust,LearningControllerState.STABLE,0.001389444891545688,0.10838660522460941,0.11140195208740256,1770136389.065299
479,0.9275251626968384,0.8919543472165,2.1416000000051838e-05,2.1680829434530765e-05,robust,LearningControllerState.STABLE,0.008892703870084673,0.13108034665316737,0.07249625330316167,1770136389.066218
480,0.9022539258003235,0.8940142629332648,2.125000000052779e-05,2.1594663547730173e-05,robust,LearningControllerState.STABLE,0.002059915716764782,0.05430561846197435,0.09776732419967704,1770136389.067156
481,0.9721996188163757,0.909651334109887,2.1792000000075973e-05,2.1634130838199334e-05,robust,LearningControllerState.STABLE,0.015637071176622164,0.048995945682158926,0.027822173183624344,1770136389.0680902
482,0.9842151999473572,0.9245641072773811,2.170800000023121e-05,2.1648904670605708e-05,robust,LearningControllerState.STABLE,0.014912773167494175,0.01258040016592421,0.015806508052643053,1770136389.0694132
483,0.9959275722503662,0.9388368002719782,2.1042000000193184e-05,2.1527523736523204e-05,fast,LearningControllerState.STABLE,0.014272692994597103,0.01849567174130229,0.004093469749633982,1770136389.070755
484,0.9941911697387695,0.9499076741653365,2.2916999999900156e-05,2.1805418989198597e-05,robust,LearningControllerState.STABLE,0.011070873893358257,0.005831747261230369,0.0017047771684568502,1770136389.071693
485,0.9964063763618469,0.9592074146046387,2.1958000000488198e-05,2.183593519145652e-05,fast,LearningControllerState.STABLE,0.009299740439302151,0.010048674274444558,0.0036155816381535644,1770136389.0726452
486,0.9912010431289673,0.9656061403095044,2.275000000029337e-05,2.201874815322389e-05,fast,LearningControllerState.STABLE,0.006398725704865771,0.008821706871033008,0.0067487606279295065,1770136389.073633
487,0.9826706051826477,0.9690190332841332,2.254199999995876e-05,2.2123398522570865e-05,robust,LearningControllerState.STABLE,0.0034128929746287673,0.017351936817352254,0.012695432037170384,1770136389.074562
488,0.9844889044761658,0.9721130075225397,2.1583000000546804e-05,2.2015318818166053e-05,fast,LearningControllerState.STABLE,0.003093974238406516,0.01903781798553439,0.015532678523834775,1770136389.075897
489,0.9658480286598206,0.9708600117499959,2.2666999999643167e-05,2.2145655054461478e-05,robust,LearningControllerState.STABLE,-0.0012529957725437857,0.034174638340179087,0.043699516086761925,1770136389.076822
490,0.9573206901550293,0.9681521474310026,2.2665999999560427e-05,2.2249724043481268e-05,fast,LearningControllerState.STABLE,-0.0027078643189932805,0.15217341230010994,0.042701975844970264,1770136389.0782552
491,0.9115234613418579,0.9568264102131738,2.4542000000238318e-05,2.2708179234832678e-05,fast,LearningControllerState.STABLE,-0.011325737217828813,0.08850108065814233,0.04299452246475166,1770136389.079649
492,0.837834358215332,0.9330279998136055,2.3833999999389732e-05,2.2933343387744087e-05,robust,LearningControllerState.STABLE,-0.023798410399568315,0.16218947578466736,0.0939161240310673,1770136389.080617
493,0.9826538562774658,0.9429531711063777,2.200000000041058e-05,2.2746674710277387e-05,robust,LearningControllerState.STABLE,0.00992517129277215,0.2186755869407655,0.01736814372253459,1770136389.081616
494,0.8464879989624023,0.9236601366775826,2.274999999940519e-05,2.274733976810295e-05,robust,LearningControllerState.STABLE,-0.01929303442879504,0.3780181029813843,0.15353475103759706,1770136389.082568
495,0.9234341382980347,0.9236149370016731,2.2040999999362043e-05,2.260607181435477e-05,robust,LearningControllerState.STABLE,-4.519967590954632e-05,0.08410411310595745,0.0765879027019647,1770136389.0835352
496,0.8930057883262634,0.9174931072665913,2.2167000000017367e-05,2.251825745148729e-05,robust,LearningControllerState.STABLE,-0.006121829735081796,0.18586806399136346,0.10701637867373659,1770136389.084516
497,0.8869664669036865,0.9113877791940104,2.1915999999677638e-05,2.2397805961125363e-05,robust,LearningControllerState.STABLE,-0.006105328072580907,0.077209614658722,0.11305544909631315,1770136389.085496
498,0.8790302276611328,0.9049162688874349,2.2083000000172603e-05,2.233484476893481e-05,robust,LearningControllerState.STABLE,-0.006471510306575445,0.26547150439108247,0.12099185533886736,1770136389.086449
499,0.9285949468612671,0.9096520044822014,2.2583999999881144e-05,2.238467581512408e-05,robust,LearningControllerState.STABLE,0.004735735594766477,0.15901648521786438,0.07142763713873279,1770136389.087415
