step,reliability,smoothed_reliability,latency,smoothed_latency,active_model,controller_state,deriv,fast_J,robust_J,timestamp
0,0.9994968175888062,0.9994968175888062,5.1374999999964643e-05,5.1374999999964643e-05,fast,LearningControllerState.STABLE,0.0,0.0005545574111938123,0.00028391292553742176,1770136392.426635
1,0.9998787641525269,0.9995732069015504,2.4124999999486363e-05,4.592499999986899e-05,robust,LearningControllerState.STABLE,7.638931274422944e-05,0.0001453608474726309,0.0003258246421822264,1770136392.427608
2,0.9932970404624939,0.9983179736137392,2.2332999998653236e-05,4.120659999962584e-05,fast,LearningControllerState.STABLE,-0.001255233287811186,0.0047369592626651524,0.006725292537504757,1770136392.428902
3,0.9997328519821167,0.9986009492874148,2.3750000000433147e-05,3.77152799997873e-05,robust,LearningControllerState.STABLE,0.0002829756736756339,0.00029089801788373393,0.00011313550186109467,1770136392.429929
4,0.9995684027671814,0.9987944399833681,2.1541000000624422e-05,3.448042399995473e-05,fast,LearningControllerState.STABLE,0.00019349069595331336,0.0007717359430241544,0.00045313823281922794,1770136392.430887
5,0.9998765587806702,0.9990108637428285,2.3125000000234763e-05,3.2209339200010734e-05,robust,LearningControllerState.STABLE,0.0002164237594604046,0.00014656621933006875,0.0001351474529407426,1770136392.431823
6,0.9996362328529358,0.99913593756485,2.2249999998891212e-05,3.021747135978683e-05,fast,LearningControllerState.STABLE,0.00012507382202142647,0.0014204045713501756,0.0003860171470631002,1770136392.434349
7,0.9990000128746033,0.9991087526268008,2.3374999999603574e-05,2.8848977087750182e-05,fast,LearningControllerState.STABLE,-2.7184938049207297e-05,0.001023362125396332,0.0015680906715402898,1770136392.435315
8,0.9955660104751587,0.9984002041964724,2.3415999999443216e-05,2.7762381670088793e-05,robust,LearningControllerState.STABLE,-0.0007085484303284151,0.004457405524840752,0.0041206364212040825,1770136392.436254
9,0.9942936301231384,0.9975788893818056,2.19999999995224e-05,2.6609905335975515e-05,fast,LearningControllerState.STABLE,-0.0008213148146667404,0.020937906200591883,0.005728369876861095,1770136392.437251
10,0.9794564843177795,0.9939544083690004,2.354099999912762e-05,2.5996124268605937e-05,robust,LearningControllerState.STABLE,-0.003624481012805214,0.020567056682219587,0.00576534236126669,1770136392.4382029
11,0.9879760146141052,0.9927587296180215,2.349999999928798e-05,2.5496899414742348e-05,robust,LearningControllerState.STABLE,-0.0011956787509789235,0.030310496940430198,0.012047485385894063,1770136392.439166
12,0.9842048287391663,0.9910479494422505,2.2167000000905546e-05,2.483091953197499e-05,robust,LearningControllerState.STABLE,-0.0017107801757709762,0.015534326919189212,0.015817338260834646,1770136392.440115
13,0.9830463528633118,0.9894476301264628,2.3209000000079527e-05,2.4506535625595898e-05,fast,LearningControllerState.STABLE,-0.001600319315787746,0.039011691776275725,0.016976856136688312,1770136392.445139
14,0.9926534295082092,0.9900887900028121,2.5250000000198725e-05,2.4655228500516462e-05,robust,LearningControllerState.STABLE,0.0006411598763493842,0.00737182049179097,0.0327866741636349,1770136392.4462988
15,0.9577475190162659,0.9836205358055029,2.2333000000429593e-05,2.4190782800499088e-05,fast,LearningControllerState.STABLE,-0.006468254197309231,0.021147736248016358,0.04227481398373456,1770136392.447335
16,0.953612744808197,0.9776189776060418,2.324999999991917e-05,2.4002626240383106e-05,robust,LearningControllerState.STABLE,-0.006001558199461132,0.0464105051918029,0.021186870708648442,1770136392.4482849
17,0.9862638115882874,0.9793479444024908,2.1083000000032825e-05,2.3418700992313053e-05,robust,LearningControllerState.STABLE,0.0017289667964490718,0.012405352138152637,0.01375727141171268,1770136392.449214
18,0.9669678211212158,0.9768719197462359,2.145799999908604e-05,2.3026560793667654e-05,robust,LearningControllerState.STABLE,-0.0024760246562549604,0.062148700435454174,0.033053636878783266,1770136392.450154
19,0.9761365652084351,0.9767248488386758,2.383300000019517e-05,2.318784863497316e-05,robust,LearningControllerState.STABLE,-0.00014707090756005403,0.018208964214142753,0.023887267791565137,1770136392.451112
20,0.9836313128471375,0.9781061416403682,2.14580000008624e-05,2.284187890815101e-05,fast,LearningControllerState.STABLE,0.001381292801692413,0.008956782577515199,0.01639014515286341,1770136392.452099
21,0.9914146065711975,0.9807678346265342,2.308300000031238e-05,2.2890103126583285e-05,robust,LearningControllerState.STABLE,0.00266169298616592,0.008608476428802803,0.0036307224504401603,1770136392.453024
22,0.9993892908096313,0.9844921258631536,2.125000000141597e-05,2.2562082501549824e-05,fast,LearningControllerState.STABLE,0.003724291236619437,0.0009107935792833644,0.0006319591903700683,1770136392.4587
23,0.9998241662979126,0.9875585339501054,2.7041999999255495e-05,2.345806600109096e-05,robust,LearningControllerState.STABLE,0.0030664080869517996,0.00020287570208665784,0.00012303543109126736,1770136392.4644349
24,0.9912782311439514,0.9883024733888747,2.1790999999993232e-05,2.3124652800871415e-05,fast,LearningControllerState.STABLE,0.0007439394387692699,0.004777387653351894,0.008743559856048577,1770136392.4655092
25,0.999823808670044,0.9906067404451085,2.3374999999603574e-05,2.317472224061785e-05,robust,LearningControllerState.STABLE,0.0023042670562338774,0.00019956632995565826,0.0002479380455007174,1770136392.4664571
26,0.9971028566360474,0.9919059636832963,2.3958999999962316e-05,2.3331577792486745e-05,fast,LearningControllerState.STABLE,0.0012992232381877633,0.0013479863929752867,0.002921102363952599,1770136392.4674292
27,0.9908180832862854,0.9916883876038942,2.3500000001064336e-05,2.3365262234202266e-05,robust,LearningControllerState.STABLE,-0.00021757607940209311,0.009205416713715664,0.02536439302844329,1770136392.468406
28,0.9959737062454224,0.9925454513321998,2.1874999999837996e-05,2.3067209787329416e-05,fast,LearningControllerState.STABLE,0.0008570637283056293,0.01266687924975507,0.004048168754577475,1770136392.469355
29,0.9906371235847473,0.9921637857827094,2.3416000001219572e-05,2.313696783010745e-05,robust,LearningControllerState.STABLE,-0.00038166554949048415,0.009386292415253905,0.038287615085419446,1770136392.4703271
30,0.9828325510025024,0.990297538826668,2.2082999999284425e-05,2.2926174263942845e-05,fast,LearningControllerState.STABLE,-0.0018662469560413175,0.05306085243261727,0.017189531997496843,1770136392.471294
31,0.9827739000320435,0.9887928110677432,2.308300000031238e-05,2.2957539411216754e-05,robust,LearningControllerState.STABLE,-0.0015047277589248509,0.017249182967956855,0.023509787715545016,1770136392.4722419
32,0.9775652289390564,0.9865472946420059,2.170800000023121e-05,2.270763152901965e-05,fast,LearningControllerState.STABLE,-0.0022455164257373372,0.044784561668395284,0.022456479060943835,1770136392.473216
33,0.982755184173584,0.9857888725483215,2.324999999991917e-05,2.281610522319955e-05,robust,LearningControllerState.STABLE,-0.0007584220936843744,0.017268065826415935,0.014292680633543497,1770136392.4742038
34,0.9905034303665161,0.9867317841119605,2.2167000000905546e-05,2.2686284178740753e-05,fast,LearningControllerState.STABLE,0.0009429115636390151,0.021986554111480316,0.009518736633484792,1770136392.4751518
35,0.9863614439964294,0.9866577160888543,2.3417000001302313e-05,2.2832427343253067e-05,robust,LearningControllerState.STABLE,-7.406802310616634e-05,0.013661973003571859,0.014213014083862774,1770136392.476095
36,0.9991758465766907,0.9891613421864217,2.1832999999915614e-05,2.2632541874585577e-05,fast,LearningControllerState.STABLE,0.0025036260975673796,0.0011508692745056948,0.0008459864233092418,1770136392.4770539
37,0.9918490648269653,0.9896988867145304,2.820899999989024e-05,2.374783349964651e-05,robust,LearningControllerState.STABLE,0.0005375445281087243,0.008179144173034558,0.005643020118714759,1770136392.478122
38,0.9969931840896606,0.9911577461895565,2.6583000000357515e-05,2.4314866799788712e-05,fast,LearningControllerState.STABLE,0.0014588594750261086,0.010036236671448151,0.003033398910339713,1770136392.479243
39,0.9992283582687378,0.9927718686053928,2.5083000000591937e-05,2.446849343994936e-05,robust,LearningControllerState.STABLE,0.00161412241583625,0.000796724731262799,0.0003375701522827512,1770136392.480289
40,0.9881874918937683,0.9918549932630679,2.175000000015359e-05,2.3924794751990205e-05,fast,LearningControllerState.STABLE,-0.0009168753423248743,0.03581301686496019,0.011834258106231843,1770136392.481295
41,0.9753581881523132,0.988555632240917,2.3416999999525956e-05,2.382323580149736e-05,robust,LearningControllerState.STABLE,-0.003299361022150893,0.024665228847686294,0.011111247974396221,1770136392.4822469
42,0.9946832656860352,0.9897811589299408,2.1666000000308827e-05,2.3391788641259655e-05,robust,LearningControllerState.STABLE,0.0012255266890237593,0.03347659529876701,0.005338400313965153,1770136392.483196
43,0.9945105314254761,0.9907270334290479,2.195899999968276e-05,2.3105230912944276e-05,fast,LearningControllerState.STABLE,0.0009458744991071022,0.019878637081511386,0.0055114275745236085,1770136392.4841542
44,0.989592432975769,0.9905001133383922,2.3707999998734408e-05,2.3225784730102305e-05,robust,LearningControllerState.STABLE,-0.0002269200906557245,0.010431275024229691,0.009987181350709307,1770136392.485803
45,0.987970769405365,0.9899942445517869,2.2083000001060782e-05,2.2997227784294e-05,fast,LearningControllerState.STABLE,-0.0005058687866053013,0.010794380729491238,0.01205131359463607,1770136392.4874089
46,0.9656946659088135,0.9851343288231922,2.3292000001617907e-05,2.3056182227758786e-05,robust,LearningControllerState.STABLE,-0.004859915728594677,0.03432862609118814,0.005843717678436278,1770136392.488371
47,0.991563081741333,0.9864200794068204,2.2124999999206807e-05,2.286994578204839e-05,robust,LearningControllerState.STABLE,0.0012857505836282312,0.012972293449584171,0.008459043258666199,1770136392.490098
48,0.9104080200195312,0.9712176675293627,2.3374999999603574e-05,2.297095662555943e-05,robust,LearningControllerState.STABLE,-0.015202411877457744,0.05210320653534062,0.08961535498046835,1770136392.49107
49,0.9857090711593628,0.9741159482553627,2.195899999968276e-05,2.2768565300384095e-05,robust,LearningControllerState.STABLE,0.0028982807260000687,0.009131322349547943,0.01431288784063689,1770136392.492026
50,0.9656001329421997,0.9724127851927302,2.1792000000075973e-05,2.2573252240322473e-05,robust,LearningControllerState.STABLE,-0.0017031630626325178,0.03894009964352385,0.03442165905780037,1770136392.493789
51,0.9831665754318237,0.974563543240549,2.220799999896883e-05,2.2500201792051745e-05,robust,LearningControllerState.STABLE,0.002150758047818724,0.04008295161419717,0.01685563256817524,1770136392.494806
52,0.9607327580451965,0.9717973862014786,2.1542000000707162e-05,2.230856143378283e-05,fast,LearningControllerState.STABLE,-0.0027661570390703494,0.09576242399615431,0.039288783954804174,1770136392.495771
53,0.9999482035636902,0.977427549673921,2.279100000102119e-05,2.24050491472305e-05,robust,LearningControllerState.STABLE,0.005630163472442384,7.458743631083564e-05,0.00013290108108598986,1770136392.497795
54,0.9989346265792847,0.9817289650549937,2.1790999999993232e-05,2.228223931778305e-05,robust,LearningControllerState.STABLE,0.0043014153810727596,0.005430481769378659,0.0010871644207153253,1770136392.498731
55,0.9961072206497192,0.9846046161739388,2.1790999999993232e-05,2.2183991454225086e-05,robust,LearningControllerState.STABLE,0.002875651118945055,0.006462136565795973,0.003914570350280755,1770136392.499661
56,0.997577965259552,0.9871992859910614,2.175000000015359e-05,2.2097193163410785e-05,fast,LearningControllerState.STABLE,0.0025946698171226412,0.004263393406096938,0.0024437847404481516,1770136392.5006049
57,0.9998453259468079,0.9897284939822109,2.3167000000157145e-05,2.231115453076006e-05,robust,LearningControllerState.STABLE,0.002529207991149418,0.00017784105319229582,0.00018977526110930398,1770136392.501566
58,0.9978235363960266,0.991347502464974,2.2333000000429593e-05,2.2315523624693968e-05,robust,LearningControllerState.STABLE,0.0016190084827631956,0.005179802005583767,0.0021987966039738183,1770136392.5025122
59,0.9999078512191772,0.9930595722158148,2.1832999999915614e-05,2.22190188997383e-05,robust,LearningControllerState.STABLE,0.0017120697508407057,0.00023140100097762684,0.00011398178082266952,1770136392.503454
60,0.9998438954353333,0.9944164368597185,2.19999999995224e-05,2.2175215119695122e-05,robust,LearningControllerState.STABLE,0.0013568646439037213,0.00024929420834318705,0.00017810456466627045,1770136392.504422
61,0.9997504353523254,0.99548323655824,2.195799999960002e-05,2.2131772095676102e-05,robust,LearningControllerState.STABLE,0.0010667996985215256,0.0008594015615539519,0.00027152264767416057,1770136392.50541
62,0.9998845458030701,0.9963634984072061,2.195799999960002e-05,2.2097017676460886e-05,robust,LearningControllerState.STABLE,0.0008802618489660574,0.00018052589035022493,0.00013741219692953166,1770136392.511183
63,0.9922184348106384,0.9955344856878926,2.2458000000113998e-05,2.216921414119151e-05,robust,LearningControllerState.STABLE,-0.00082901271931346,0.005808071170806173,0.007804023189361686,1770136392.5169148
64,0.9993561506271362,0.9962988186757414,2.229100000050721e-05,2.219357131305465e-05,fast,LearningControllerState.STABLE,0.000764332987848837,0.0010594709587099516,0.0006661403728642767,1770136392.517888
65,0.9933682680130005,0.9957127085431934,2.354099999912762e-05,2.2463057050269245e-05,robust,LearningControllerState.STABLE,-0.0005861101325480567,0.006655272986998639,0.0014306189653332524,1770136392.518869
66,0.980643630027771,0.9926988928401089,2.195799999960002e-05,2.23620456401354e-05,robust,LearningControllerState.STABLE,-0.003013815703084455,0.027371051883331887,0.019378327972228604,1770136392.519825
67,0.9689750075340271,0.9879541157788926,2.166699999861521e-05,2.2223036511831363e-05,fast,LearningControllerState.STABLE,-0.004744777061216343,0.033062377994355074,0.031046659465971516,1770136392.525525
68,0.9698381423950195,0.9843309211021181,2.358300000082636e-05,2.249502920963036e-05,robust,LearningControllerState.STABLE,-0.0036231946767745216,0.030185440604981295,0.00826120386123641,1770136392.5312781
69,0.9835214614868164,0.9841690291790578,2.1915999999677638e-05,2.2379223367639818e-05,fast,LearningControllerState.STABLE,-0.00016189192306026445,0.08580078850555495,0.01650045451318327,1770136392.532235
70,0.9333140254020691,0.97399802842366,2.308300000031238e-05,2.251997869417433e-05,fast,LearningControllerState.STABLE,-0.010171000755397785,0.06670905759793122,0.11581824359094206,1770136392.533188
71,0.7830142378807068,0.9358012703150694,2.3917000000039934e-05,2.2799382955347453e-05,fast,LearningControllerState.STABLE,-0.03819675810859058,0.21700967911929325,0.11298195756930696,1770136392.534155
72,0.8744422197341919,0.9235294601988939,2.324999999991917e-05,2.2889506364261797e-05,fast,LearningControllerState.STABLE,-0.012271810116175508,0.12558103026580802,0.059441197353363506,1770136392.5351
73,0.9315299987792969,0.9251295679149746,2.35840000009091e-05,2.302840509159126e-05,robust,LearningControllerState.STABLE,0.0016001077160806565,0.06849358522070403,0.024515932723998546,1770136392.5360482
74,0.9537163972854614,0.9308469337890719,2.1790999999993232e-05,2.2780924073271656e-05,robust,LearningControllerState.STABLE,0.005717365874097324,0.09600088480777025,0.04630539371453857,1770136392.537029
75,0.961557149887085,0.9369889770086746,2.2666999999643167e-05,2.275813925854596e-05,robust,LearningControllerState.STABLE,0.006142043219602655,0.10763187916601424,0.03846551711291468,1770136392.5379782
76,0.9609920382499695,0.9417895892569337,2.175000000015359e-05,2.2556511406867485e-05,fast,LearningControllerState.STABLE,0.004800612248259117,0.06526874733371102,0.03902971175003067,1770136392.5389419
77,0.904634952545166,0.9343586619145803,2.4916999999291534e-05,2.3028609125352294e-05,fast,LearningControllerState.STABLE,-0.0074309273423533995,0.09538996445483328,0.06808444782257084,1770136392.5446951
78,0.9708053469657898,0.9416479989248223,2.3167000000157145e-05,2.3056287300313267e-05,robust,LearningControllerState.STABLE,0.007289337010242036,0.029217820034210362,0.043989717823210484,1770136392.545671
79,0.9189981818199158,0.9371180355038411,2.3458000001141954e-05,2.3136629840479007e-05,robust,LearningControllerState.STABLE,-0.00452996342098122,0.12949451205789053,0.08102527618008537,1770136392.54668
80,0.9540764689445496,0.9405097221919828,2.1958000001376377e-05,2.2900903872658483e-05,robust,LearningControllerState.STABLE,0.003391686688141715,0.04558623811740148,0.045945489055451816,1770136392.552396
81,0.9247533679008484,0.937358451333756,2.170900000031395e-05,2.2662523098189575e-05,fast,LearningControllerState.STABLE,-0.0031512708582268623,0.076731417175111,0.07526834109915193,1770136392.55337
82,0.9194995164871216,0.9337866643644291,2.3624999998972385e-05,2.2855018478346136e-05,fast,LearningControllerState.STABLE,-0.0035717869693268067,0.08052410851287739,0.11888219093704144,1770136392.5543602
83,0.9459354877471924,0.9362164290409819,2.329199999984155e-05,2.294241478264522e-05,robust,LearningControllerState.STABLE,0.002429764676552759,0.05408780425280746,0.013649570144288248,1770136392.555306
84,0.8974781632423401,0.9284687758812535,2.1915999999677638e-05,2.2737131826051705e-05,robust,LearningControllerState.STABLE,-0.007747653159728363,0.07698222872961402,0.10254375275765959,1770136392.5562491
85,0.9669443964958191,0.9361639000041667,2.1832999999915614e-05,2.2556305460824487e-05,robust,LearningControllerState.STABLE,0.007695124122913177,0.12025855530129981,0.033077436504180824,1770136392.5571961
86,0.9656969904899597,0.9420705181013254,2.1916999999760378e-05,2.2428444368611666e-05,fast,LearningControllerState.STABLE,0.005906618097158645,0.15828337564505013,0.034324926510040044,1770136392.558155
87,0.9659901261329651,0.9468544397076534,2.3374999999603574e-05,2.261775549481005e-05,fast,LearningControllerState.STABLE,0.004783921606328012,0.034033248867034516,0.060080557540709734,1770136392.559102
88,0.9511803984642029,0.9477196314589633,2.404199999972434e-05,2.290260439579291e-05,fast,LearningControllerState.STABLE,0.0008651917513099461,0.048843643535796843,0.025957142848602288,1770136392.564818
89,0.7304021120071411,0.904256127568599,2.2791999999327572e-05,2.2880483516499843e-05,robust,LearningControllerState.STABLE,-0.04346350389036435,0.2696206799928582,0.06628022850418169,1770136392.5657752
90,0.9838109016418457,0.9201670823832483,2.175000000015359e-05,2.2654386813230593e-05,robust,LearningControllerState.STABLE,0.015910954814649325,0.07771312451171752,0.01621084835815445,1770136392.5667078
91,0.9784652590751648,0.9318267177216316,2.1291999999561995e-05,2.2381909450496873e-05,robust,LearningControllerState.STABLE,0.011659635338383323,0.02159921417617916,0.021556032924834767,1770136392.567661
92,0.9998343586921692,0.9454282459157392,2.1332999999401636e-05,2.217212756027783e-05,robust,LearningControllerState.STABLE,0.013601528194107537,0.00022054862994380642,0.00018697430783021218,1770136392.568643
93,0.999784529209137,0.9562995025744188,2.1666000000308827e-05,2.207090204828403e-05,robust,LearningControllerState.STABLE,0.010871256658679607,0.0006805886272278627,0.00023713679086334594,1770136392.569578
94,0.9998222589492798,0.965004053849391,2.1917000001536735e-05,2.204012163893457e-05,fast,LearningControllerState.STABLE,0.008704551274972272,0.00015077475375413485,0.00019965805072175158,1770136392.5705652
95,0.9994968771934509,0.971902618518203,2.3333999999763932e-05,2.2298897311100446e-05,fast,LearningControllerState.STABLE,0.006898564668812002,0.0005264568065488362,0.00019687423706038487,1770136392.571527
96,0.9998155832290649,0.9774852114603755,2.3000000000550358e-05,2.2439117848990427e-05,fast,LearningControllerState.STABLE,0.0055825929421724485,0.00020741677093560895,0.0004006089361272558,1770136392.572456
97,0.9998672008514404,0.9819616093385884,2.250000000003638e-05,2.2451294279199617e-05,robust,LearningControllerState.STABLE,0.004476397878212968,0.0001552991485596067,0.0001707384490963193,1770136392.5733728
98,0.999642550945282,0.9854977976599273,2.175000000015359e-05,2.231103542339041e-05,robust,LearningControllerState.STABLE,0.00353618832133884,0.00036514370745877045,0.00037919905471817117,1770136392.5743191
99,0.9997320175170898,0.9883446416313598,2.120799999971723e-05,2.2090428338655774e-05,robust,LearningControllerState.STABLE,0.0028468439714325333,0.0006989832996229239,0.0002891904829098735,1770136392.5752351
100,0.9997153878211975,0.9906187908693274,2.1541000000624422e-05,2.1980542671049505e-05,robust,LearningControllerState.STABLE,0.0022741492379675377,0.00032856985092166724,0.00030615317880311466,1770136392.5761862
101,0.9998688101768494,0.9924687947308318,2.0875000000586397e-05,2.1759434136956886e-05,robust,LearningControllerState.STABLE,0.0018500038615044678,0.0005773292196344926,0.00015206482315122116,1770136392.577098
102,0.9998958110809326,0.993954198000852,2.1874999999837996e-05,2.178254730953311e-05,robust,LearningControllerState.STABLE,0.0014854032700202247,0.00020453644580165076,0.0001260639190672208,1770136392.578143
103,0.9999155402183533,0.9951464664443523,2.3332999999681192e-05,2.2092637847562726e-05,robust,LearningControllerState.STABLE,0.0011922684435002884,0.00014866396331747467,0.00010779278164640971,1770136392.5791302
104,0.9908829927444458,0.994293771704371,2.1458999999168782e-05,2.1965910277883937e-05,robust,LearningControllerState.STABLE,-0.0008526947399812856,0.015281271225342508,0.009138466255553368,1770136392.580066
105,0.9996348023414612,0.9953619778317891,2.1874999999837996e-05,2.194772822227475e-05,robust,LearningControllerState.STABLE,0.001068206127418092,0.0002789903678888095,0.00038707265853865636,1770136392.580998
106,0.9999220371246338,0.9962739896903581,2.2375000000351974e-05,2.2033182577890195e-05,robust,LearningControllerState.STABLE,0.0009120118585689285,0.00045835788363568497,0.00010033787536656291,1770136392.5819619
107,0.9964593648910522,0.996311064730497,2.1874999999837996e-05,2.2001546062279756e-05,robust,LearningControllerState.STABLE,3.707504013894525e-05,0.003454296562560799,0.003562510108947592,1770136392.582906
108,0.999904453754425,0.9970297425352826,2.2334000000512333e-05,2.206803684992627e-05,robust,LearningControllerState.STABLE,0.0007186778047856279,0.0003231453632199788,0.0001178802455754635,1770136392.5838878
109,0.9966927766799927,0.9969623493642247,2.2084000001143522e-05,2.2071229480169722e-05,robust,LearningControllerState.STABLE,-6.739317105797227e-05,0.001614180969054857,0.0033293073200084677,1770136392.584851
110,0.9596601128578186,0.9895019020629435,2.170900000031395e-05,2.1998783584198566e-05,fast,LearningControllerState.STABLE,-0.007460447301281148,0.016542777904144046,0.04036159614218171,1770136392.5857909
111,0.9885466694831848,0.9893108555469918,2.329099999975881e-05,2.2257226867310617e-05,robust,LearningControllerState.STABLE,-0.0001910465159516983,0.011476621516814944,0.008425862308685694,1770136392.586734
112,0.9910230040550232,0.9896532852485982,2.2290999998730854e-05,2.2263981493594667e-05,robust,LearningControllerState.STABLE,0.00034242970160636155,0.05209961165200738,0.008999286944975537,1770136392.592177
113,0.9837638139724731,0.9884753909933732,2.2082999999284425e-05,2.222778519473262e-05,robust,LearningControllerState.STABLE,-0.001177894255224965,0.03421441780108658,0.01625826902752614,1770136392.593117
114,0.9617716670036316,0.9831346461954249,2.6040999999921155e-05,2.2990428155770327e-05,fast,LearningControllerState.STABLE,-0.005340744797948327,0.0776185015218811,0.03825437399636833,1770136392.5941608
115,0.8684071898460388,0.9601891549255477,2.3750000000433147e-05,2.3142342524702893e-05,robust,LearningControllerState.STABLE,-0.022945491269877216,0.13161656015396161,0.0590366126060502,1770136392.599937
116,0.9507842659950256,0.9583081771394433,2.166699999861521e-05,2.284727401948536e-05,fast,LearningControllerState.STABLE,-0.0018809777861044097,0.14599295749700936,0.04923740100497298,1770136392.600887
117,0.8380100727081299,0.9342485562531806,2.295799999885162e-05,2.286941921535861e-05,robust,LearningControllerState.STABLE,-0.024059620886262678,0.16201288529186897,0.048253667342956774,1770136392.60182
118,0.9641129374504089,0.9402214324926264,2.170900000031395e-05,2.2637335372349683e-05,robust,LearningControllerState.STABLE,0.005972876239445757,0.10995362268466202,0.03590877154959138,1770136392.602748
119,0.9996417164802551,0.9521054892901522,2.145900000094514e-05,2.2401668298068775e-05,robust,LearningControllerState.STABLE,0.0118840567975258,0.00033992947769156956,0.0003797425197458182,1770136392.603673
120,0.9996996521949768,0.9616243218711171,2.1375000001100375e-05,2.2196334638675096e-05,robust,LearningControllerState.STABLE,0.009518832580964975,0.00035228524380492843,0.00032172280502429373,1770136392.604602
121,0.9972538948059082,0.9687502364580755,2.2166000000822805e-05,2.219026771110464e-05,robust,LearningControllerState.STABLE,0.007125914586958326,0.008708844627381751,0.0027682711940926197,1770136392.60554
122,0.9999094009399414,0.9749820693544486,2.175000000015359e-05,2.210221416891443e-05,robust,LearningControllerState.STABLE,0.006231832896373191,0.00019543623733397908,0.00011234906005874734,1770136392.606497
123,0.9996516108512878,0.9799159776538164,2.1792000000075973e-05,2.204017133514674e-05,robust,LearningControllerState.STABLE,0.004933908299367795,0.0002529185102524423,0.0003701811487122342,1770136392.607438
124,0.9997696876525879,0.9838867196535708,2.170900000031395e-05,2.197393706818018e-05,robust,LearningControllerState.STABLE,0.003970741999754335,0.00012577701223825954,0.0002520213474124233,1770136392.608379
125,0.9998695850372314,0.9870832927303029,2.1792000000075973e-05,2.193754965455934e-05,fast,LearningControllerState.STABLE,0.0031965730767321565,0.00022786695480370156,0.00015220696276863066,1770136392.609324
126,0.9953490495681763,0.9887364440978776,2.2917000000788335e-05,2.2133439723805138e-05,robust,LearningControllerState.STABLE,0.0016531513675747123,0.004673867431824519,0.001463514938537358,1770136392.614868
127,0.9979782104492188,0.9905847973681459,2.2417000000274356e-05,2.2190151779098983e-05,fast,LearningControllerState.STABLE,0.0018483532702682215,0.005222561931244485,0.0020442065507815244,1770136392.6158779
128,0.9976806640625,0.9920039707070167,2.5792000000635085e-05,2.2910521423406205e-05,fast,LearningControllerState.STABLE,0.0014191733388708716,0.002345127937500635,0.004402958530610235,1770136392.621505
129,0.9984468221664429,0.993292540998902,2.3875000000117552e-05,2.3103417138748475e-05,robust,LearningControllerState.STABLE,0.001288570291885227,0.0015770528335572465,0.00016800219363410918,1770136392.622498
130,0.9998779296875,0.9946096187366216,2.1833999999998355e-05,2.2849533710998452e-05,fast,LearningControllerState.STABLE,0.0013170777377196075,0.00021810939770361415,0.00014390431249999835,1770136392.623478
131,0.9902557134628296,0.9937388376818632,4.525000000121793e-05,2.732962696904235e-05,robust,LearningControllerState.STABLE,-0.0008707810547583517,0.009789536537171628,0.004079801448822806,1770136392.6244512
132,0.9951575994491577,0.9940225900353222,2.150000000078478e-05,2.6163701575390834e-05,fast,LearningControllerState.STABLE,0.0002837523534590103,0.005669686557769893,0.00486390055084307,1770136392.6254132
133,0.9931063652038574,0.9938393450690293,2.2624999999720785e-05,2.5455961260256828e-05,robust,LearningControllerState.STABLE,-0.0001832449662929614,0.006916259796142299,0.0018550102918712952,1770136392.626355
134,0.9910424947738647,0.9932799750099964,4.004200000018443e-05,2.837316900824235e-05,fast,LearningControllerState.STABLE,-0.0005593700590328377,0.022825233928497113,0.008997547226135438,1770136392.627348
135,0.997886598110199,0.994201299630037,2.35840000009091e-05,2.7415335206775698e-05,robust,LearningControllerState.STABLE,0.0009213246200405756,0.0021369858898019345,0.0017665391618653103,1770136392.62832
136,0.9921330213546753,0.9937876439749647,2.1584000000629544e-05,2.624906816554647e-05,robust,LearningControllerState.STABLE,-0.0004136556550723425,0.023465058906554148,0.007888562645325337,1770136392.6292539
137,0.9955006241798401,0.9941302400159399,2.1625000000469186e-05,2.5324254532531015e-05,robust,LearningControllerState.STABLE,0.000342596040975196,0.009919981823150792,0.004521000820160381,1770136392.630949
138,0.9808780550956726,0.9914798030318864,2.2083000001060782e-05,2.4676003626236968e-05,robust,LearningControllerState.STABLE,-0.002650436984053428,0.007948945011140296,0.019144027904328453,1770136392.632514
139,0.9926643371582031,0.9917167098571499,2.166599999853247e-05,2.4074002900696068e-05,fast,LearningControllerState.STABLE,0.00023690682526344986,0.034455636798492506,0.0073573288417954075,1770136392.6334531
140,0.9972981810569763,0.9928330040971153,2.3207999999996787e-05,2.3900802320556216e-05,robust,LearningControllerState.STABLE,0.0011162942399653986,0.0027250269430236784,0.00033157494354263406,1770136392.634395
141,0.9989979863166809,0.9940660005410284,2.2041999999444783e-05,2.352904185633393e-05,robust,LearningControllerState.STABLE,0.0012329964439131702,0.0009443203432013547,0.0010240556833185366,1770136392.635333
142,0.9996060132980347,0.9951740030924296,2.2666999999643167e-05,2.335663348499578e-05,robust,LearningControllerState.STABLE,0.0011080025514011993,0.0002954762266220712,0.0004166537019649752,1770136392.6362891
143,0.9999253153800964,0.996124265549963,2.195899999968276e-05,2.3077106787933178e-05,robust,LearningControllerState.STABLE,0.0009502624575333796,0.00018937393570084282,9.664361990324721e-05,1770136392.6372569
144,0.9997929930686951,0.9968580110537094,2.1833999999998355e-05,2.2828485430346214e-05,fast,LearningControllerState.STABLE,0.0007337455037463858,0.0003921255418717351,0.00022884093130493,1770136392.63821
145,0.9994198679924011,0.9973703824414478,2.3624999998972385e-05,2.298778834407145e-05,robust,LearningControllerState.STABLE,0.0005123713877384084,0.0006037570075978493,0.0002866622274471098,1770136392.6423821
146,0.9997859597206116,0.9978534978972806,2.2332999998653236e-05,2.2856830674987806e-05,robust,LearningControllerState.STABLE,0.00048311545583279436,0.00015335512560987752,0.00023637327938708097,1770136392.64333
147,0.9998462200164795,0.9982520423211205,2.50409999988932e-05,2.3293664539768884e-05,robust,LearningControllerState.STABLE,0.0003985444238399083,0.000360319824402211,0.000178820983519401,1770136392.6443572
148,0.9997869729995728,0.998559028456811,2.2874999999089596e-05,2.3209931631633025e-05,robust,LearningControllerState.STABLE,0.00030698613569046795,0.0003632329637461851,0.0002359020004263357,1770136392.645376
149,0.9997113943099976,0.9987895016274484,2.19999999995224e-05,2.29679453052109e-05,robust,LearningControllerState.STABLE,0.00023047317063740191,0.00019286142367569425,0.0003106056900019638,1770136392.6495922
150,0.9971094131469727,0.9984534839313532,2.1583000000546804e-05,2.2690956244278084e-05,robust,LearningControllerState.STABLE,-0.00033601769609514776,0.004345385001952806,0.0029121698530278906,1770136392.650532
151,0.9899377822875977,0.9967503436026022,2.1417000001022757e-05,2.243616499562702e-05,robust,LearningControllerState.STABLE,-0.0017031403287510738,0.009576622859954753,0.010083634712403367,1770136392.651477
152,0.9754754304885864,0.9924953609797991,2.195799999960002e-05,2.234053199642162e-05,robust,LearningControllerState.STABLE,-0.004254982622803105,0.0591748398704528,0.024546527511413174,1770136392.655701
153,0.9655149579048157,0.9870992803648024,2.19999999995224e-05,2.2272425597041776e-05,robust,LearningControllerState.STABLE,-0.0053960806149966345,0.0785995167655944,0.03450704209518385,1770136392.656647
154,0.9920516014099121,0.9880897445738245,2.1583000000546804e-05,2.2134540477742783e-05,robust,LearningControllerState.STABLE,0.0009904642090220461,0.057915864772796866,0.007969981590088437,1770136392.657621
155,0.9644482731819153,0.9833614502954428,2.1625000000469186e-05,2.2032632382288064e-05,robust,LearningControllerState.STABLE,-0.004728294278381728,0.013675907909027174,0.035573351818085186,1770136392.658565
156,0.9267843961715698,0.9720460394706683,2.170900000031395e-05,2.1967905905893244e-05,robust,LearningControllerState.STABLE,-0.011315410824774497,0.19637771160925332,0.07323731282843049,1770136392.659513
157,0.9642038345336914,0.970477598483273,2.1792000000075973e-05,2.193272472472979e-05,robust,LearningControllerState.STABLE,-0.001568440987395281,0.023017941303251632,0.03581795746630867,1770136392.660458
158,0.9624679684638977,0.968875672479398,2.1833999999998355e-05,2.1912979779783503e-05,robust,LearningControllerState.STABLE,-0.0016019260038749872,0.07852303072738742,0.03755386553610229,1770136392.6614442
159,0.9693223834037781,0.9689650146642741,2.1666000000308827e-05,2.186358382388857e-05,robust,LearningControllerState.STABLE,8.934218487610668e-05,0.007623640464601067,0.030699282596222233,1770136392.662385
160,0.9868165850639343,0.9725353287442062,2.1333000001177993e-05,2.1757467059346455e-05,robust,LearningControllerState.STABLE,0.0035703140799321353,0.012097995380401017,0.013204747936066852,1770136392.6633432
161,0.9600657224655151,0.970041407488468,2.1499999999008423e-05,2.170597364727885e-05,robust,LearningControllerState.STABLE,-0.0024939212557382184,0.11744719127691639,0.03995577753448387,1770136392.664256
162,0.984239935874939,0.9728811131657622,2.1875000001614353e-05,2.173977891814595e-05,robust,LearningControllerState.STABLE,0.002839705677294191,0.11400207052993672,0.01578193912506265,1770136392.668193
163,0.9925417304039001,0.9768132366133898,2.1832999999915614e-05,2.1758423134499882e-05,robust,LearningControllerState.STABLE,0.003932123447627611,0.030239180599211934,0.007480102596099769,1770136392.669145
164,0.9802204370498657,0.977494676700685,2.1832999999915614e-05,2.177333850758303e-05,robust,LearningControllerState.STABLE,0.0006814400872952042,0.04973210504513581,0.019801395950134193,1770136392.670088
165,0.9811463356018066,0.9782250084809094,2.1916999999760378e-05,2.1802070806018504e-05,robust,LearningControllerState.STABLE,0.0007303317802244136,0.016106359485808852,0.01887558139819312,1770136392.67103
166,0.9917743802070618,0.9809348828261399,2.175000000015359e-05,2.1791656644845522e-05,fast,LearningControllerState.STABLE,0.002709874345230512,0.017498366592407777,0.008247369792938386,1770136392.671968
167,0.9682000875473022,0.9783879237703724,2.362500000074874e-05,2.2158325316026166e-05,robust,LearningControllerState.STABLE,-0.002546959055767517,0.0318235374526985,0.01063038086319068,1770136392.67291
168,0.9940776228904724,0.9815258635943924,2.1874999999837996e-05,2.2101660252788533e-05,fast,LearningControllerState.STABLE,0.0031379398240199974,0.011148010528748031,0.005944252109527426,1770136392.673845
169,0.9775226712226868,0.9807252251200513,2.329199999984155e-05,2.2339728202199137e-05,robust,LearningControllerState.STABLE,-0.0008006384743410866,0.022500620777313074,0.04307187215405328,1770136392.674786
170,0.9856177568435669,0.9817037314647545,2.195799999960002e-05,2.2263382561679313e-05,fast,LearningControllerState.STABLE,0.0009785063447032005,0.03434427771740722,0.014404201156432705,1770136392.6757178
171,0.9520896673202515,0.975780918635854,2.3207999999996787e-05,2.245230604934281e-05,robust,LearningControllerState.STABLE,-0.005922812828900503,0.04793354067974853,0.013576275035857677,1770136392.67709
172,0.9851872324943542,0.9776621814075541,2.19999999995224e-05,2.236184483937873e-05,robust,LearningControllerState.STABLE,0.0018812627717000874,0.011030801936737333,0.014834767505645274,1770136392.6781309
173,0.9998786449432373,0.9821054741146908,2.1916999999760378e-05,2.2272875871455062e-05,robust,LearningControllerState.STABLE,0.004443292707136726,0.0003081003648688352,0.0001432720567624557,1770136392.6791308
174,0.9977912902832031,0.9852426373483933,2.1792000000075973e-05,2.2176700697179243e-05,fast,LearningControllerState.STABLE,0.0031371632337025,0.007209162578766026,0.002230501716796951,1770136392.680087
175,0.9965080618858337,0.9874957222558816,2.3167000000157145e-05,2.2374760557774826e-05,robust,LearningControllerState.STABLE,0.002253084907488212,0.003515105114166417,0.002020210739317463,1770136392.681013
176,0.9963871240615845,0.9892740026170223,2.1333000001177993e-05,2.216640844645546e-05,robust,LearningControllerState.STABLE,0.0017782803611406939,0.008681015281494453,0.0036342089384167053,1770136392.6819358
177,0.9940072298049927,0.9902206480546164,2.145799999908604e-05,2.202472675698158e-05,robust,LearningControllerState.STABLE,0.0009466454375941513,0.004823117462340321,0.00601422819500641,1770136392.6828642
178,0.9917574524879456,0.9905280089412823,2.1874999999837996e-05,2.1994781405552863e-05,fast,LearningControllerState.STABLE,0.00030736088666594163,0.007303421150023581,0.008264422512054281,1770136392.683798
179,0.9656947255134583,0.9855613522557176,2.3416999999525956e-05,2.2279225124347483e-05,robust,LearningControllerState.STABLE,-0.00496665668556473,0.034328691486541274,0.009939509448821937,1770136392.6880362
180,0.993273138999939,0.987103709604562,2.1959000001459117e-05,2.221518009976981e-05,fast,LearningControllerState.STABLE,0.0015423573488443365,0.04441984787023934,0.006748820000062494,1770136392.688986
181,0.9932562112808228,0.9883342099398142,2.349999999928798e-05,2.2472144079673445e-05,robust,LearningControllerState.STABLE,0.0012305003352522936,0.006767288719176534,0.010319990291780101,1770136392.689929
182,0.99753737449646,0.9901748428511434,2.1583000000546804e-05,2.229431526384812e-05,robust,LearningControllerState.STABLE,0.0018406329113291875,0.0025020155483410633,0.002484208503540586,1770136392.690877
183,0.9997748136520386,0.9920948370113225,2.175000000015359e-05,2.2185452211109215e-05,robust,LearningControllerState.STABLE,0.0019199941601790727,0.00033496947824218637,0.00024693634796157937,1770136392.691833
184,0.9998961091041565,0.9936550914298893,2.1625000000469186e-05,2.207336176898121e-05,robust,LearningControllerState.STABLE,0.0015602544185667755,0.00021147544497779336,0.00012551589584397504,1770136392.6960042
185,0.9984673261642456,0.9946175383767606,2.204200000122114e-05,2.20670894154292e-05,robust,LearningControllerState.STABLE,0.0009624469468713093,0.003572802177794543,0.0015547158357556157,1770136392.6969512
186,0.997534990310669,0.9952010287635423,2.170900000031395e-05,2.1995471532406154e-05,robust,LearningControllerState.STABLE,0.0005834903867817376,0.0024940295259394674,0.0024867186893313686,1770136392.6978931
187,0.9961259961128235,0.9953860222333986,2.1791999998299616e-05,2.195477722558485e-05,robust,LearningControllerState.STABLE,0.00018499346985623166,0.0032792784883408643,0.0038957958871748133,1770136392.6988711
188,0.9998188018798828,0.9962725781626955,2.1667000000391567e-05,2.1897221780546196e-05,robust,LearningControllerState.STABLE,0.0008865559292969838,0.0003173332940988871,0.00020286512011757907,1770136392.6998138
189,0.9999538660049438,0.9970088357311453,2.220899999905157e-05,2.1959577424247273e-05,robust,LearningControllerState.STABLE,0.0007362575684497497,0.00046435378991560583,6.834299505520391e-05,1770136392.700756
190,0.9955765604972839,0.996722380684373,2.1625000000469186e-05,2.1892661939491657e-05,robust,LearningControllerState.STABLE,-0.0002864550467722715,0.0064478910556946545,0.004445064502716534,1770136392.7017071
191,0.9980502724647522,0.9969879590404489,2.2333000000429593e-05,2.1980729551679244e-05,robust,LearningControllerState.STABLE,0.00026557835607587954,0.00596121913110359,0.0019720605352482323,1770136392.7027042
192,0.9998089671134949,0.9975521606550581,2.1832999999915614e-05,2.1951183641326518e-05,robust,LearningControllerState.STABLE,0.0005642016146092388,0.0008821821172784183,0.00021286588650504257,1770136392.7036538
193,0.9987145066261292,0.9977846298492724,2.245799999833764e-05,2.2052546912728743e-05,robust,LearningControllerState.STABLE,0.0002324691942142687,0.005715791366760925,0.0013079513738691873,1770136392.709276
194,0.9999397993087769,0.9982156637411734,2.1666000000308827e-05,2.1975237530244763e-05,robust,LearningControllerState.STABLE,0.0004310338919010226,0.00028949792498700333,8.186669122345336e-05,1770136392.7102458
195,0.9999259114265442,0.9985577132782476,2.1790999999993232e-05,2.193839002419446e-05,robust,LearningControllerState.STABLE,0.00034204953707417385,7.754280816740788e-05,9.587957345580378e-05,1770136392.711262
196,0.9998897910118103,0.9988241288249602,2.2332999998653236e-05,2.2017312019086217e-05,robust,LearningControllerState.STABLE,0.00026641554671258394,0.00039492596017431936,0.0001325419881883505,1770136392.7122161
197,0.9996667504310608,0.9989926531461804,2.200000000129876e-05,2.2013849615528726e-05,fast,LearningControllerState.STABLE,0.0001685243212201648,0.00034376177960204757,0.00035524956894050774,1770136392.7179708
198,0.999405562877655,0.9990752350924753,2.3332999999681192e-05,2.227767969235922e-05,robust,LearningControllerState.STABLE,8.25819462949573e-05,0.0006177701223446519,0.000454258907135241,1770136392.718963
199,0.9992552399635315,0.9991112360666865,2.1541000000624422e-05,2.213034375401226e-05,robust,LearningControllerState.STABLE,3.6000974211192194e-05,0.0009044566497795614,0.0007663010364691303,1770136392.7199051
200,0.9997888207435608,0.9992467530020613,2.19999999995224e-05,2.210427500311429e-05,robust,LearningControllerState.STABLE,0.00013551693537483533,0.0014085041770925955,0.00023317925643873139,1770136392.720853
201,0.991511881351471,0.9976997786719434,2.1916999999760378e-05,2.2066820002443505e-05,robust,LearningControllerState.STABLE,-0.0015469743301179673,0.0034140636598518626,0.008510035648528813,1770136392.721795
202,0.9998738169670105,0.9981345863309569,2.1874999999837996e-05,2.2028456001922406e-05,robust,LearningControllerState.STABLE,0.00043480765901349194,0.0001674814264216451,0.00014805803298933995,1770136392.722765
203,0.9997901320457458,0.9984656954739147,2.2041999999444783e-05,2.2031164801426882e-05,robust,LearningControllerState.STABLE,0.00033110914295786387,0.0003414314077456737,0.00023190995425359517,1770136392.724146
204,0.9998937249183655,0.9987513013628049,2.195799999960002e-05,2.201653184106151e-05,robust,LearningControllerState.STABLE,0.00028560588889015026,0.0002705436479484291,0.0001282330816341215,1770136392.72509
205,0.9970906376838684,0.9984191686270176,2.1916999999760378e-05,2.1996625472801283e-05,robust,LearningControllerState.STABLE,-0.00033213273578724944,0.0035977871053773924,0.002931279316131352,1770136392.726055
206,0.9994899034500122,0.9986333155916166,2.2041999999444783e-05,2.2005700378129984e-05,robust,LearningControllerState.STABLE,0.00021414696459898241,0.0016300181999220342,0.0005321385499872378,1770136392.727024
207,0.9998013973236084,0.998866931938015,2.3416999999525956e-05,2.2287960302409178e-05,robust,LearningControllerState.STABLE,0.000233616346398402,0.000394346588318939,0.00022201967639112752,1770136392.728039
208,0.9954698085784912,0.9981875072661103,2.195899999968276e-05,2.2222168241863893e-05,robust,LearningControllerState.STABLE,-0.0006794246719047381,0.004748001330963092,0.004552150421508472,1770136392.729033
209,0.9844761490821838,0.9954452356293251,2.1542000000707162e-05,2.2086134593632546e-05,robust,LearningControllerState.STABLE,-0.0027422716367851985,0.014423582549865088,0.01554539291781687,1770136392.730013
210,0.9935069680213928,0.9950575821077388,2.1374999999324018e-05,2.1943907674770845e-05,robust,LearningControllerState.STABLE,-0.0003876535215863175,0.010034070903961023,0.006514406978606502,1770136392.7309508
211,0.9947437047958374,0.9949948066453586,2.1790999999993232e-05,2.1913326139815324e-05,robust,LearningControllerState.STABLE,-6.27754623802046e-05,0.023132650058379056,0.005278086204162591,1770136392.73188
212,0.9810355305671692,0.9922029514297207,2.1915999999677638e-05,2.1913860911787787e-05,robust,LearningControllerState.STABLE,-0.0027918552156378507,0.01574851080322226,0.018986385432830488,1770136392.732907
213,0.9684283137321472,0.9874480238902061,2.175000000015359e-05,2.188108872946095e-05,robust,LearningControllerState.STABLE,-0.004754927539514564,0.06743842782211296,0.03159343626785294,1770136392.7339
214,0.9621526002883911,0.9823889391698432,2.1915999999677638e-05,2.188807098350429e-05,robust,LearningControllerState.STABLE,-0.005059084720362983,0.049786152946472484,0.037869315711608564,1770136392.734855
215,0.9401801228523254,0.9739471759063396,2.14169999992464e-05,2.1793856786652713e-05,fast,LearningControllerState.STABLE,-0.008441763263503543,0.01964278050213686,0.05984129414767381,1770136392.736416
216,0.9048924446105957,0.9601362296471909,2.3541000000903978e-05,2.2143285429502965e-05,fast,LearningControllerState.STABLE,-0.013810946259148693,0.0951310963894052,0.04902085007476842,1770136392.7373571
217,0.9617167711257935,0.9604523379429115,2.3207999999996787e-05,2.2356228343601732e-05,fast,LearningControllerState.STABLE,0.0003161082957205963,0.03830643687420654,0.014596652740477722,1770136392.7383392
218,0.9541773796081543,0.9591973462759601,2.358300000082636e-05,2.2601582675046656e-05,robust,LearningControllerState.STABLE,-0.0012549916669514216,0.04584620339184653,0.014114320373534994,1770136392.739282
219,0.993347704410553,0.9660274179028787,2.2083000001060782e-05,2.249786614024948e-05,robust,LearningControllerState.STABLE,0.006830071626918621,0.0678640691486514,0.006674378589448082,1770136392.740227
220,0.9836199283599854,0.9695459199943002,2.1915999999677638e-05,2.2381492912135114e-05,robust,LearningControllerState.STABLE,0.0035185020914214604,0.05112221136129769,0.016401987640014326,1770136392.741168
221,0.9785994291305542,0.971356621821551,2.1832999999915614e-05,2.2271794329691216e-05,robust,LearningControllerState.STABLE,0.001810701827250849,0.02154980648385596,0.021422403869445716,1770136392.742144
222,0.9835999608039856,0.973805289618038,2.166599999853247e-05,2.2150635463459468e-05,robust,LearningControllerState.STABLE,0.002448667796487003,0.04395389396667504,0.016421705196012937,1770136392.7431018
223,0.9985547065734863,0.9787551730091277,2.250000000003638e-05,2.222050837077485e-05,robust,LearningControllerState.STABLE,0.004949883391089704,0.003004757099150268,0.0014677934265137083,1770136392.744084
224,0.9999172687530518,0.9829875921579125,2.19999999995224e-05,2.217640669652436e-05,robust,LearningControllerState.STABLE,0.004232419148784805,0.00017147393762151353,0.00010473124694776459,1770136392.7450318
225,0.9991033673286438,0.9862107471920588,2.175000000015359e-05,2.2091125357250207e-05,fast,LearningControllerState.STABLE,0.0032231550341462745,0.0010775779567886445,0.0009183826713563548,1770136392.745974
226,0.9998321533203125,0.9889350284177096,2.3333999999763932e-05,2.2339700285752954e-05,robust,LearningControllerState.STABLE,0.0027242812256508264,0.00019118067968726393,0.00028853336679013353,1770136392.746916
227,0.9976661801338196,0.9906812587609317,2.2125000000983164e-05,2.2296760228798995e-05,fast,LearningControllerState.STABLE,0.0017462303432220772,0.0013523377645583423,0.002355944866181403,1770136392.7478552
228,0.9924860000610352,0.9910422070209525,2.3167000000157145e-05,2.2470808183070627e-05,robust,LearningControllerState.STABLE,0.00036094826002075475,0.007537166938965001,0.004004978782470303,1770136392.748798
229,0.9966427683830261,0.9921623192933673,2.2124999999206807e-05,2.2401646546297862e-05,fast,LearningControllerState.STABLE,0.0011201122724148194,0.009589933300384601,0.0033793566169730838,1770136392.749761
230,0.9994534850120544,0.9936205524371048,2.4249999999170768e-05,2.2771317236872445e-05,robust,LearningControllerState.STABLE,0.0014582331437374974,0.0005707649879447274,0.00024378888320875092,1770136392.7554822
231,0.9999536871910095,0.9948871793878858,2.175000000015359e-05,2.2567053789528674e-05,fast,LearningControllerState.STABLE,0.001266626950781058,0.00027888729821690106,6.80628089906321e-05,1770136392.7564428
232,0.9965200424194336,0.9952137519941955,2.3000000000550358e-05,2.2653643031733012e-05,robust,LearningControllerState.STABLE,0.0003265726063096386,0.0035029575805669566,0.002486413875395499,1770136392.75739
233,0.9971674680709839,0.9956044952095533,2.2209000000827928e-05,2.2564714425551998e-05,fast,LearningControllerState.STABLE,0.00039074321535781387,0.006723325119201817,0.002854740929016941,1770136392.7583559
234,0.9897385835647583,0.9944313128805943,2.308300000031238e-05,2.2668371540504075e-05,robust,LearningControllerState.STABLE,-0.0011731823289590215,0.010284499435242012,0.017786359328857415,1770136392.759382
235,0.9962171316146851,0.9947884766274124,2.1915999999677638e-05,2.2517897232338788e-05,fast,LearningControllerState.STABLE,0.00035716374681815655,0.012272772338500104,0.003804784385314619,1770136392.760347
236,0.9597859978675842,0.9877879808754468,2.3750000000433147e-05,2.276431778595766e-05,fast,LearningControllerState.STABLE,-0.007000495751965596,0.040237752132416205,0.014445232547394937,1770136392.761329
237,0.9750161170959473,0.985233608119547,2.666700000020228e-05,2.3544854228806584e-05,robust,LearningControllerState.STABLE,-0.0025543727558998697,0.025010549904052937,0.01905192714672843,1770136392.762295
238,0.9048799872398376,0.9691628839436052,2.1915999999677638e-05,2.3219083382980793e-05,fast,LearningControllerState.STABLE,-0.016070724175941797,0.15116266954766822,0.09514192876016203,1770136392.763254
239,0.8452378511428833,0.9443778773834608,2.304100000039e-05,2.3183466706462635e-05,robust,LearningControllerState.STABLE,-0.024785006560144374,0.1547851898571171,0.058816046234314356,1770136392.764204
240,0.9197751879692078,0.9394573395006103,2.14580000008624e-05,2.283837336534259e-05,robust,LearningControllerState.STABLE,-0.0049205378828505175,0.27963754459381107,0.0802462700307931,1770136392.765166
241,0.9177210330963135,0.935110078219751,2.1332999999401636e-05,2.2537298692154402e-05,fast,LearningControllerState.STABLE,-0.0043472612808592714,0.11838187387448151,0.08230029990368593,1770136392.766152
242,0.8932633996009827,0.9267407424959974,2.3125000000234763e-05,2.2654838953770475e-05,fast,LearningControllerState.STABLE,-0.008369335723753646,0.10675972539901757,0.07396720112228294,1770136392.767081
243,0.8876638412475586,0.9189253622463096,2.270799999948281e-05,2.2665471162912943e-05,robust,LearningControllerState.STABLE,-0.007815380249687753,0.11235886675244089,0.07510912427902205,1770136392.76802
244,0.8799074292182922,0.9111217756407062,2.2124999999206807e-05,2.2557376930171714e-05,fast,LearningControllerState.STABLE,-0.00780358660560343,0.23599832943325794,0.12011469578170697,1770136392.768971
245,0.711394190788269,0.8711762586702189,2.324999999991917e-05,2.2695901544121206e-05,robust,LearningControllerState.STABLE,-0.039945516970487316,0.2886290592117309,0.1311098524173584,1770136392.769929
246,0.9703247547149658,0.8910059578791683,2.2124999999206807e-05,2.258172123513833e-05,robust,LearningControllerState.STABLE,0.019829699208949392,0.0871875690080568,0.029697370285033386,1770136392.770903
247,0.9658103585243225,0.9059668380081992,2.19999999995224e-05,2.2465376988015145e-05,fast,LearningControllerState.STABLE,0.014960880129030962,0.08025807561111442,0.03421164147567701,1770136392.771849
248,0.9998935461044312,0.9247521796274456,2.354099999912762e-05,2.268050159023764e-05,robust,LearningControllerState.STABLE,0.018785341619246387,0.00012999489556797528,0.00012056268710303186,1770136392.772789
249,0.9998037815093994,0.9397625000038364,2.2041999999444783e-05,2.255280127207907e-05,fast,LearningControllerState.STABLE,0.015010320376390829,0.0004801216281737908,0.00021826049060003072,1770136392.77377
250,0.99884432554245,0.9515788651115592,2.3084000000395122e-05,2.265904101774228e-05,robust,LearningControllerState.STABLE,0.01181636510772277,0.001178758457550444,0.0001313559185192048,1770136392.774736
251,0.9940415024757385,0.9600713925843951,2.2041999999444783e-05,2.2535632814082782e-05,robust,LearningControllerState.STABLE,0.008492527472835909,0.013074527229308686,0.005980539524260919,1770136392.775685
252,0.9905063509941101,0.9661583842663382,2.19999999995224e-05,2.2428506251170707e-05,robust,LearningControllerState.STABLE,0.006086991681943044,0.006555589160553765,0.009515649005889415,1770136392.781296
253,0.9773946404457092,0.9684056355022124,2.1832999999915614e-05,2.230940500091969e-05,robust,LearningControllerState.STABLE,0.0022472512358742147,0.030838982139588467,0.022627192554290687,1770136392.7868311
254,0.9867950081825256,0.9720835100382751,2.225000000066757e-05,2.2297524000869266e-05,robust,LearningControllerState.STABLE,0.0036778745360627196,0.011213145824065407,0.013227241817475033,1770136392.792494
255,0.9671747088432312,0.9711017497992664,2.1916999999760378e-05,2.222141920064749e-05,fast,LearningControllerState.STABLE,-0.0009817602390086444,0.05143971804827885,0.03284720815676856,1770136392.7934442
256,0.9625723361968994,0.9693958670787931,2.4958000000907532e-05,2.27687353606995e-05,fast,LearningControllerState.STABLE,-0.0017058827204733396,0.037452621803101493,0.06316096758270362,1770136392.794448
257,0.9088373184204102,0.9572841573471166,2.35840000009091e-05,2.293178828874142e-05,robust,LearningControllerState.STABLE,-0.012111709731676523,0.09118626557959075,0.023245012302032464,1770136392.79542
258,0.9666273593902588,0.959152797755745,2.2665999999560427e-05,2.2878630630905223e-05,robust,LearningControllerState.STABLE,0.0018686404086284414,0.03199447778320419,0.03339530660974077,1770136392.7964082
259,0.9919695258140564,0.9657161433674074,2.129200000133835e-05,2.256130450499185e-05,robust,LearningControllerState.STABLE,0.006563345611662386,0.0856931439821178,0.008051766185944942,1770136392.802058
260,0.9856529831886292,0.9697035113316518,2.1416000000940016e-05,2.2332243604181483e-05,robust,LearningControllerState.STABLE,0.0039873679642443705,0.07912572540683094,0.01436843281137179,1770136392.802986
261,0.9819976091384888,0.9721623308930192,2.1124999999955207e-05,2.209079488333623e-05,robust,LearningControllerState.STABLE,0.002458819561367398,0.10473816970861805,0.018023515861511186,1770136392.803915
262,0.9721337556838989,0.9721566158511952,2.229200000058995e-05,2.2131035906786972e-05,robust,LearningControllerState.STABLE,-5.715041824005951e-06,0.07664692241668725,0.027888536316101664,1770136392.804878
263,0.9609754085540771,0.9699203743917716,2.1249999999639613e-05,2.19548287253575e-05,robust,LearningControllerState.STABLE,-0.0022362414594235824,0.16973929278945832,0.03904584144592249,1770136392.805847
264,0.9570361375808716,0.9673435270295917,2.2082999999284425e-05,2.1980462980142888e-05,robust,LearningControllerState.STABLE,-0.0025768473621798904,0.031374380245026146,0.0429859454191277,1770136392.811244
265,0.9790180325508118,0.9696784281338358,2.1041999998416827e-05,2.179277038379768e-05,robust,LearningControllerState.STABLE,0.002334901104244058,0.05147144123077396,0.02100300944918665,1770136392.816492
266,0.938235342502594,0.9633898110075875,2.1375000001100375e-05,2.170921630725822e-05,fast,LearningControllerState.STABLE,-0.006288617126248286,0.17752470309466517,0.061786032497407106,1770136392.8174121
267,0.9124932885169983,0.9532105065094697,2.250000000003638e-05,2.186737304581385e-05,robust,LearningControllerState.STABLE,-0.01017930449811777,0.08752921148300175,0.05885470046270669,1770136392.818332
268,0.9309906959533691,0.9487665443982497,2.1374999999324018e-05,2.1768898436515884e-05,robust,LearningControllerState.STABLE,-0.004443962111220001,0.19815912165088,0.06903067904663018,1770136392.819247
269,0.9512727856636047,0.9492677926513208,2.1124999999955207e-05,2.164011874920375e-05,fast,LearningControllerState.STABLE,0.0005012482530710738,0.029487484726134383,0.04874833933639522,1770136392.82016
270,0.8919371962547302,0.9378016733720027,2.2582999999798403e-05,2.182869499932268e-05,fast,LearningControllerState.STABLE,-0.011466119279318066,0.10808538674526957,0.0414778419759827,1770136392.821082
271,0.9534910321235657,0.9409395451223154,2.3667000000671123e-05,2.219635599959237e-05,robust,LearningControllerState.STABLE,0.0031378717503126596,0.046532634876435,0.04986573989123677,1770136392.826837
272,0.9675338268280029,0.946258401463453,2.2084000001143522e-05,2.2173884799902602e-05,fast,LearningControllerState.STABLE,0.005318856341137601,0.11018096514874287,0.032488257171998214,1770136392.8278122
273,0.8277430534362793,0.9225553318580183,2.316699999838079e-05,2.237250783959824e-05,fast,LearningControllerState.STABLE,-0.023703069605434668,0.17228011356371908,0.08656278200512801,1770136392.828765
274,0.8561932444572449,0.9092829143778637,3.19169999993818e-05,2.4281406271554952e-05,robust,LearningControllerState.STABLE,-0.013272417480154619,0.1438386725427545,0.07771553479040527,1770136392.829793
275,0.9044808745384216,0.9083225064099754,2.20410000011384e-05,2.3833325017471643e-05,fast,LearningControllerState.STABLE,-0.0009604079678883215,0.2786191333774415,0.09554116646157951,1770136392.8307462
276,0.9461725950241089,0.9158925241328021,2.324999999991917e-05,2.371666001396115e-05,robust,LearningControllerState.STABLE,0.007570017722826727,0.05385065497589103,0.1418037121318676,1770136392.836331
277,0.8696998357772827,0.9066539864616983,2.1792000000075973e-05,2.3331728011184117e-05,robust,LearningControllerState.STABLE,-0.00923853767110383,0.08919649553698861,0.13032195622271736,1770136392.8373241
278,0.9112277626991272,0.9075687417091841,2.1874999999837996e-05,2.3040382408914894e-05,robust,LearningControllerState.STABLE,0.0009147552474858545,0.15798942190915,0.08879411230087264,1770136392.8427598
279,0.8131519556045532,0.8886853844882581,2.1915999999677638e-05,2.2815505927067443e-05,robust,LearningControllerState.STABLE,-0.018883357220926045,0.32911723691940153,0.18686996039544645,1770136392.843725
280,0.8506343960762024,0.881075186805847,2.1915999999677638e-05,2.2635604741589483e-05,fast,LearningControllerState.STABLE,-0.007610197682411113,0.23665275947933928,0.14938751992379729,1770136392.8447309
281,0.7847697734832764,0.8618141041413329,2.2916000000705594e-05,2.2691683793412707e-05,fast,LearningControllerState.STABLE,-0.019261082664514095,0.21525314251672434,0.20478624238241494,1770136392.845679
282,0.94033282995224,0.8775178493035144,2.2958000000627976e-05,2.2744947034855763e-05,fast,LearningControllerState.STABLE,0.015703745162181537,0.05969012804776064,0.09818641603851397,1770136392.846621
283,0.8446552753448486,0.8709453345117814,2.3500000001064336e-05,2.289595762809748e-05,fast,LearningControllerState.STABLE,-0.006572514791733042,0.15536822465515243,0.05451901660174663,1770136392.852153
284,0.9194299578666687,0.8806422591827588,2.337500000137993e-05,2.299176610275397e-05,fast,LearningControllerState.STABLE,0.009696924670977491,0.08059341713333268,0.09286096639996266,1770136392.853174
285,0.942776620388031,0.8930691314238134,2.3207999999996787e-05,2.3035012882202533e-05,fast,LearningControllerState.STABLE,0.012426872241054543,0.05724658761196899,0.2097498355482177,1770136392.854124
286,0.7896263599395752,0.8723805771269658,2.3207999999996787e-05,2.3069610305761385e-05,robust,LearningControllerState.STABLE,-0.020688554296847572,0.2103968480604248,0.17238925159835894,1770136392.855077
287,0.8747786283493042,0.8728601873714336,2.1666000000308827e-05,2.2788888244670876e-05,fast,LearningControllerState.STABLE,0.00047961024446774303,0.06969527948724341,0.1252430376506961,1770136392.856027
288,0.974054217338562,0.8930989933648593,2.308300000031238e-05,2.284771059579918e-05,robust,LearningControllerState.STABLE,0.020238805993425757,0.0259688656614383,0.02465819140643255,1770136392.8569689
289,0.9321591258049011,0.9009110198528677,2.20410000011384e-05,2.2686368476867026e-05,fast,LearningControllerState.STABLE,0.007812026488008383,0.07325134038525505,0.06786291519510002,1770136392.85791
290,0.841826856136322,0.8890941871095586,2.3332999999681192e-05,2.2815694781429862e-05,robust,LearningControllerState.STABLE,-0.011816832743309136,0.15819647686367766,0.07121560527764892,1770136392.858863
291,0.9512166976928711,0.9015186892262211,2.1667000000391567e-05,2.2585955825222205e-05,fast,LearningControllerState.STABLE,0.012424502116662572,0.14554890868414283,0.0488049693071293,1770136392.8598442
292,0.62046879529953,0.845308710440883,2.3457999999365597e-05,2.2760364660050883e-05,fast,LearningControllerState.STABLE,-0.05620997878533818,0.37955466270046934,0.09653409205282593,1770136392.8608031
293,0.7049130201339722,0.8172295723795008,2.270799999948281e-05,2.2749891727937268e-05,fast,LearningControllerState.STABLE,-0.02807913806138218,0.2951096878660273,0.048166698375519346,1770136392.861757
294,0.6790159940719604,0.7895868567179928,2.3291000001535167e-05,2.285811338265685e-05,fast,LearningControllerState.STABLE,-0.027642715661508,0.3210072969280411,0.07691131850451605,1770136392.862737
295,0.8276494741439819,0.7971993802031907,2.349999999928798e-05,2.2986490705983076e-05,robust,LearningControllerState.STABLE,0.0076125234851979195,0.17237402585601735,0.08891214710217277,1770136392.86369
296,0.959976315498352,0.829754767262223,2.1874999999837996e-05,2.2764192564754064e-05,fast,LearningControllerState.STABLE,0.03255538705903227,0.21284082310086205,0.04004555950164779,1770136392.864645
297,0.9189999103546143,0.8476037958807012,2.3333999999763932e-05,2.287815405175604e-05,robust,LearningControllerState.STABLE,0.017849028618478258,0.0810234236453855,0.08231264362335189,1770136392.865601
298,0.9320003390312195,0.864483104510805,2.2041999999444783e-05,2.271092324129379e-05,robust,LearningControllerState.STABLE,0.016879308630103784,0.13180308092462134,0.06802170296877996,1770136392.866559
299,0.9357476234436035,0.8787360082973648,2.1832999999915614e-05,2.2535338593018156e-05,fast,LearningControllerState.STABLE,0.014252903786559745,0.06253065278988679,0.0642742095563964,1770136392.8722181
300,0.9343788027763367,0.8898645671931592,2.304100000039e-05,2.2636470874492526e-05,fast,LearningControllerState.STABLE,0.01112855889579445,0.06564423822366372,0.01853782403909321,1770136392.87782
301,0.980519711971283,0.907995596148784,2.3167000000157145e-05,2.2742576699625453e-05,robust,LearningControllerState.STABLE,0.018131028955624795,0.019503455028717198,0.024367106949219064,1770136392.878766
302,0.9696447849273682,0.9203254339045008,2.1874999999837996e-05,2.2569061359667964e-05,fast,LearningControllerState.STABLE,0.012329837755716833,0.06673088547933936,0.030377090072631674,1770136392.8797061
303,0.9837148785591125,0.9330033228354232,2.2875000000865953e-05,2.2630249087907562e-05,fast,LearningControllerState.STABLE,0.012677888930922365,0.016307996440888317,0.010983455615997784,1770136392.880644
304,0.9651085734367371,0.939424372955686,2.308300000031238e-05,2.2720799270388528e-05,robust,LearningControllerState.STABLE,0.006421050120262839,0.03491450956326325,0.04238870787848015,1770136392.8858821
305,0.9764384627342224,0.9468271909113934,2.1874999999837996e-05,2.2551639416278424e-05,robust,LearningControllerState.STABLE,0.007402817955707408,0.032051340614318136,0.023583412265777426,1770136392.886827
306,0.9901132583618164,0.9554844044014781,2.2167000000905546e-05,2.247471153320385e-05,robust,LearningControllerState.STABLE,0.008657213490084636,0.09389220905703688,0.0099089086381845,1770136392.8877702
307,0.9370863437652588,0.9518047922742343,2.2124999999206807e-05,2.240476922640444e-05,robust,LearningControllerState.STABLE,-0.00367961212724377,0.22608729496038826,0.06293578123474042,1770136392.88873
308,0.976196825504303,0.9566831989202481,2.1542000000707162e-05,2.2232215381264984e-05,fast,LearningControllerState.STABLE,0.0048784066460138,0.05084677829779061,0.02382471649569773,1770136392.889683
309,0.8994731903076172,0.9452411971977219,2.3000000000550358e-05,2.238577230512206e-05,fast,LearningControllerState.STABLE,-0.011442001722526185,0.10054980969238336,0.05816387560653702,1770136392.890625
310,0.8474740982055664,0.9256877773992909,2.308300000031238e-05,2.2525217844160126e-05,robust,LearningControllerState.STABLE,-0.01955341979843106,0.1525489847944339,0.13998869009381032,1770136392.8915682
311,0.896612823009491,0.919872786521331,2.2082999999284425e-05,2.2436774275184986e-05,fast,LearningControllerState.STABLE,-0.005814990877959891,0.21012838271713186,0.10340925999050832,1770136392.8925152
312,0.9069064259529114,0.9172795144076471,2.283300000094357e-05,2.2516019420336703e-05,robust,LearningControllerState.STABLE,-0.0025932721136838754,0.09311640704708957,0.05892565817605622,1770136392.893472
313,0.9520305395126343,0.9242297194286446,2.1583000000546804e-05,2.2329415536378722e-05,fast,LearningControllerState.STABLE,0.006950205020997524,0.12309946908987435,0.04799104348736627,1770136392.894424
314,0.937171459197998,0.9268180673825154,2.3166000000074405e-05,2.249673242911786e-05,fast,LearningControllerState.STABLE,0.002588347953870751,0.06285170680200203,0.03614968673306329,1770136392.8953621
315,0.6890500783920288,0.8792644695844182,2.3374999999603574e-05,2.2672385943215004e-05,fast,LearningControllerState.STABLE,-0.0475535977980972,0.3109732966079708,0.0504741191747744,1770136392.8963132
316,0.9040806293487549,0.8842277015372855,2.3000000000550358e-05,2.2737908754682076e-05,robust,LearningControllerState.STABLE,0.0049632319528672975,0.09594237065124567,0.16140762521707153,1770136392.8972569
317,0.9063897728919983,0.8886601158082281,2.1832999999915614e-05,2.2556927003728786e-05,fast,LearningControllerState.STABLE,0.004432414270942653,0.11550690946160813,0.09363206010800162,1770136392.898196
318,0.8320131301879883,0.8773307186841802,2.308300000031238e-05,2.2662141603045507e-05,robust,LearningControllerState.STABLE,-0.011329397124047902,0.16800995281201203,0.0324219888534536,1770136392.899167
319,0.9688668847084045,0.8956379518890252,2.1833999999998355e-05,2.2496513282436078e-05,fast,LearningControllerState.STABLE,0.018307233204844953,0.08630940096264617,0.031154949291595457,1770136392.9001431
320,0.8730331063270569,0.8911169827766315,2.329199999984155e-05,2.2655610625917173e-05,robust,LearningControllerState.STABLE,-0.004520969112393636,0.12699018567294296,0.029522377071197425,1770136392.901092
321,0.9870843887329102,0.9103104639678873,2.195799999960002e-05,2.251608850065374e-05,fast,LearningControllerState.STABLE,0.019193481191255746,0.04202070131338509,0.012937569267089444,1770136392.902037
322,0.96634441614151,0.9215172544026119,2.2958000000627976e-05,2.260447080064859e-05,robust,LearningControllerState.STABLE,0.011206790434724612,0.03367854185849062,0.014014869407469988,1770136392.902978
323,0.9902097582817078,0.9352557551784311,2.1541000000624422e-05,2.2391776640643757e-05,robust,LearningControllerState.STABLE,0.013738500775819174,0.006685189960480287,0.00981178271829286,1770136392.9039202
324,0.9999315738677979,0.9481909189163045,2.175000000015359e-05,2.2263421312545723e-05,robust,LearningControllerState.STABLE,0.0129351637378734,0.00018418856411628326,9.017613220230203e-05,1770136392.904887
325,0.9996780157089233,0.9584883382748284,2.1625000000469186e-05,2.213573705013042e-05,robust,LearningControllerState.STABLE,0.010297419358523907,0.001455365009308096,0.00034360929107712934,1770136392.9058518
326,0.9991506338119507,0.9666207973822529,2.2082999999284425e-05,2.212518963996122e-05,robust,LearningControllerState.STABLE,0.00813245910742455,0.002554672077545561,0.0008714491880486008,1770136392.906799
327,0.9998161792755127,0.973259873760905,2.1832999999915614e-05,2.20667517119521e-05,robust,LearningControllerState.STABLE,0.00663907637865202,0.0006183427734374192,0.0002056537244872203,1770136392.907739
328,0.9942263960838318,0.9774531782254903,2.2040999999362043e-05,2.206160136943409e-05,robust,LearningControllerState.STABLE,0.0041933044645853235,0.011075864280702064,0.005795644916167575,1770136392.9135349
329,0.9978469014167786,0.9815319228637479,2.229100000050721e-05,2.2107481095648715e-05,robust,LearningControllerState.STABLE,0.0040787446382576364,0.0024256453937372413,0.0021753895832219428,1770136392.919193
330,0.9998088479042053,0.9851873078718395,2.1833999999998355e-05,2.2052784876518645e-05,fast,LearningControllerState.STABLE,0.003655385008091594,0.0006563401182244633,0.0002129860957946761,1770136392.9201438
331,0.9998507499694824,0.9881199962913682,2.329199999984155e-05,2.2300627901183227e-05,robust,LearningControllerState.STABLE,0.0029326884195286507,0.00017254203051741968,0.00011342071115194585,1770136392.9210858
332,0.9999070167541504,0.9904774003839247,2.175000000015359e-05,2.21905023209773e-05,fast,LearningControllerState.STABLE,0.002357404092556581,0.00020789939880216934,0.00011473324584976297,1770136392.9220312
333,0.9994945526123047,0.9922808308296007,2.3125000000234763e-05,2.2377401856828795e-05,robust,LearningControllerState.STABLE,0.0018034304456759909,0.0005285723876955473,9.300194586181476e-05,1770136392.922988
334,0.9998064041137695,0.9937859454864345,2.1583999998853187e-05,2.2218721485233675e-05,fast,LearningControllerState.STABLE,0.0015051146568337836,0.0034406579128418713,0.00021517988622932194,1770136392.9239628
335,0.9928215146064758,0.9935930593104427,2.316699999838079e-05,2.24083771878631e-05,robust,LearningControllerState.STABLE,-0.00019288617599177993,0.007201652393522551,0.0018812594984130016,1770136392.924923
336,0.9896401166915894,0.992802470786672,2.1458999999168782e-05,2.2218501750124237e-05,fast,LearningControllerState.STABLE,-0.0007905885237706745,0.018626736331940563,0.010381342308409813,1770136392.925863
337,0.9893700480461121,0.9921159862385601,2.3207999999996787e-05,2.241640140009875e-05,robust,LearningControllerState.STABLE,-0.0006864845481119319,0.010653159953887936,0.005649428931823408,1770136392.9268029
338,0.9991970062255859,0.9935321902359654,2.170800000023121e-05,2.2274721120125246e-05,fast,LearningControllerState.STABLE,0.0014162039974052743,0.000553606338499435,0.0008247017744142937,1770136392.9277408
339,0.9959847927093506,0.9940227107306425,2.3125000000234763e-05,2.244477689614715e-05,robust,LearningControllerState.STABLE,0.0004905204946771269,0.004038332290649649,0.0010300583803086738,1770136392.928679
340,0.9966753721237183,0.9945532430092577,2.1874999999837996e-05,2.2330821516885322e-05,fast,LearningControllerState.STABLE,0.0005305322786152145,0.013997982223328265,0.0033465028762815763,1770136392.929618
341,0.9944165945053101,0.9945259133084683,2.349999999928798e-05,2.2564657213365855e-05,robust,LearningControllerState.STABLE,-2.7329700789446854e-05,0.005606905494689229,0.0027017652244563095,1770136392.930582
342,0.9981894493103027,0.9952586205088352,2.2375000000351974e-05,2.252672577076308e-05,robust,LearningControllerState.STABLE,0.0007327072003668889,0.010571307800111285,0.0018329256896976176,1770136392.9361331
343,0.9912821650505066,0.9944633294171695,2.2582999999798403e-05,2.2537980616570145e-05,robust,LearningControllerState.STABLE,-0.0007952910916656508,0.011334329788207143,0.008740417949493207,1770136392.937288
344,0.9819328784942627,0.9919572392325882,2.216699999912919e-05,2.2463784493081954e-05,fast,LearningControllerState.STABLE,-0.0025060901845813666,0.033261993717193405,0.018089288505736434,1770136392.938269
345,0.9850881695747375,0.9905834253010181,2.329099999975881e-05,2.2629227594417325e-05,robust,LearningControllerState.STABLE,-0.0013738139315701003,0.01493512142526221,0.01174610137158183,1770136392.9392252
346,0.9722545146942139,0.9869176431796574,2.1541999998930805e-05,2.241178207532002e-05,robust,LearningControllerState.STABLE,-0.0036657821213607056,0.026423065868559803,0.027767027305785064,1770136392.940186
347,0.914768397808075,0.9724877941053409,2.1833999999998355e-05,2.229622566025569e-05,robust,LearningControllerState.STABLE,-0.014429849074316436,0.09197705121575872,0.08525343619192505,1770136392.9411478
348,0.9822811484336853,0.9744464649710098,2.175000000015359e-05,2.218698052823527e-05,fast,LearningControllerState.STABLE,0.001958670865668921,0.10116802883547926,0.01774060156631485,1770136392.942116
349,0.8484026789665222,0.9492377077701124,2.2958000000627976e-05,2.2341184422713813e-05,robust,LearningControllerState.STABLE,-0.025208757200897436,0.1516202790334784,0.1575975652998043,1770136392.943077
350,0.8216254115104675,0.9237152485181835,2.3750000000433147e-05,2.2622947538257683e-05,robust,LearningControllerState.STABLE,-0.025522459251928864,0.10479704605120865,0.1783983384895329,1770136392.94403
351,0.9399653077125549,0.926965260357058,2.1583999998853187e-05,2.2415158030376784e-05,robust,LearningControllerState.STABLE,0.0032500118388744115,0.15326425134622212,0.06005627628744392,1770136392.94506
352,0.9682556390762329,0.935223336100893,2.14580000008624e-05,2.222372642447391e-05,robust,LearningControllerState.STABLE,0.00825807574383508,0.0867876348880614,0.03176581892376795,1770136392.9459898
353,0.9380196332931519,0.9357825955393448,2.1583000000546804e-05,2.209558113968849e-05,robust,LearningControllerState.STABLE,0.000559259438451809,0.08076581862640353,0.06200194970684869,1770136392.946919
354,0.9762536883354187,0.9438768140985597,2.1542000000707162e-05,2.1984864911892224e-05,robust,LearningControllerState.STABLE,0.008094218559214883,0.021378569595153607,0.023767853664582006,1770136392.947867
355,0.9815576076507568,0.9514129728089993,2.1374999999324018e-05,2.1862891929378582e-05,robust,LearningControllerState.STABLE,0.0075361587104395555,0.020605802166350884,0.018463767349242488,1770136392.948802
356,0.9920617341995239,0.9595427250871043,2.14169999992464e-05,2.1773713543352147e-05,robust,LearningControllerState.STABLE,0.008129752278104974,0.033894191230775306,0.00795968280047532,1770136392.949745
357,0.9759083986282349,0.9628158597953305,2.1584000000629544e-05,2.1735770834807627e-05,robust,LearningControllerState.STABLE,0.0032731347082262108,0.00475979872494392,0.024113185371765766,1770136392.950698
358,0.9469233155250549,0.9596373509412754,2.116699999987759e-05,2.162201666782162e-05,robust,LearningControllerState.STABLE,-0.0031785088540550177,0.07683330737341265,0.053097851474944946,1770136392.952139
359,0.9801980257034302,0.9637494858937065,2.1042000000193184e-05,2.1506013334295935e-05,robust,LearningControllerState.STABLE,0.0041121349524310125,0.012345533470153214,0.019823016296570017,1770136392.953067
360,0.9882891774177551,0.9686574241985162,2.1249999999639613e-05,2.145481066736467e-05,robust,LearningControllerState.STABLE,0.004907938304809734,0.02778224842053234,0.011732072582244513,1770136392.954371
361,0.9968413710594177,0.9742942135706966,2.1084000000115566e-05,2.138064853391485e-05,robust,LearningControllerState.STABLE,0.005636789372180373,0.01603632549322498,0.003179712940582391,1770136392.955313
362,0.9864150881767273,0.9767183884919028,2.1124999999955207e-05,2.1329518827122922e-05,robust,LearningControllerState.STABLE,0.002424174921206279,0.025222593346008182,0.01360603682327266,1770136392.956245
363,0.9725372195243835,0.975882154698399,2.120899999979997e-05,2.1305415061658332e-05,robust,LearningControllerState.STABLE,-0.0008362337935038378,0.010694407600585265,0.027483989475616255,1770136392.9571788
364,0.9720738530158997,0.9751204943618992,2.1249999999639613e-05,2.1294332049254588e-05,robust,LearningControllerState.STABLE,-0.0007616603364998253,0.06659188791275028,0.02794739698409998,1770136392.958556
365,0.9924143552780151,0.9785792665451224,2.1542000000707162e-05,2.1343865639545103e-05,robust,LearningControllerState.STABLE,0.0034587721832232132,0.049984005855378655,0.0076071867219855704,1770136392.959496
366,0.9285697937011719,0.9685773719763324,2.1542000000707162e-05,2.1383492511777514e-05,robust,LearningControllerState.STABLE,-0.01000189456878997,0.046158360172272594,0.07145174829882883,1770136392.9604359
367,0.956035852432251,0.9660690680675161,2.2582999999798403e-05,2.1623394009381693e-05,fast,LearningControllerState.STABLE,-0.0025083039088162895,0.13355227264440828,0.04398673056774882,1770136392.9615
368,0.9132550954818726,0.9555062735503874,2.408299999956398e-05,2.211531520741815e-05,robust,LearningControllerState.STABLE,-0.010562794517128715,0.086768987518127,0.034328860184082544,1770136392.962521
369,0.974265456199646,0.9592581100802392,2.1583000000546804e-05,2.2008852166043883e-05,robust,LearningControllerState.STABLE,0.003751836529851782,0.05886344081079109,0.02575612680035455,1770136392.9634821
370,0.9632899165153503,0.9600644713672615,2.170900000031395e-05,2.1948881732897898e-05,robust,LearningControllerState.STABLE,0.0008063612870222725,0.014879576687043539,0.03673179248464997,1770136392.964437
371,0.9349916577339172,0.9550499086405927,2.1499999999008423e-05,2.1859105386120005e-05,robust,LearningControllerState.STABLE,-0.005014562726668781,0.06399305661010857,0.06502984226608177,1770136392.965376
372,0.9601674675941467,0.9560734204313036,2.1332999999401636e-05,2.1753884308776335e-05,robust,LearningControllerState.STABLE,0.0010235117907109181,0.09290032260513392,0.03985386540585267,1770136392.966298
373,0.8436451554298401,0.933587767431011,2.1333000001177993e-05,2.1669707447256665e-05,fast,LearningControllerState.STABLE,-0.022485653000292594,0.08267507460785062,0.1563761775701611,1770136392.967214
374,0.9777818322181702,0.942426580388443,2.270799999948281e-05,2.1877365957701894e-05,robust,LearningControllerState.STABLE,0.00883881295743194,0.022240875781829317,0.025827294978729043,1770136392.9681358
375,0.9812809824943542,0.9501974608096252,2.1249999999639613e-05,2.1751892766089438e-05,robust,LearningControllerState.STABLE,0.007770880421182236,0.19803387368756198,0.01874026750564539,1770136392.9690602
376,0.9476900100708008,0.9496959706618604,2.1249999999639613e-05,2.1651514212799473e-05,robust,LearningControllerState.STABLE,-0.0005014901477647937,0.03731611295700077,0.05233123992919886,1770136392.969976
377,0.9140996932983398,0.9425767151891563,2.091700000050878e-05,2.1504611370341335e-05,fast,LearningControllerState.STABLE,-0.007119255472704089,0.057148360389891906,0.08592122370166067,1770136392.970897
378,0.8612301349639893,0.926307399144123,2.304100000039e-05,2.181188909635107e-05,fast,LearningControllerState.STABLE,-0.016269316045033344,0.13879290603601113,0.04240495701617597,1770136392.971825
379,0.8376690745353699,0.9085797342223724,2.2709000001341906e-05,2.1991311277349237e-05,fast,LearningControllerState.STABLE,-0.017727664921750597,0.16235363446463147,0.1748454692188428,1770136392.972749
380,0.8917361497879028,0.9052110173354785,2.2666999999643167e-05,2.212644902180802e-05,robust,LearningControllerState.STABLE,-0.0033687168868938855,0.10828651721209681,0.2318394911577144,1770136392.9736772
381,0.9105390310287476,0.9062766200741323,2.1249999999639613e-05,2.1951159217374342e-05,fast,LearningControllerState.STABLE,0.0010656027386538591,0.0707171137962348,0.08948221897125208,1770136392.974594
382,0.7441446185112,0.8738502197615459,2.2665999999560427e-05,2.209412737381156e-05,fast,LearningControllerState.STABLE,-0.03242640031258648,0.2558780474887996,0.0733096067043455,1770136392.975518
383,0.8918414115905762,0.8774484581273521,2.2416000000191616e-05,2.2158501899087575e-05,fast,LearningControllerState.STABLE,0.0035982383658061945,0.10818100440942402,0.16423456735592623,1770136392.9764302
384,0.8785543441772461,0.877669635337331,2.5416999999805512e-05,2.2810201519231163e-05,fast,LearningControllerState.STABLE,0.00022117720997893997,0.12147107282275371,0.06887176580792165,1770136392.980296
385,0.9806821942329407,0.898272147116453,2.324999999991917e-05,2.2898161215368763e-05,robust,LearningControllerState.STABLE,0.02060251177912198,0.019341055767059245,0.0292747021675126,1770136392.9812832
386,0.954954981803894,0.9096087140539413,2.19999999995224e-05,2.2718528972199493e-05,robust,LearningControllerState.STABLE,0.011336566937488302,0.040284547336762344,0.04506701819610548,1770136392.982244
387,0.9806448817253113,0.9238159475882153,2.220899999905157e-05,2.261662317756991e-05,robust,LearningControllerState.STABLE,0.014207233534274,0.036764149085998454,0.019377327274687772,1770136392.983231
388,0.9858912825584412,0.9362310145822605,2.229200000058995e-05,2.255169854217392e-05,fast,LearningControllerState.STABLE,0.012415066994045265,0.0411839107053833,0.014131009441559428,1770136392.98419
389,0.9129380583763123,0.9315724233410709,2.349999999928798e-05,2.2741358833596732e-05,fast,LearningControllerState.STABLE,-0.0046585912411896135,0.08708544162368703,0.028061771041686612,1770136392.9851499
390,0.9072025418281555,0.9266984470384879,2.3333999999763932e-05,2.2859887066830173e-05,robust,LearningControllerState.STABLE,-0.004873976302583016,0.09282079217184425,0.023434162235259848,1770136392.986102
391,0.9264608025550842,0.9266509181418072,2.225000000066757e-05,2.2737909653597655e-05,fast,LearningControllerState.STABLE,-4.7528896680693045e-05,0.03257904972057979,0.07356144744491644,1770136392.987056
392,0.9702500104904175,0.9353707366115294,2.3166000000074405e-05,2.2823527722893008e-05,robust,LearningControllerState.STABLE,0.00871981846972214,0.029773155509582594,0.02256349379367073,1770136392.9880052
393,0.9971608519554138,0.9477287596803062,2.1667000000391567e-05,2.2592222178392722e-05,robust,LearningControllerState.STABLE,0.012358023068776869,0.0025893911668699587,0.002860815044586573,1770136392.988947
394,0.9985856413841248,0.95790013602107,2.1625000000469186e-05,2.2398777742808017e-05,robust,LearningControllerState.STABLE,0.010171376340763816,0.005245659579864892,0.0014359836158757133,1770136392.989907
395,0.9989793300628662,0.9661159748294293,2.175000000015359e-05,2.226902219427713e-05,robust,LearningControllerState.STABLE,0.0082158388083593,0.001172062900177906,0.0010424199371339427,1770136392.99086
396,0.9992697834968567,0.9727467365629149,2.195899999968276e-05,2.2207017755358255e-05,robust,LearningControllerState.STABLE,0.006630761733485535,0.0015935225526728658,0.0007521755031429933,1770136392.991804
397,0.9986461400985718,0.9779266172700464,2.195799999960002e-05,2.215721420420661e-05,fast,LearningControllerState.STABLE,0.00517988070713149,0.0016475723840638778,0.0013758179014278227,1770136392.9927459
398,0.9995282292366028,0.9822469396633577,2.3458999999448338e-05,2.2417571363254956e-05,robust,LearningControllerState.STABLE,0.004320322393311371,0.0004952297633966651,0.00015180733490005593,1770136392.993694
399,0.9998632669448853,0.9857702051196633,2.2082999999284425e-05,2.235065709046085e-05,fast,LearningControllerState.STABLE,0.0035232654563055466,0.000480971439362321,0.00015881605511403052,1770136392.994671
400,0.9976235032081604,0.9881408647373627,2.3166000000074405e-05,2.2513725672383562e-05,fast,LearningControllerState.STABLE,0.0023706596176994443,0.002399662791839674,0.0005800491029663846,1770136392.99568
401,0.999829113483429,0.9904785144865761,2.3332999999681192e-05,2.267758053784309e-05,robust,LearningControllerState.STABLE,0.0023376497492133552,0.00019421951657072611,0.00018168686657737965,1770136392.996618
402,0.9969805479049683,0.9917789211702546,2.1083000000032825e-05,2.2358664430281036e-05,fast,LearningControllerState.STABLE,0.001300406683678479,0.012798832816894645,0.003040535095031771,1770136392.997555
403,0.9979585409164429,0.9930148451194922,2.2624999999720785e-05,2.2411931544168988e-05,robust,LearningControllerState.STABLE,0.0012359239492376606,0.0020640840835568497,0.0018382555959775004,1770136392.998474
404,0.9999097585678101,0.9943938278091559,2.0834000000746755e-05,2.209634523548454e-05,fast,LearningControllerState.STABLE,0.0013789826896636326,0.0008758667224739725,0.00011107543219068816,1770136392.999392
405,0.9991999268531799,0.9953550476179607,2.295799999885162e-05,2.2268676188157958e-05,robust,LearningControllerState.STABLE,0.0009612198088048141,0.00082303114681892,7.062025051851606e-05,1770136393.000313
406,0.9998220801353455,0.9962484541214376,2.1374999999324018e-05,2.208994095039117e-05,fast,LearningControllerState.STABLE,0.0008934065034769123,0.00031994578207417135,0.00019929486465386503,1770136393.00123
407,0.9996824264526367,0.9969352485876775,2.279200000110393e-05,2.2230352760533724e-05,robust,LearningControllerState.STABLE,0.0006867944662398706,0.0003403655473643852,7.648011035144009e-05,1770136393.002156
408,0.9999718070030212,0.9975425602707463,2.1874999999837996e-05,2.215928220839458e-05,fast,LearningControllerState.STABLE,0.000607311683068823,0.00028235285586575287,5.006799697859776e-05,1770136393.003099
409,0.9996086359024048,0.997955775397078,2.2333000000429593e-05,2.2194025766801583e-05,robust,LearningControllerState.STABLE,0.0004132151263317452,0.00041369709759564444,0.0030319940261840372,1770136393.0040221
410,0.796556830406189,0.9576759863989002,2.1084000000115566e-05,2.197202061346438e-05,fast,LearningControllerState.STABLE,-0.04027978899817786,0.06828046989459224,0.20346425359381115,1770136393.004948
411,0.8609318733215332,0.9383271637834268,2.2333000000429593e-05,2.2044216490857424e-05,robust,LearningControllerState.STABLE,-0.019348822615473327,0.13909045967846723,0.07857210758227673,1770136393.005861
412,0.886227011680603,0.9279071333628621,2.1333999999484377e-05,2.1902173192582818e-05,robust,LearningControllerState.STABLE,-0.010420030420564719,0.23086919147110052,0.11379432231939646,1770136393.006779
413,0.9574111700057983,0.9338079406914495,2.1917000001536735e-05,2.1905138554373603e-05,fast,LearningControllerState.STABLE,0.005900807328587332,0.10529634643972763,0.0426107469942032,1770136393.012439
414,0.9442715644836426,0.9359006654498881,2.3458999999448338e-05,2.221591084338855e-05,fast,LearningControllerState.STABLE,0.002092724758438691,0.05575189451635687,0.01423408950024374,1770136393.013393
415,0.9771053791046143,0.9441416081808334,2.2832999999167214e-05,2.2339328674544284e-05,fast,LearningControllerState.STABLE,0.008240942730945222,0.02291745389538491,0.05521394013195824,1770136393.0143292
416,0.8786447644233704,0.9310422394293408,2.3041999998696383e-05,2.2479862939374705e-05,fast,LearningControllerState.STABLE,-0.013099368751492535,0.12137827757662834,0.09041075170898516,1770136393.015263
417,0.9166728854179382,0.9281683686270604,2.2875000000865953e-05,2.2558890351672956e-05,robust,LearningControllerState.STABLE,-0.0028738708022804094,0.08334998958206263,0.06851661917150942,1770136393.016206
418,0.9526343941688538,0.9330615737354191,2.1792000000075973e-05,2.240551228135356e-05,fast,LearningControllerState.STABLE,0.004893205108358667,0.09258593126678427,0.047387397831146316,1770136393.0171452
419,0.9596900939941406,0.9383872777871635,2.3332999999681192e-05,2.259100982501909e-05,fast,LearningControllerState.STABLE,0.005325704051744373,0.040333239005859056,0.07410473822384667,1770136393.0180988
420,0.9471004605293274,0.9401299143355963,2.354199999921036e-05,2.2781207859857345e-05,robust,LearningControllerState.STABLE,0.0017426365484328743,0.05292308147067182,0.020526343616669607,1770136393.019062
421,0.9838320016860962,0.9488703318056964,2.1874999999837996e-05,2.259996628785348e-05,robust,LearningControllerState.STABLE,0.008740417470100015,0.022899959083375165,0.016189873313903647,1770136393.0200078
422,0.9888535737991333,0.9568669802043838,2.200000000129876e-05,2.2479973030542535e-05,robust,LearningControllerState.STABLE,0.007996648398687412,0.06554442144393846,0.011168426200867998,1770136393.020982
423,0.9712883234024048,0.9597512488439881,2.1916000001453995e-05,2.236717842472483e-05,robust,LearningControllerState.STABLE,0.002884268639604337,0.03527984503573656,0.02873359259759667,1770136393.021945
424,0.977697491645813,0.9633404974043531,2.170800000023121e-05,2.2235342739826103e-05,robust,LearningControllerState.STABLE,0.0035892485603650215,0.034323756114959636,0.022324216354187243,1770136393.022898
425,0.9961304068565369,0.9698984792947899,2.1874999999837996e-05,2.2163274191828484e-05,robust,LearningControllerState.STABLE,0.00655798189043677,0.003562901016053388,0.0038914681434629728,1770136393.023874
426,0.9998824000358582,0.9758952634430036,2.216699999912919e-05,2.2164019353288625e-05,robust,LearningControllerState.STABLE,0.005996784148213696,0.0003630196380619566,0.0001397669641409749,1770136393.029398
427,0.9991756677627563,0.9805513443069542,2.19999999995224e-05,2.213121548253538e-05,fast,LearningControllerState.STABLE,0.00465608086395064,0.0009521217609567145,0.0008463322372431747,1770136393.030358
428,0.9920755624771118,0.9828561879409858,2.3207999999996787e-05,2.2346572386027667e-05,robust,LearningControllerState.STABLE,0.002304843634031606,0.00794764552288818,0.001794505554199688,1770136393.031306
429,0.9913603663444519,0.9845570236216791,3.433300000033057e-05,2.474385790888825e-05,fast,LearningControllerState.STABLE,0.0017008356806932357,0.04074534528732343,0.008673966655548426,1770136393.036733
430,0.9604834318161011,0.9797423052605635,2.3207999999996787e-05,2.443668632710996e-05,fast,LearningControllerState.STABLE,-0.0048147183611155775,0.03953977618389892,0.012560928516753833,1770136393.0377002
431,0.9855486750602722,0.9809035792205053,2.3167000000157145e-05,2.41827490617194e-05,robust,LearningControllerState.STABLE,0.001161273959941811,0.01447449193972794,0.011173981246765052,1770136393.038661
432,0.9918359518051147,0.9830900537374272,2.225000000066757e-05,2.3796199249509037e-05,fast,LearningControllerState.STABLE,0.002186474516921888,0.023976074154083094,0.008186298194885921,1770136393.04393
433,0.9754003882408142,0.9815521206381046,2.4500000000315936e-05,2.3936959399670415e-05,fast,LearningControllerState.STABLE,-0.001537933099322597,0.024624111759186107,0.01829948945999149,1770136393.0449522
434,0.9814600944519043,0.9815337154008645,2.3083999998618765e-05,2.3766367519460085e-05,robust,LearningControllerState.STABLE,-1.8405237240060046e-05,0.018562989548094322,0.01424912870788475,1770136393.049877
435,0.976815402507782,0.9805900528222481,2.145900000094514e-05,2.3304894015757098e-05,robust,LearningControllerState.STABLE,-0.0009436625786164443,0.04324755576324435,0.023206056492218963,1770136393.050853
436,0.9803125858306885,0.9805345594239363,2.1499999999008423e-05,2.2943915212407366e-05,fast,LearningControllerState.STABLE,-5.549339831179001e-05,0.0651787563665458,0.019708914169310532,1770136393.0518029
437,0.9941932559013367,0.9832662987194164,2.283400000102631e-05,2.2921932170131154e-05,robust,LearningControllerState.STABLE,0.0027317392954800956,0.005829578098664356,0.01428271654147295,1770136393.052716
438,0.9853159189224243,0.983676222760018,2.1374999999324018e-05,2.2612545735969727e-05,robust,LearningControllerState.STABLE,0.0004099240406015836,0.006120680393037148,0.014705456077575008,1770136393.053628
439,0.9995774626731873,0.9868564707426519,2.116699999987759e-05,2.23234365887513e-05,robust,LearningControllerState.STABLE,0.0031802479826339436,0.003551744831085557,0.00044370432681262173,1770136393.0586472
440,0.9840700030326843,0.9862991772006584,2.14169999992464e-05,2.2142149270850318e-05,robust,LearningControllerState.STABLE,-0.0005572935419935199,0.01471137384451282,0.01595141396731492,1770136393.0595698
441,0.9979334473609924,0.9886260312327253,2.2665999999560427e-05,2.2246919416592343e-05,robust,LearningControllerState.STABLE,0.002326854032066894,0.00648965560949577,0.002089218639007129,1770136393.0645409
442,0.9965680241584778,0.9902144298178759,2.2208000000745187e-05,2.2239135533422913e-05,robust,LearningControllerState.STABLE,0.0015883985851505855,0.010975793640319864,0.003454183841522962,1770136393.065519
443,0.9999428391456604,0.9921601116834329,2.2041999999444783e-05,2.219970842662729e-05,robust,LearningControllerState.STABLE,0.0019456818655569919,0.0001952337955319905,7.920285433904439e-05,1770136393.066475
444,0.9973260164260864,0.9931932926319637,2.2416000000191616e-05,2.2242966741340156e-05,robust,LearningControllerState.STABLE,0.0010331809485307764,0.008318344413391188,0.002696399573913766,1770136393.067443
445,0.9994463920593262,0.9944439125174361,2.1958000001376377e-05,2.2185973393347403e-05,robust,LearningControllerState.STABLE,0.0012506198854724815,0.001850071525208108,0.0005755659406752045,1770136393.0683908
446,0.9998707175254822,0.9955292735190454,2.204200000122114e-05,2.2157178714922152e-05,fast,LearningControllerState.STABLE,0.0010853610016092752,0.0001334879417420609,0.0001513244745190434,1770136393.069335
447,0.9804717302322388,0.9925177648616841,2.349999999928798e-05,2.242574297179532e-05,robust,LearningControllerState.STABLE,-0.003011508657361328,0.01955176976776052,0.004353934791565095,1770136393.070278
448,0.9985647201538086,0.9937271559201091,3.587500000001853e-05,2.5115594377439966e-05,fast,LearningControllerState.STABLE,0.0012093910584249912,0.021359024829864737,0.0014711548461914248,1770136393.071255
449,0.9995164275169373,0.9948850102394747,2.3125000000234763e-05,2.4717475501998928e-05,robust,LearningControllerState.STABLE,0.0011578543193656587,0.0005066974830629789,0.001260989937010848,1770136393.072202
450,0.9997726082801819,0.9958625298476163,2.195899999968276e-05,2.4165780401535694e-05,robust,LearningControllerState.STABLE,0.0009775196081415194,0.0005231237371532416,0.000249350719817798,1770136393.0731452
451,0.9998606443405151,0.9966621527461961,4.579199999987793e-05,2.8491024321204144e-05,robust,LearningControllerState.STABLE,0.0007996228985798215,0.00038499058914176487,0.0001851476594847412,1770136393.074116
452,0.9951463937759399,0.9963590009521448,2.195899999968276e-05,2.7184619456899867e-05,fast,LearningControllerState.STABLE,-0.0003031517940512707,0.005417803352173678,0.004875565224059741,1770136393.075107
453,0.9995615482330322,0.9969995104083224,2.304100000039e-05,2.6355895565597895e-05,robust,LearningControllerState.STABLE,0.0006405094561775515,0.00046149276696816344,0.0008338690757749845,1770136393.076055
454,0.9999336004257202,0.997586328411802,2.225000000066757e-05,2.5534716452611834e-05,robust,LearningControllerState.STABLE,0.0005868180034795945,0.00011564106005756969,8.864957428045273e-05,1770136393.081651
455,0.999906063079834,0.9980502753454084,2.2082999999284425e-05,2.4844373161946355e-05,robust,LearningControllerState.STABLE,0.00046394693360640726,0.00014067068518031078,0.00011601992016530005,1770136393.082672
456,0.9938715696334839,0.9972145342030235,2.195799999960002e-05,2.4267098529477088e-05,robust,LearningControllerState.STABLE,-0.0008357411423848271,0.005533585990905365,0.006150388366515713,1770136393.0836349
457,0.9963762164115906,0.9970468706447371,2.175000000015359e-05,2.376367882361239e-05,robust,LearningControllerState.STABLE,-0.00016766355828645718,0.01895283913421686,0.0036455335884095774,1770136393.084584
458,0.9853777885437012,0.9947130542245299,2.1625000000469186e-05,2.333594305898375e-05,robust,LearningControllerState.STABLE,-0.0023338164202071354,0.013262389720733125,0.014643836456299297,1770136393.085531
459,0.9880419969558716,0.9933788427707984,2.1374999999324018e-05,2.294375444705181e-05,robust,LearningControllerState.STABLE,-0.001334211453731582,0.012635355880918908,0.011979378044127742,1770136393.086455
460,0.9593028426170349,0.9865636427400457,2.1042000000193184e-05,2.2563403557680085e-05,robust,LearningControllerState.STABLE,-0.006815200030752644,0.11609970630664002,0.04071819938296528,1770136393.0874162
461,0.9408527612686157,0.9774214664457598,2.1249999999639613e-05,2.230072284607199e-05,robust,LearningControllerState.STABLE,-0.00914217629428593,0.09370911586724695,0.05916848873138392,1770136393.08835
462,0.9178418517112732,0.9655055434988624,2.145799999908604e-05,2.2132178276674802e-05,fast,LearningControllerState.STABLE,-0.011915922946897362,0.21617657388287448,0.08217960628872589,1770136393.089279
463,0.9598628878593445,0.9643770123709589,2.2416999998498e-05,2.2189142621039443e-05,fast,LearningControllerState.STABLE,-0.0011285311279035648,0.040159529140654016,0.020116640358155635,1770136393.090223
464,0.9046958684921265,0.9524407835951924,2.274999999940519e-05,2.2301314096712593e-05,fast,LearningControllerState.STABLE,-0.0119362287757665,0.09532688150787294,0.08492940118008363,1770136393.091192
465,0.9197203516960144,0.9458966972153569,2.274999999940519e-05,2.2391051277251115e-05,robust,LearningControllerState.STABLE,-0.006544086379835501,0.080302398303985,0.2221890995407101,1770136393.0921159
466,0.9539864659309387,0.9475146509584733,2.1291999999561995e-05,2.217124102171329e-05,fast,LearningControllerState.STABLE,0.0016179537431164626,0.048563723216828336,0.04603482606906084,1770136393.093042
467,0.8874315023422241,0.9354980212352235,2.274999999940519e-05,2.2286992817251672e-05,robust,LearningControllerState.STABLE,-0.012016629723249794,0.11259124765777528,0.04366678997421225,1770136393.093993
468,0.9675722122192383,0.9419128594320265,2.14580000008624e-05,2.2121194253973818e-05,fast,LearningControllerState.STABLE,0.006414838196802997,0.21745654116439717,0.03244924578076258,1770136393.094947
469,0.9169920086860657,0.9369286892828343,2.3125000000234763e-05,2.2321955403226007e-05,fast,LearningControllerState.STABLE,-0.004984170149192169,0.08303111631393456,0.032610102344879266,1770136393.095864
470,0.919087290763855,0.9333604095790384,2.2583999999881144e-05,2.2374364322557036e-05,robust,LearningControllerState.STABLE,-0.003568279703795918,0.0809352932361449,0.016303158580779353,1770136393.096778
471,0.9602252840995789,0.9387333844831466,2.129200000133835e-05,2.21578914583133e-05,robust,LearningControllerState.STABLE,0.005372974904108152,0.01522854474258395,0.03979600790042248,1770136393.097694
472,0.980396032333374,0.9470659140531921,2.1124999999955207e-05,2.1951313166641684e-05,robust,LearningControllerState.STABLE,0.008332529570045488,0.03344607216244455,0.019625092666625932,1770136393.0986528
473,0.9953266978263855,0.9567180708078309,2.1332999999401636e-05,2.1827650533193675e-05,robust,LearningControllerState.STABLE,0.009652156754638819,0.0028113885151057616,0.004694635173613904,1770136393.0995672
474,0.9993690252304077,0.9652482616923463,2.1333999999484377e-05,2.1728920426451818e-05,fast,LearningControllerState.STABLE,0.008530190884515454,0.001443683731444878,0.0006523087695917695,1770136393.100492
475,0.9996804594993591,0.9721347012537489,2.254199999995876e-05,2.1891536341153206e-05,robust,LearningControllerState.STABLE,0.0068864395614025575,0.0003420825006408279,8.591524887080482e-05,1770136393.1014059
476,0.9915246963500977,0.9760127002730188,2.1124999999955207e-05,2.173822907291361e-05,fast,LearningControllerState.STABLE,0.0038779990192698843,0.013135218036651963,0.008496428649902299,1770136393.1023412
477,0.9994292259216309,0.9806960054027413,2.2666000001336783e-05,2.1923783258598246e-05,robust,LearningControllerState.STABLE,0.0046833051297224815,0.0005934400783704774,0.00016703114718730205,1770136393.103269
478,0.9997847080230713,0.9845137459268074,2.091700000050878e-05,2.1722426606980356e-05,robust,LearningControllerState.STABLE,0.0038177405240661377,0.00022760993157966425,0.00023620897692921972,1770136393.10466
479,0.9996365308761597,0.9875383029166779,2.116699999987759e-05,2.1611341285559804e-05,robust,LearningControllerState.STABLE,0.003024556989870475,0.0008058722648609518,0.0003846361238402096,1770136393.1055691
480,0.9996451735496521,0.9899596770432727,2.129200000133835e-05,2.1547473028715517e-05,robust,LearningControllerState.STABLE,0.002421374126594822,0.0002320686985175513,0.00037611845034923874,1770136393.106508
481,0.9998069405555725,0.9919291297457328,2.1666000000308827e-05,2.157117842303418e-05,robust,LearningControllerState.STABLE,0.0019694527024600728,0.00036622261428931324,0.00021472544442779906,1770136393.107423
482,0.994992733001709,0.992541850396928,2.670900000012466e-05,2.2598742738452277e-05,robust,LearningControllerState.STABLE,0.0006127206511952199,0.004125647537048138,0.00503397599829114,1770136393.110349
483,0.9974390864372253,0.9935212976049874,2.141599999916366e-05,2.2362194190594554e-05,robust,LearningControllerState.STABLE,0.0009794472080594252,0.011454134658629656,0.002582329562773822,1770136393.113413
484,0.9987943172454834,0.9945759015330866,2.1332999999401636e-05,2.2156355352355972e-05,robust,LearningControllerState.STABLE,0.001054603928099196,0.00412336495590182,0.0012270157545160032,1770136393.11433
485,0.9940613508224487,0.9944729913909591,2.1374999999324018e-05,2.200008428174958e-05,robust,LearningControllerState.STABLE,-0.00010291014212748806,0.016420297614867962,0.0059600241775505935,1770136393.115276
486,0.9984598159790039,0.9952703563085681,2.120799999971723e-05,2.184166742534311e-05,robust,LearningControllerState.STABLE,0.0007973649176089559,0.00211588654309125,0.001561392020995811,1770136393.1161861
487,0.9907025694847107,0.9943567989437967,2.1542000000707162e-05,2.1781733940415923e-05,robust,LearningControllerState.STABLE,-0.000913557364771389,0.012926828384582478,0.009318972515290014,1770136393.1171021
488,0.9852830171585083,0.9925420425867391,2.3624999998972385e-05,2.2150387152127214e-05,robust,LearningControllerState.STABLE,-0.0018147563570576342,0.01808628241311716,0.014740607841490672,1770136393.120281
489,0.9918614625930786,0.9924059265880071,2.1249999999639613e-05,2.1970309721629696e-05,robust,LearningControllerState.STABLE,-0.00013611599873197822,0.0068474702453613645,0.008159787406921026,1770136393.121213
490,0.964796245098114,0.9868839902900285,2.095900000043116e-05,2.1768047777389987e-05,fast,LearningControllerState.STABLE,-0.005521936297978591,0.129821914020539,0.03522471390188642,1770136393.1242151
491,0.9655710458755493,0.9826214014071327,2.2583999999881144e-05,2.193123822188822e-05,robust,LearningControllerState.STABLE,-0.004262588882895768,0.034451538124450565,0.014360243347168122,1770136393.127265
492,0.9838553071022034,0.9828681825461468,2.1667000000391567e-05,2.1878390577588893e-05,fast,LearningControllerState.STABLE,0.00024678113901410725,0.026451109005158457,0.016166359897797022,1770136393.128266
493,0.9909117221832275,0.984476890473563,2.2833999999249954e-05,2.206951246192111e-05,robust,LearningControllerState.STABLE,0.0016087079274161864,0.009111111816771711,0.0006590546758733495,1770136393.1292071
494,0.9839699864387512,0.9843755096666007,2.120899999979997e-05,2.1897409969496882e-05,fast,LearningControllerState.STABLE,-0.00010138080696231455,0.04401720691335953,0.01605122256124858,1770136393.130155
495,0.987790584564209,0.9850585246461223,2.279200000110393e-05,2.2076327975818294e-05,robust,LearningControllerState.STABLE,0.0006830149795216123,0.01223220743579212,0.009307194423492149,1770136393.131118
496,0.9853551983833313,0.9851178593935642,2.125000000141597e-05,2.1911062380937832e-05,fast,LearningControllerState.STABLE,5.933474744190814e-05,0.02659474485015778,0.014666051616670117,1770136393.1320488
497,0.9918578267097473,0.9864658528568009,2.2750000001181547e-05,2.2078849904986576e-05,robust,LearningControllerState.STABLE,0.001347993463236663,0.008164923290253867,0.014765210117706928,1770136393.133
498,0.9903863668441772,0.9872499556542762,2.1417000001022757e-05,2.1946479924193813e-05,fast,LearningControllerState.STABLE,0.0007841027974753167,0.022712073894135543,0.009635050155823777,1770136393.1339362
499,0.9774889945983887,0.9852977634430988,2.2916999999011978e-05,2.2140583939157446e-05,robust,LearningControllerState.STABLE,-0.0019521922111773726,0.02253392240161034,0.009362780696685391,1770136393.134872
