step,reliability,smoothed_reliability,latency,smoothed_latency,active_model,controller_state,deriv,fast_J,robust_J,timestamp
0,0.998573899269104,0.998573899269104,5.345800000000622e-05,5.345800000000622e-05,fast,StabilityState.STABLE,0.0,0.0014795587308960023,0.0007570717353821976,1770136391.740055
1,0.9998787641525269,0.9988348722457886,2.3624999999860563e-05,4.7491399999977094e-05,fast,StabilityState.STABLE,0.0002609729766845925,0.0001448608474730051,0.00032240864218113785,1770136391.74095
2,0.9963921904563904,0.998346335887909,2.3125000000234763e-05,4.2618120000028636e-05,fast,StabilityState.STABLE,-0.0004885363578795987,0.003630934543609854,0.005195021724700766,1770136391.7418802
3,0.994127631187439,0.9975025949478151,2.3124999999346585e-05,3.871949599989223e-05,fast,StabilityState.STABLE,-0.0008437409400938733,0.005895493812560382,0.002171147304534493,1770136391.742831
4,0.986602783203125,0.9953226325988771,2.2708000000370987e-05,3.551719679998798e-05,fast,StabilityState.STABLE,-0.002179962348938025,0.013419924796875371,0.009938741844177201,1770136391.743773
5,0.9808870553970337,0.9924355171585085,2.5749999999824524e-05,3.356375743995529e-05,fast,StabilityState.STABLE,-0.0028871154403685706,0.019138694602966133,0.023479300090972544,1770136391.744792
6,0.7752459645271301,0.948997606632233,2.3374999999603574e-05,3.152600595188495e-05,robust,StabilityState.DEGRADED,-0.04343791052627555,0.22477741047286948,0.058171849117462315,1770136391.746211
7,0.9186657071113586,0.9429312267280582,2.1790999999993232e-05,2.9579004761506608e-05,robust,StabilityState.DEGRADED,-0.006066379904174801,0.053297750709533354,0.08135608388864135,1770136391.747157
8,0.9276903867721558,0.9398830587368777,2.1583000000546804e-05,2.797980380931465e-05,robust,StabilityState.DEGRADED,-0.0030481679911804616,0.08607047759283493,0.07233119622784479,1770136391.7480829
9,0.9064337015151978,0.9331931872925419,2.1332999999401636e-05,2.6650443047332048e-05,robust,StabilityState.DEGRADED,-0.00668987144433586,0.250156400985718,0.09358763148480165,1770136391.749048
10,0.9133262038230896,0.9292197905986515,2.1916999999760378e-05,2.5703754437817714e-05,robust,StabilityState.DEGRADED,-0.0039733966938904075,0.2632648697204587,0.08669571317691016,1770136391.74998
11,0.8831891417503357,0.9200136608289884,2.2834000000138133e-05,2.5129803550281798e-05,robust,StabilityState.DEGRADED,-0.009206129769663063,0.2994427838668825,0.11683369224966444,1770136391.750928
12,0.9229682683944702,0.9206045823420848,2.170800000023121e-05,2.4445442840271683e-05,robust,StabilityState.DEGRADED,0.0005909215130963652,0.09054116350918573,0.07705343960553002,1770136391.751894
13,0.9011849761009216,0.9167206610938522,2.2040999999362043e-05,2.3964554272089756e-05,robust,StabilityState.DEGRADED,-0.003883921248232558,0.19056428476715137,0.09883706489907773,1770136391.753251
14,0.9017255902290344,0.9137216469208886,2.2125000000094985e-05,2.3596643417690803e-05,robust,StabilityState.DEGRADED,-0.0029990141729635544,0.022521631030853584,0.09829653477096567,1770136391.754197
15,0.937624454498291,0.9185022084363691,2.1917000000648557e-05,2.3260714734282353e-05,robust,StabilityState.DEGRADED,0.004780561515480453,0.033106790710449197,0.06239746250170963,1770136391.755144
16,0.9119235277175903,0.9171864722926134,2.2084000000255344e-05,2.3025371787476955e-05,robust,StabilityState.DEGRADED,-0.0013157361437556858,0.17646407341766412,0.08809855628240992,1770136391.756086
17,0.9494569897651672,0.9236405757871242,2.170900000031395e-05,2.2762097430044355e-05,robust,StabilityState.DEGRADED,0.00645410349451081,0.04231651816540527,0.05056471923483308,1770136391.757025
18,0.8884323835372925,0.9165989373371579,2.1666000000308827e-05,2.2542877944097252e-05,robust,StabilityState.DEGRADED,-0.007041638449966303,0.20669479778271516,0.11158928246270783,1770136391.757966
19,0.8498737812042236,0.9032539061105711,2.200000000041058e-05,2.243430235535992e-05,robust,StabilityState.DEGRADED,-0.013345031226586812,0.10445569627380369,0.15014821879577678,1770136391.7588968
20,0.8708730340003967,0.8967777316885363,2.2125000000094985e-05,2.2372441884306932e-05,robust,StabilityState.DEGRADED,-0.006476174422034853,0.06293270928173822,0.12914909099960337,1770136391.7598631
21,0.9468123912811279,0.9067846636070547,2.2332999999541414e-05,2.2364553507353827e-05,robust,StabilityState.DEGRADED,0.010006931918518425,0.11002049330538899,0.05320994171887161,1770136391.760816
22,0.8770694732666016,0.9008416255389642,2.275000000029337e-05,2.2441642805941736e-05,robust,StabilityState.DEGRADED,-0.005943038068090489,0.17408151262664795,0.12295327673339873,1770136391.76218
23,0.9610154032707214,0.9128763810853157,2.279100000013301e-05,2.2511514244779994e-05,robust,StabilityState.DEGRADED,0.012034755546351472,0.05418549742871104,0.0390073877292787,1770136391.763794
24,0.8823955059051514,0.9067802060492829,2.1874999999837996e-05,2.2384211395791596e-05,robust,StabilityState.DEGRADED,-0.006096175036032769,0.04931564013635281,0.11762636909484847,1770136391.764815
25,0.8936378955841064,0.9041517439562476,2.1583999999741366e-05,2.222416911658155e-05,robust,StabilityState.DEGRADED,-0.0026284620930352443,0.10182757639276208,0.1063836884158933,1770136391.765774
26,0.8801870346069336,0.8993588020863849,2.1541999999818984e-05,2.208773529322904e-05,robust,StabilityState.DEGRADED,-0.004792941869862788,0.05457535310745243,0.11983450739306623,1770136391.7667031
27,0.746874213218689,0.8688618843128457,2.0958999999542982e-05,2.186198823449183e-05,fast,StabilityState.STABLE,-0.030496917773539134,0.09970960524749728,0.2531467457813106,1770136391.7676291
28,0.8457131385803223,0.8642321351663411,2.2958999999822538e-05,2.2081390587557974e-05,robust,StabilityState.DEGRADED,-0.0046297491465046026,0.15430982041967756,0.04416466494387805,1770136391.768556
29,0.7980179786682129,0.8509893038667156,2.0874999999698218e-05,2.1840112469986023e-05,robust,StabilityState.DEGRADED,-0.013242831299625557,0.05924542358380158,0.2020028963317868,1770136391.7694762
30,0.9488708972930908,0.8705656225519907,2.145900000005696e-05,2.1763889976000212e-05,robust,StabilityState.DEGRADED,0.019576318685275096,0.1551967845571598,0.05115056170690924,1770136391.770399
31,0.9246042370796204,0.8813733454575167,2.120799999971723e-05,2.1652711980743617e-05,robust,StabilityState.DEGRADED,0.010807722905526007,0.055151831627075154,0.07541697092037936,1770136391.771313
32,0.9658420085906982,0.8982670780841531,2.2083000000172603e-05,2.1738769584629416e-05,robust,StabilityState.DEGRADED,0.016893732626636404,0.06801276203955098,0.03418007440930193,1770136391.772251
33,0.9558612108230591,0.9097859046319343,2.1667000000391567e-05,2.172441566778185e-05,robust,StabilityState.DEGRADED,0.011518826547781247,0.05559113523120107,0.04416045617694131,1770136391.7732449
34,0.9432143568992615,0.9164715950853999,2.1333999999484377e-05,2.1646332534122355e-05,robust,StabilityState.DEGRADED,0.006685690453465565,0.1280824294395444,0.05680697710073801,1770136391.7741592
35,0.9102929830551147,0.9152358726793429,2.1416000000051838e-05,2.160026602730825e-05,robust,StabilityState.DEGRADED,-0.0012357224060569605,0.09768211225546253,0.0897284329448853,1770136391.775077
36,0.9160470962524414,0.9153981173939627,2.1000000000270802e-05,2.1480212821900762e-05,robust,StabilityState.DEGRADED,0.00016224471461978585,0.12684034685171497,0.08397390374755886,1770136391.775991
37,0.9462640285491943,0.9215712996250092,2.1124999999955207e-05,2.1409170257511653e-05,robust,StabilityState.DEGRADED,0.006173182231046459,0.07553660153561381,0.05375709645080562,1770136391.776917
38,0.9333082437515259,0.9239186884503126,2.4124999999486363e-05,2.1952336205906596e-05,robust,StabilityState.DEGRADED,0.002347388825303387,0.18061312448501532,0.06671588124847361,1770136391.778006
39,0.9498644471168518,0.9291078401836204,2.1625000000469186e-05,2.1886868964819114e-05,robust,StabilityState.DEGRADED,0.005189151733307806,0.12583538644790693,0.05015717788314866,1770136391.779008
40,0.9717072248458862,0.9376277171160736,2.116699999987759e-05,2.174289517183081e-05,robust,StabilityState.DEGRADED,0.008519876932453263,0.08526640391159024,0.028313942154113647,1770136391.7799392
41,0.9791035652160645,0.9459228867360718,2.141700000013458e-05,2.1677716137491565e-05,robust,StabilityState.DEGRADED,0.00829516961999821,0.049142604526886124,0.02091785178393568,1770136391.780854
42,0.9858519434928894,0.9539086980874354,2.1292000000450173e-05,2.160057291008329e-05,robust,StabilityState.DEGRADED,0.007985811351363559,0.08387945764160154,0.014169348507111046,1770136391.781767
43,0.9734300374984741,0.9578129659696433,2.116699999987759e-05,2.1513858328042148e-05,robust,StabilityState.DEGRADED,0.003904267882207879,0.08885903889865165,0.026591129501525756,1770136391.782676
44,0.9147946834564209,0.9492093094669988,2.120800000060541e-05,2.14526866625548e-05,robust,StabilityState.DEGRADED,-0.008603656502644497,0.08308561379641688,0.08522652454357971,1770136391.784266
45,0.932135820388794,0.9457946116513579,2.1042000000193184e-05,2.1370549330082477e-05,robust,StabilityState.DEGRADED,-0.0034146978156408547,0.05741479917526249,0.06788522161120625,1770136391.785799
46,0.9522782564163208,0.9470913406043505,2.141700000013458e-05,2.1379839464092897e-05,robust,StabilityState.DEGRADED,0.0012967289529925985,0.21410379317474337,0.047743160583679334,1770136391.786707
47,0.949939489364624,0.9476609703564053,2.1124999999955207e-05,2.132887157126536e-05,robust,StabilityState.DEGRADED,0.0005696297520547677,0.07116315295773301,0.05008163563537593,1770136391.788225
48,0.7766945362091064,0.9134676835269456,2.1124999999955207e-05,2.1288097257003334e-05,robust,StabilityState.DEGRADED,-0.03419328682945966,0.12856176999282898,0.2233265887908935,1770136391.789132
49,0.9457026124000549,0.9199146693015675,2.116599999979485e-05,2.126367780556164e-05,robust,StabilityState.DEGRADED,0.006446985774621883,0.03691291093045024,0.05431855359994486,1770136391.7900338
50,0.939694344997406,0.9238706044407352,2.0957999999460242e-05,2.1202542244341362e-05,robust,StabilityState.DEGRADED,0.003955935139167699,0.06883049576586941,0.060326613002593454,1770136391.7925172
51,0.9745594263076782,0.9340083688141239,2.8624999999671275e-05,2.2687033795407345e-05,robust,StabilityState.DEGRADED,0.010137764373388647,0.062002343078980005,0.02546919869232145,1770136391.7934458
52,0.9043964743614197,0.928085989923583,2.250000000003638e-05,2.264962703633315e-05,robust,StabilityState.DEGRADED,-0.005922378890540814,0.23375296672058088,0.09562602563858036,1770136391.794441
53,0.9409593939781189,0.9306606707344903,2.19999999995224e-05,2.2519701628971003e-05,robust,StabilityState.DEGRADED,0.0025746808109072816,0.06334632088888625,0.059062606021880626,1770136391.79702
54,0.9513774514198303,0.9348040268715584,2.175000000015359e-05,2.236576130320752e-05,robust,StabilityState.DEGRADED,0.004143356137068066,0.2468030726242061,0.04864429858016983,1770136391.7980218
55,0.910599410533905,0.9299631036040278,2.145799999997422e-05,2.2184209042560863e-05,robust,StabilityState.DEGRADED,-0.004840923267530606,0.16467904884338402,0.08942204746609494,1770136391.7989619
56,0.8856472373008728,0.9210999303433969,2.120800000060541e-05,2.1988967234169772e-05,robust,StabilityState.DEGRADED,-0.008863173260630908,0.16492097953832996,0.1143739706991278,1770136391.799886
57,0.9100373387336731,0.9188874120214522,2.125000000052779e-05,2.1841173787441377e-05,robust,StabilityState.DEGRADED,-0.0022125183219446898,0.0981181095811765,0.08998391126632743,1770136391.800828
58,0.936272382736206,0.9223644061644031,2.200000000041058e-05,2.1872939030035218e-05,robust,StabilityState.DEGRADED,0.0034769941429508844,0.12971046947442577,0.06374961726379436,1770136391.801802
59,0.9516119956970215,0.9282139240709268,2.1499999999896602e-05,2.1798351224007496e-05,robust,StabilityState.DEGRADED,0.005849517906523771,0.08085423091925037,0.04840950430297841,1770136391.802722
60,0.9921160936355591,0.9409943579838533,2.120800000060541e-05,2.1680280979327078e-05,robust,StabilityState.DEGRADED,0.012780433912926492,0.012466644317626674,0.007905114364441523,1770136391.803642
61,0.9891602396965027,0.9506275343263833,2.1290999999479254e-05,2.1602424783357514e-05,robust,StabilityState.DEGRADED,0.009633176342529914,0.03426837205105571,0.010861051303496794,1770136391.804584
62,0.9972692728042603,0.9599558820219587,4.0165999999786095e-05,2.531513982664323e-05,robust,StabilityState.DEGRADED,0.009328347695575445,0.0037719603656611866,0.002770893195739532,1770136391.8102021
63,0.9997178912162781,0.9679082838608226,2.1499999999896602e-05,2.4552111861293907e-05,robust,StabilityState.DEGRADED,0.00795240183886392,0.0002401469766537545,0.00030360878372182043,1770136391.8157911
64,0.9999006986618042,0.974306766821019,2.145900000005696e-05,2.393348948904652e-05,robust,StabilityState.DEGRADED,0.0063984829601964055,0.00017077172833257492,0.00012076033819585774,1770136391.816746
65,0.9998877644538879,0.9794229663475928,2.1167000000765768e-05,2.338019159139037e-05,robust,StabilityState.DEGRADED,0.005116199526573828,0.0005599782447811563,0.00013340254611282631,1770136391.817727
66,0.9975743889808655,0.9830532508742473,2.1333000000289815e-05,2.297075327317026e-05,robust,StabilityState.DEGRADED,0.0036302845266544814,0.003528260601043165,0.0024469440191348113,1770136391.8186638
67,0.976713240146637,0.9817852487287253,2.1375000000212196e-05,2.2651602618578648e-05,robust,StabilityState.DEGRADED,-0.0012680021455220292,0.024315319629302223,0.02330813485336325,1770136391.824221
68,0.9861422181129456,0.9826566426055694,2.145900000005696e-05,2.2413082094874312e-05,robust,StabilityState.DEGRADED,0.0008713938768440954,0.048487261806487325,0.0138792408870545,1770136391.829901
69,0.972576916217804,0.9806406973280163,2.09169999996206e-05,2.211386567582357e-05,robust,StabilityState.DEGRADED,-0.0020159452775531106,0.1391262410699765,0.027444000782195666,1770136391.830821
70,0.9240781664848328,0.9693281911593796,2.1249999999639613e-05,2.1941092540586778e-05,robust,StabilityState.DEGRADED,-0.01131250616863666,0.04007562919616703,0.07594308351516688,1770136391.831729
71,0.9271301627159119,0.9608885854706861,2.595800000015913e-05,2.274447403250125e-05,robust,StabilityState.DEGRADED,-0.008439605688693508,0.14130786688269037,0.0728957952840883,1770136391.8326778
72,0.9527276158332825,0.9592563915432054,2.1124999999955207e-05,2.2420579225992045e-05,robust,StabilityState.DEGRADED,-0.0016321939274807074,0.10394073700332651,0.047293509166717485,1770136391.833579
73,0.9826512932777405,0.9639353718901125,2.1083000000032825e-05,2.2153063380800204e-05,robust,StabilityState.DEGRADED,0.004678980346907058,0.050874215736572026,0.017369789722259554,1770136391.834483
74,0.9897899031639099,0.969106278144872,2.125000000052779e-05,2.1972450704745724e-05,robust,StabilityState.DEGRADED,0.0051709062547595774,0.020980375591277856,0.010231346836090616,1770136391.8353899
75,0.9930351376533508,0.9738920500465679,2.1083999999227387e-05,2.1794760563642056e-05,robust,StabilityState.DEGRADED,0.004785771901695823,0.025580208633239288,0.006985946346648397,1770136391.836291
76,0.9976209402084351,0.9786378280789414,2.1041000000110444e-05,2.1644008450935733e-05,robust,StabilityState.DEGRADED,0.004745778032373527,0.003690033397674597,0.002400100791565052,1770136391.8371909
77,0.9997442960739136,0.9828591216779359,2.1000000000270802e-05,2.1515206760802747e-05,robust,StabilityState.DEGRADED,0.00422129359899448,0.0003868211935120769,0.0002767039260866966,1770136391.842612
78,0.9998366832733154,0.9862546339970117,2.0790999999853454e-05,2.1370365408612887e-05,robust,StabilityState.DEGRADED,0.0033955123190758663,0.000156629287903165,0.00018410772668442377,1770136391.843518
79,0.9992407560348511,0.9888518584045797,2.1124999999955207e-05,2.1321292326881355e-05,robust,StabilityState.DEGRADED,0.002597224407567933,0.0011950951534425158,0.000780368965148881,1770136391.8444731
80,0.9997686147689819,0.9910352096774602,2.1291000000367433e-05,2.1315233861578572e-05,robust,StabilityState.DEGRADED,0.002183351272880496,0.00024462311572204243,0.00025267623101843384,1770136391.850074
81,0.9938077330589294,0.9915897143537541,2.120899999979997e-05,2.1293987089222853e-05,robust,StabilityState.DEGRADED,0.000554504676293921,0.0056160805168152805,0.006213475941070357,1770136391.8509812
82,0.9997983574867249,0.9932314429803483,2.1249999999639613e-05,2.1285189671306205e-05,robust,StabilityState.DEGRADED,0.0016417286265941744,0.00014869005621331866,0.0002228925132747861,1770136391.851916
83,0.9999570250511169,0.9945765593945021,2.1083000000032825e-05,2.124475173705153e-05,robust,StabilityState.DEGRADED,0.001345116414153802,0.0002978910635071941,6.405794888308947e-05,1770136391.8528209
84,0.9940296411514282,0.9944671757458874,2.1000000000270802e-05,2.1195801389695384e-05,robust,StabilityState.DEGRADED,-0.00010938364861468042,0.0049608814010619895,0.005991358848572048,1770136391.8537211
85,0.9935742020606995,0.9942885810088499,2.095900000043116e-05,2.1148441111842543e-05,robust,StabilityState.DEGRADED,-0.0001785947370375185,0.026202440124695414,0.006446756939300968,1770136391.854623
86,0.9998674392700195,0.9954043526610838,2.1000000000270802e-05,2.1118752889528194e-05,robust,StabilityState.DEGRADED,0.0011157716522339767,0.0006208828428349022,0.00015356072998073955,1770136391.855525
87,0.9997234344482422,0.9962681690185156,2.116699999987759e-05,2.1128402311598076e-05,robust,StabilityState.DEGRADED,0.0008638163574317126,0.0001981910974429013,0.0002977325517576901,1770136391.8564448
88,0.9990024566650391,0.9968150265478203,2.1582999999658625e-05,2.1219321849210187e-05,robust,StabilityState.DEGRADED,0.0005468575293047229,0.0016410332452689858,0.0010191263349605961,1770136391.862059
89,0.9997735619544983,0.997406733629156,2.1667000000391567e-05,2.1308857479446467e-05,robust,StabilityState.DEGRADED,0.0005917070813357128,0.0014493029401858593,0.00024810504550210055,1770136391.86301
90,0.9792349338531494,0.9937723736739548,2.145900000005696e-05,2.1338885983568565e-05,robust,StabilityState.DEGRADED,-0.0036343599552012273,0.09820409808331299,0.020786525146850643,1770136391.86395
91,0.9777941107749939,0.9905767210941626,2.1874999999837996e-05,2.1446108786822454e-05,robust,StabilityState.DEGRADED,-0.003195652579792152,0.02221624022637947,0.02222776422500594,1770136391.8649511
92,0.9703249335289001,0.9865263635811101,2.170900000031395e-05,2.1498687029520754e-05,robust,StabilityState.DEGRADED,-0.004050357513052494,0.03821326423300153,0.029696775471100167,1770136391.8658829
93,0.9740536212921143,0.984031815123311,2.1541000000624422e-05,2.1507149623741486e-05,robust,StabilityState.DEGRADED,-0.0024945484577991728,0.07652479852276617,0.025967919707886367,1770136391.8668108
94,0.9742161631584167,0.9820686847303322,2.1542000000707162e-05,2.151411969913462e-05,robust,StabilityState.DEGRADED,-0.0019631303929787958,0.017769144702911355,0.02580537884158396,1770136391.867737
95,0.984799325466156,0.982614812877497,2.1499999999896602e-05,2.151129575928702e-05,robust,StabilityState.DEGRADED,0.000546128147164815,0.04655510729254164,0.01522217453384389,1770136391.868665
96,0.9722856879234314,0.9805489878866839,2.120799999971723e-05,2.145063660737306e-05,robust,StabilityState.DEGRADED,-0.002065824990813092,0.015186928886596895,0.02773552007656832,1770136391.8696058
97,0.9817155003547668,0.9807822903803005,2.1375000000212196e-05,2.1435509285940887e-05,robust,StabilityState.DEGRADED,0.00023330249361663835,0.01576215494119282,0.018305874645233366,1770136391.870524
98,0.9468547701835632,0.9739967863409531,2.175000000015359e-05,2.149840742878343e-05,robust,StabilityState.DEGRADED,-0.006785504039347412,0.04501782529449461,0.05316697981643692,1770136391.871485
99,0.9923112988471985,0.9776596888422022,2.170799999934303e-05,2.154032594289535e-05,robust,StabilityState.DEGRADED,0.003662902501249121,0.02507502861767552,0.007710409152800857,1770136391.8724658
100,0.9430832862854004,0.970744408330842,2.170900000031395e-05,2.1574060754379074e-05,robust,StabilityState.DEGRADED,-0.006915280511360256,0.06136313561267137,0.05693842271459992,1770136391.873418
101,0.9532265067100525,0.9672408280066841,2.1916999999760378e-05,2.1642648603455335e-05,robust,StabilityState.DEGRADED,-0.0035035803241578733,0.16625604413949535,0.04679541028994727,1770136391.874357
102,0.9610034823417664,0.9659933588737005,2.200000000041058e-05,2.1714118882846387e-05,robust,StabilityState.DEGRADED,-0.0012474691329835697,0.09953591708010912,0.03901851765823405,1770136391.8753128
103,0.9553686380386353,0.9638684147066876,2.204100000025022e-05,2.1779495106327155e-05,robust,StabilityState.DEGRADED,-0.002124944167012921,0.042733471260253175,0.044653402961364996,1770136391.876281
104,0.8581536412239075,0.9427254600101317,2.1832999999915614e-05,2.1790196085044848e-05,robust,StabilityState.DEGRADED,-0.021142954696555916,0.21192757957077024,0.14186819177609244,1770136391.8772202
105,0.9254878759384155,0.9392779431957885,2.170800000023121e-05,2.177375686808212e-05,robust,StabilityState.DEGRADED,-0.003447516814343188,0.05704524991262794,0.0745338320615847,1770136391.8781729
106,0.9503167271614075,0.9414856999889124,2.145900000005696e-05,2.1710805494477088e-05,robust,StabilityState.DEGRADED,0.002207756793123905,0.20680562165451022,0.049704731838592586,1770136391.8790872
107,0.8925400972366333,0.9316965794384566,2.095800000034842e-05,2.1560244395651357e-05,robust,StabilityState.DEGRADED,-0.009789120550455777,0.12474956454086339,0.10748086076336705,1770136391.880012
108,0.9675505757331848,0.9388673786974023,2.1124999999955207e-05,2.147319551651213e-05,robust,StabilityState.DEGRADED,0.007170799258945704,0.08996784094256594,0.03247054926681514,1770136391.880932
109,0.945695698261261,0.9402330426101742,2.1000000000270802e-05,2.1378556413263863e-05,robust,StabilityState.DEGRADED,0.0013656639127718195,0.03833606787091082,0.054325301738739284,1770136391.881825
110,0.8567647337913513,0.9235393808464096,2.1000000000270802e-05,2.1302845130665252e-05,robust,StabilityState.DEGRADED,-0.016693661763764522,0.06846015373574854,0.14325626620864895,1770136391.882721
111,0.9536417126655579,0.9295598472102393,2.1333999999484377e-05,2.130907610442908e-05,robust,StabilityState.DEGRADED,0.006020466363829691,0.051727795017242784,0.04637962133444162,1770136391.883622
112,0.9910229444503784,0.9418524666582673,2.1124999999955207e-05,2.1272260883534308e-05,robust,StabilityState.DEGRADED,0.012292619448027953,0.05209805327987649,0.008998180549621537,1770136391.8891141
113,0.9765014052391052,0.9487822543744349,2.0791000000741633e-05,2.1176008706975772e-05,robust,StabilityState.DEGRADED,0.00692978771616759,0.048970817149932344,0.023519385760895517,1770136391.8900201
114,0.972922682762146,0.9536103400519772,2.1000000000270802e-05,2.1140806965634777e-05,robust,StabilityState.DEGRADED,0.0048280856775423375,0.056037210834503526,0.027098317237854275,1770136391.890916
115,0.9972248077392578,0.9623332335894335,2.1291999999561995e-05,2.117104557242022e-05,robust,StabilityState.DEGRADED,0.008722893537456256,0.0059009656259458865,0.0027964842607417495,1770136391.896384
116,0.9926345944404602,0.9683935057596389,2.120799999971723e-05,2.1178436457879623e-05,robust,StabilityState.DEGRADED,0.0060602721702054385,0.021056461304077345,0.007386613559539512,1770136391.897313
117,0.9903263449668884,0.9727800736010889,2.1375000000212196e-05,2.1217749166346137e-05,robust,StabilityState.DEGRADED,0.004386567841449973,0.03828960064334108,0.009695030033111784,1770136391.8982358
118,0.9960843920707703,0.9774409372950251,2.116699999987759e-05,2.1207599333052427e-05,robust,StabilityState.DEGRADED,0.004660863693936257,0.01281541448956336,0.003936774929229614,1770136391.899159
119,0.9668025970458984,0.9753132692451998,2.1124999999955207e-05,2.1191079466432984e-05,robust,StabilityState.DEGRADED,-0.0021276680498253375,0.02705103145236265,0.03321852795410152,1770136391.900077
120,0.9504168033599854,0.970333976068157,2.1000000000270802e-05,2.115286357320055e-05,robust,StabilityState.DEGRADED,-0.004979293177042821,0.056262135368529975,0.04960419664001492,1770136391.900995
121,0.9749853014945984,0.9712642411534453,2.1041000000110444e-05,2.113049085858253e-05,robust,StabilityState.DEGRADED,0.0009302650852883732,0.08193601901263392,0.025035739505401722,1770136391.9019089
122,0.9846103191375732,0.973933456750271,2.1333000000289815e-05,2.117099268692399e-05,robust,StabilityState.DEGRADED,0.002669215596825647,0.028258979183380717,0.015411013862427048,1770136391.902826
123,0.9764944314956665,0.9744456516993502,2.1291999999561995e-05,2.119519414945159e-05,robust,StabilityState.DEGRADED,0.00051219494907917,0.01563975718688937,0.023526860504333058,1770136391.903775
124,0.9828277230262756,0.9761220659647353,2.116699999987759e-05,2.118955531953679e-05,robust,StabilityState.DEGRADED,0.0016764142653851177,0.008142948013488471,0.017193443973724243,1770136391.9047081
125,0.9998695850372314,0.9808715697792345,2.0957999999460242e-05,2.1143244255521483e-05,robust,StabilityState.DEGRADED,0.004749503814499234,0.0002269499548033238,0.00015137296276801493,1770136391.905621
126,0.965344250202179,0.9777661058638235,2.1333000000289815e-05,2.1181195404475152e-05,robust,StabilityState.DEGRADED,-0.0031054639154109998,0.1113193209800718,0.034677082797821335,1770136391.906921
127,0.9518681764602661,0.9725865199831121,2.1084000000115566e-05,2.1161756323603236e-05,robust,StabilityState.DEGRADED,-0.005179585880711435,0.12230426638430814,0.048152907539734,1770136391.9078379
128,0.8943411111831665,0.956937438223123,2.0875000000586397e-05,2.110440505899987e-05,robust,StabilityState.DEGRADED,-0.015649081759989025,0.054254441699981726,0.10567976381683408,1770136391.909139
129,0.97743821144104,0.9610375928667065,2.1249999999639613e-05,2.113352404712782e-05,robust,StabilityState.DEGRADED,0.004100154643583487,0.17066746234112617,0.0225830385589596,1770136391.910055
130,0.9223501086235046,0.9533000960180662,2.2125000000094985e-05,2.1331819237721253e-05,robust,StabilityState.DEGRADED,-0.007737496848640335,0.11139272674179068,0.07767201637649546,1770136391.910998
131,0.8958814740180969,0.9418163716180724,2.1124999999955207e-05,2.1290455390168047e-05,robust,StabilityState.DEGRADED,-0.011483724399993789,0.1909870856054381,0.10413965098190303,1770136391.9119549
132,0.8630768060684204,0.926068458508142,2.095800000034842e-05,2.122396431220412e-05,robust,StabilityState.DEGRADED,-0.0157479131099304,0.12462093192672707,0.13694415193157994,1770136391.91287
133,0.9723984599113464,0.935334458788783,2.09169999996206e-05,2.1162571449687417e-05,robust,StabilityState.DEGRADED,0.009266000280640951,0.10801567972946113,0.027622457088653185,1770136391.913772
134,0.9435850977897644,0.9369845865889792,2.1041000000110444e-05,2.1138257159772023e-05,robust,StabilityState.DEGRADED,0.0016501278001962438,0.12963924894714385,0.056435943210235706,1770136391.914697
135,0.9512172341346741,0.9398311160981182,2.116599999979485e-05,2.114380572777659e-05,robust,StabilityState.DEGRADED,0.0028465295091389953,0.0977608922237243,0.04880393186532572,1770136391.915599
136,0.9476858973503113,0.9414020723485568,2.145799999997422e-05,2.1206644582216118e-05,robust,StabilityState.DEGRADED,0.001570956250438571,0.15088291143798838,0.052335560649688695,1770136391.916501
137,0.959370493888855,0.9449957566566165,2.0958999999542982e-05,2.115711566568149e-05,robust,StabilityState.DEGRADED,0.0035936843080597303,0.09594469669741823,0.04065046511114456,1770136391.92209
138,0.9340133666992188,0.942799278665137,2.1249999999639613e-05,2.1175692532473116e-05,robust,StabilityState.DEGRADED,-0.002196477991479484,0.027292780635833402,0.06600788330078089,1770136391.927688
139,0.944023847579956,0.9430441924481009,2.1124999999955207e-05,2.1165554025969536e-05,robust,StabilityState.DEGRADED,0.00024491378296387367,0.2241578568647462,0.0559972774200439,1770136391.928591
140,0.9669607877731323,0.9478275115131072,2.0874999999698218e-05,2.1107443220715273e-05,robust,StabilityState.DEGRADED,0.004783319065006286,0.21766246532821665,0.033060087226867374,1770136391.929487
141,0.8097898960113525,0.9202199884127563,2.066700000025179e-05,2.1019354576622576e-05,robust,StabilityState.DEGRADED,-0.02760752310035086,0.15405052886599702,0.1902307709886477,1770136391.930382
142,0.9554436802864075,0.9272647267874866,2.1083000000032825e-05,2.1032083661304627e-05,robust,StabilityState.DEGRADED,0.007044738374730297,0.028284424575988787,0.04457740271359256,1770136391.931283
143,0.9948967695236206,0.9407911353347135,2.1542000000707162e-05,2.1134066929185133e-05,robust,StabilityState.DEGRADED,0.013526408547226865,0.008297837089904725,0.005124772476380102,1770136391.932204
144,0.9907830357551575,0.9507895154188024,2.0832999999775836e-05,2.1073853543303273e-05,robust,StabilityState.DEGRADED,0.009998380084088931,0.017912256687529826,0.009237797244842305,1770136391.9331021
145,0.9654916524887085,0.9537299428327837,2.0916999998732422e-05,2.1042482834389105e-05,robust,StabilityState.DEGRADED,0.0029404274139812614,0.06265274796276898,0.034529264511290236,1770136391.938705
146,0.9752964377403259,0.9580432418142922,2.120899999979997e-05,2.1075786267471277e-05,robust,StabilityState.DEGRADED,0.004313298981508562,0.015750318244752037,0.024724771259673872,1770136391.939604
147,0.9701739549636841,0.9604693844441706,2.162499999869283e-05,2.1185629013715586e-05,robust,StabilityState.DEGRADED,0.0024261426298783917,0.07119407595443583,0.02984767003631461,1770136391.940526
148,0.9382131099700928,0.9560181295493552,2.091700000050878e-05,2.1131903211074225e-05,robust,StabilityState.DEGRADED,-0.0044512548948154596,0.09470114036560062,0.061807807029907735,1770136391.941453
149,0.9348791837692261,0.9517903403933294,2.1499999999008423e-05,2.1205522568661067e-05,robust,StabilityState.DEGRADED,-0.00422778915602573,0.04228690770339938,0.06514231623077293,1770136391.946798
150,0.9640331268310547,0.9542388976808746,2.175000000015359e-05,2.1314418054959573e-05,robust,StabilityState.DEGRADED,0.0024485572875451167,0.06418781154251008,0.035988623168945466,1770136391.947733
151,0.9557117819786072,0.9545334745404211,2.1499999999008423e-05,2.1351534443769343e-05,robust,StabilityState.DEGRADED,0.0002945768595465914,0.04416589610672084,0.04430971802139183,1770136391.94866
152,0.9438674449920654,0.95240026863075,2.1542000000707162e-05,2.1389627555156906e-05,robust,StabilityState.DEGRADED,-0.002133205909671143,0.13313643180502233,0.05615409700793528,1770136391.954315
153,0.9989051818847656,0.9617012512815531,2.2041999999444783e-05,2.1520102044014484e-05,robust,StabilityState.DEGRADED,0.009300982650803147,0.002628444023132559,0.0011168601152338198,1770136391.955256
154,0.9999302625656128,0.969347053538365,2.19999999995224e-05,2.1616081635116067e-05,robust,StabilityState.DEGRADED,0.007645802256811884,0.0005530875013430858,9.173743438672943e-05,1770136391.9561942
155,0.9997935891151428,0.9754363606537206,2.2041999999444783e-05,2.1701265307981813e-05,robust,StabilityState.DEGRADED,0.006089307115355602,0.00010545059585531646,0.00022845288485662252,1770136391.957142
156,0.9997338652610779,0.9802958615751922,2.2208000000745187e-05,2.180261224653449e-05,robust,StabilityState.DEGRADED,0.004859500921471582,0.0008174642869871462,0.00028834273892286433,1770136391.95808
157,0.9998124837875366,0.9841991860176611,4.649999999983834e-05,2.6742089797195263e-05,robust,StabilityState.DEGRADED,0.0039033244424688807,0.00015254405593800868,0.00023401621246321724,1770136391.959042
158,0.9997656345367432,0.9873124757214776,2.1832999999915614e-05,2.5760271837739334e-05,robust,StabilityState.DEGRADED,0.003113289703816524,0.0004748032073980113,0.00025619846325675155,1770136391.959999
159,0.9942262768745422,0.9886952359520906,2.2958000000627976e-05,2.5199817470317065e-05,robust,StabilityState.DEGRADED,0.0013827602306130116,0.001747420978546188,0.005796681125458392,1770136391.9609642
160,0.9964582920074463,0.9902478471631617,2.2208000000745187e-05,2.460145397640269e-05,robust,StabilityState.DEGRADED,0.0015526112110710866,0.003452979702180059,0.003563915992554456,1770136391.961885
161,0.9782650470733643,0.9878512871452023,2.0916999998732422e-05,2.386456318086864e-05,robust,StabilityState.DEGRADED,-0.0023965600179594038,0.0659624030267647,0.021755869926634475,1770136391.962796
162,0.9906771779060364,0.9884164652973692,2.091599999864968e-05,2.327485054442485e-05,robust,StabilityState.DEGRADED,0.0005651781521668342,0.07103981311053431,0.009343738093962273,1770136391.967814
163,0.9814921617507935,0.9870316045880541,2.1083000000032825e-05,2.2836480435546448e-05,robust,StabilityState.DEGRADED,-0.0013848607093150944,0.07736852712994491,0.018528921249206576,1770136391.968711
164,0.9747255444526672,0.9845703925609768,2.0957999998572063e-05,2.246078434815157e-05,robust,StabilityState.DEGRADED,-0.0024612120270772753,0.06323355422610533,0.025295413547331336,1770136391.969625
165,0.9997963309288025,0.987615580234542,2.0833000000664015e-05,2.213522747865406e-05,robust,StabilityState.DEGRADED,0.0030451876735652084,0.00018668161028934094,0.00022450207119817378,1770136391.9705238
166,0.9998055100440979,0.9900535661964532,2.1042000000193184e-05,2.1916581982961885e-05,robust,StabilityState.DEGRADED,0.0024379859619112487,0.00047539469564661374,0.0002155319559022928,1770136391.971427
167,0.9998301863670349,0.9920088902305696,2.087499999881004e-05,2.1708265586131517e-05,robust,StabilityState.DEGRADED,0.001955324034116357,0.00056397901171934,0.00019068863296389793,1770136391.9723158
168,0.9999374151229858,0.9935945952090528,2.0791999999048016e-05,2.152501246871482e-05,robust,StabilityState.DEGRADED,0.0015857049784832045,0.0001600501480094607,8.337687701320817e-05,1770136391.973212
169,0.9995912313461304,0.9947939224364684,2.075000000090199e-05,2.1370009975152256e-05,robust,StabilityState.DEGRADED,0.0011993272274155586,0.00018808193569874732,0.0004295186538705309,1770136391.9741051
170,0.9998743534088135,0.9958100086309374,2.1084000000115566e-05,2.131280798014492e-05,robust,StabilityState.DEGRADED,0.0010160861944690236,0.00036410603314251944,0.000146730591186639,1770136391.974998
171,0.9983880519866943,0.9963256173020888,2.2167000000905546e-05,2.1483646384297047e-05,robust,StabilityState.DEGRADED,0.000515608671151413,0.006260829750061703,0.0016341150133065696,1770136391.9762838
172,0.9907941222190857,0.9952193182854883,2.075000000090199e-05,2.133691710761804e-05,robust,StabilityState.DEGRADED,-0.0011062990166005315,0.0069763065338133146,0.009226627780915209,1770136391.977194
173,0.9954614639282227,0.9952677474140352,2.2124999999206807e-05,2.149453368593579e-05,robust,StabilityState.DEGRADED,4.842912854696735e-05,0.010480408088684001,0.0045606610717765506,1770136391.978173
174,0.9998463988304138,0.9961834776973111,2.116699999987759e-05,2.142902694872415e-05,robust,StabilityState.DEGRADED,0.0009157302832758507,0.0005472865486133571,0.00017476816958605923,1770136391.979118
175,0.9936363697052002,0.9956740560988889,2.1375000001100375e-05,2.1418221559199397e-05,robust,StabilityState.DEGRADED,-0.0005094215984221551,0.011264245609282852,0.006385005294800905,1770136391.9800398
176,0.9936317801475525,0.9952656009086217,2.1084000000115566e-05,2.135137724738263e-05,robust,StabilityState.DEGRADED,-0.00040845519026722066,0.014986996535887087,0.006389303852447625,1770136391.980963
177,0.9870131611824036,0.9936151129633781,2.116599999979485e-05,2.1314301797865073e-05,robust,StabilityState.DEGRADED,-0.0016504879452435839,0.010493825389495726,0.01300800481759623,1770136391.981879
178,0.9997909665107727,0.9948502836728571,2.416600000110236e-05,2.188464143851253e-05,robust,StabilityState.DEGRADED,0.0012351707094789832,0.0002340076982410011,0.00023319948922839728,1770136391.9828238
179,0.9971895217895508,0.995318131296196,2.1084000000115566e-05,2.172451315083314e-05,robust,StabilityState.DEGRADED,0.0004678476233388462,0.009562884838103969,0.0028315622104493343,1770136391.984229
180,0.9882704019546509,0.9939085854278871,2.1124999999955207e-05,2.1604610520657557e-05,robust,StabilityState.DEGRADED,-0.0014095458683088813,0.07519069817733737,0.011750723045349076,1770136391.985151
181,0.9642071723937988,0.9879683028210695,2.095900000043116e-05,2.1475488416612276e-05,robust,StabilityState.DEGRADED,-0.00594028260681756,0.02374638873672552,0.0358137866062016,1770136391.986068
182,0.9074780344963074,0.9718702491561171,2.14580000008624e-05,2.1471990733462302e-05,robust,StabilityState.DEGRADED,-0.016098053664952428,0.08352341593551671,0.09254342350369349,1770136391.986984
183,0.9503058195114136,0.9675573632271763,2.1042000000193184e-05,2.1385992586808478e-05,robust,StabilityState.DEGRADED,-0.004312885928940746,0.08242394865798985,0.04971522248858662,1770136391.987904
184,0.9871135950088501,0.9714686095835111,2.1124999999955207e-05,2.1333794069437826e-05,robust,StabilityState.DEGRADED,0.003911246356334774,0.028267406833649034,0.012907529991149858,1770136391.989246
185,0.9755683541297913,0.9722885584927672,2.120799999971723e-05,2.1308635255493706e-05,robust,StabilityState.DEGRADED,0.0008199489092560741,0.055654656177887674,0.024452853870208457,1770136391.9901628
186,0.879795491695404,0.9537899451332946,2.1374999999324018e-05,2.132190820425977e-05,robust,StabilityState.DEGRADED,-0.01849861335947256,0.12312642822647035,0.12022588330459527,1770136391.991132
187,0.9593960046768188,0.9549111570419996,2.1000000000270802e-05,2.125752656346198e-05,robust,StabilityState.DEGRADED,0.0011212119087049555,0.033298890689851035,0.04062499532318142,1770136391.992094
188,0.9629502892494202,0.9565189834834837,2.150000000078478e-05,2.1306021250926538e-05,robust,StabilityState.DEGRADED,0.0016078264414841614,0.04984801391638172,0.03707121075058062,1770136391.993011
189,0.9889909029006958,0.9630133673669262,2.1333999999484377e-05,2.1311617000638108e-05,robust,StabilityState.DEGRADED,0.006494383883442478,0.1269622911642152,0.011030431099303684,1770136391.993918
190,0.9667729139328003,0.963765276680101,2.2333000000429593e-05,2.1515893600596405e-05,robust,StabilityState.DEGRADED,0.0007519093131748145,0.03777797414035078,0.03324941906720014,1770136391.9949288
191,0.9744816422462463,0.9659085497933302,2.2541000001652378e-05,2.1720914880807602e-05,robust,StabilityState.DEGRADED,0.0021432731132291494,0.07801103964269984,0.025540898753755314,1770136391.995884
192,0.9890748858451843,0.970541817003701,2.2040999999362043e-05,2.1784931904518492e-05,robust,StabilityState.DEGRADED,0.004633267210370828,0.038920025459654894,0.010947155154815036,1770136391.9968178
193,0.9831575155258179,0.9730649567081244,2.2665999999560427e-05,2.196114552352688e-05,robust,StabilityState.DEGRADED,0.002523139704423416,0.06641058169973668,0.01686515047418169,1770136392.0002701
194,0.9999397993087769,0.978439925228255,2.2167000000905546e-05,2.2002316419002613e-05,robust,StabilityState.DEGRADED,0.00537496852013053,0.0002894559249888573,8.236769122405008e-05,1770136392.001224
195,0.9999259114265442,0.9827371224679128,2.216699999912919e-05,2.2035253135027928e-05,robust,StabilityState.DEGRADED,0.004297197239657824,7.74598081658695e-05,9.625557345493974e-05,1770136392.0021682
196,0.9991090893745422,0.9860115158492387,2.1832999999915614e-05,2.1994802508005466e-05,robust,StabilityState.DEGRADED,0.0032743933813259574,0.003529743228913418,0.0009127436254576793,1770136392.003107
197,0.9876232147216797,0.986333855623727,2.2082999999284425e-05,2.201244200626126e-05,robust,StabilityState.DEGRADED,0.0003223397744882561,0.009793982162292991,0.012398868278319597,1770136392.006623
198,0.970241129398346,0.9831153103786509,2.2290999998730854e-05,2.206815360475518e-05,robust,StabilityState.DEGRADED,-0.003218545245076143,0.04488732609921264,0.029781161601652784,1770136392.007596
199,0.9899477362632751,0.9844817955555758,2.2209000000827928e-05,2.209632288396973e-05,robust,StabilityState.DEGRADED,0.0013664851769249475,0.012518994335357192,0.010074472736725681,1770136392.008538
200,0.9942601919174194,0.9864374748279445,2.170800000023121e-05,2.2018658307222026e-05,robust,StabilityState.DEGRADED,0.0019556792723687266,0.03707984570330858,0.005761516082580798,1770136392.009472
201,0.9499493837356567,0.9791398566094871,2.175000000015359e-05,2.196492664580834e-05,robust,StabilityState.DEGRADED,-0.0072976182184574245,0.020766387428283295,0.050072366264343415,1770136392.010407
202,0.9892617464065552,0.9811642345689008,2.2124999999206807e-05,2.199694131648803e-05,robust,StabilityState.DEGRADED,0.0020243779594136813,0.010805384193419698,0.010760378593444031,1770136392.0113652
203,0.9887924194335938,0.9826898715418395,2.1832999999915614e-05,2.196415305317355e-05,robust,StabilityState.DEGRADED,0.0015256369729387265,0.017355648212431518,0.011229413566406166,1770136392.0129511
204,0.9977535009384155,0.9857025974211548,2.170800000023121e-05,2.191292244258508e-05,robust,StabilityState.DEGRADED,0.0030127258793153366,0.005459145812805488,0.002268207061584704,1770136392.013896
205,0.9992014765739441,0.9884023732517128,2.220799999896883e-05,2.197193795386183e-05,robust,StabilityState.DEGRADED,0.0026997758305579156,0.0010290361480720378,0.000820731426054877,1770136392.01488
206,0.9997593760490417,0.9906737738111786,2.1874999999837996e-05,2.1952550363057065e-05,robust,StabilityState.DEGRADED,0.0022714005594658415,0.0008052033348082688,0.00026249895095808995,1770136392.015815
207,0.9998013973236084,0.9924992985136647,2.2041999999444783e-05,2.197044029033461e-05,robust,StabilityState.DEGRADED,0.0018255247024860921,0.00039330458831798865,0.00022064467639104635,1770136392.0168152
208,0.9882094264030457,0.9916413240915409,2.19999999995224e-05,2.197635223217217e-05,robust,StabilityState.DEGRADED,-0.000857974422123764,0.011950187442778315,0.011812573596953868,1770136392.01775
209,0.9717905521392822,0.9876711697010893,2.175000000015359e-05,2.1931081785768452e-05,robust,StabilityState.DEGRADED,-0.0039701543904516745,0.025283477409361765,0.028231197860717927,1770136392.0187142
210,0.9891364574432373,0.9879642272495188,2.2084000001143522e-05,2.1961665428843465e-05,robust,StabilityState.DEGRADED,0.000293057548429565,0.017379043651764903,0.010885626556763839,1770136392.0196521
211,0.9955388903617859,0.9894791598719723,2.1542000000707162e-05,2.1877732343216205e-05,robust,StabilityState.DEGRADED,0.001514932622453502,0.019758836536224678,0.0044826516382148185,1770136392.020587
212,0.9927278161048889,0.9901288911185557,2.204200000122114e-05,2.1910585874817192e-05,robust,StabilityState.DEGRADED,0.0006497312465834071,0.00646742377453613,0.007294225895112305,1770136392.021517
213,0.9749791622161865,0.9870989453380818,2.2167000000905546e-05,2.1961868700034865e-05,robust,StabilityState.DEGRADED,-0.003029945780473886,0.054243514980315766,0.025043004783814382,1770136392.0224729
214,0.9853945374488831,0.9867580637602421,2.2082999999284425e-05,2.198609495988478e-05,robust,StabilityState.DEGRADED,-0.0003408815778397356,0.01914188746279777,0.014627545551116228,1770136392.0234072
215,0.9670148491859436,0.9828094208453825,2.1792000000075973e-05,2.1947275967923018e-05,robust,StabilityState.DEGRADED,-0.003948642914859635,0.010361496822357097,0.03300694281405647,1770136392.027215
216,0.9774461388587952,0.981736764448065,2.220899999905157e-05,2.199962077414873e-05,robust,StabilityState.DEGRADED,-0.0010726563973174619,0.04360946188735859,0.022576070141203886,1770136392.028192
217,0.9894393086433411,0.9832772732871203,2.19999999995224e-05,2.1999696619223464e-05,robust,StabilityState.DEGRADED,0.0015405088390553212,0.028482161903747638,0.010582691356658458,1770136392.029165
218,0.9884390830993652,0.9843096352495693,2.183300000169197e-05,2.196635729571717e-05,robust,StabilityState.DEGRADED,0.0010323619624489355,0.03729389177340714,0.011582749900636458,1770136392.0301068
219,0.9881221652030945,0.9850721412402744,2.1541999998930805e-05,2.1881485836359898e-05,robust,StabilityState.DEGRADED,0.0007625059907051535,0.11385522931307968,0.011899376796904448,1770136392.031092
220,0.9570522904396057,0.9794681710801407,2.1499999999008423e-05,2.1805188668889606e-05,robust,StabilityState.DEGRADED,-0.005603970160133698,0.12688831554431168,0.042969209560393296,1770136392.032023
221,0.9675082564353943,0.9770761881511915,2.1792000000075973e-05,2.180255093512688e-05,robust,StabilityState.DEGRADED,-0.0023919829289492656,0.03470794449233949,0.03251353556460579,1770136392.0329401
222,0.9626390933990479,0.9741887692007628,2.145799999908604e-05,2.1733640747918713e-05,robust,StabilityState.DEGRADED,-0.002887418950428655,0.09521139110165322,0.037382364600951234,1770136392.033864
223,0.9929804801940918,0.9779471113994286,2.1124999999955207e-05,2.1611912598326014e-05,robust,StabilityState.DEGRADED,0.003758342198665776,0.015073965270813616,0.007040644805908158,1770136392.034783
224,0.9888855814933777,0.9801348054182185,2.170800000023121e-05,2.1631130078707053e-05,robust,StabilityState.DEGRADED,0.002187694018789932,0.01933708688372704,0.011136126506622546,1770136392.035702
225,0.991539478302002,0.9824157399949752,2.1290999999479254e-05,2.1563104062861494e-05,robust,StabilityState.DEGRADED,0.00228093457675671,0.009139572650909145,0.008481812697997526,1770136392.036621
226,0.9780173301696777,0.9815360580299157,2.120799999971723e-05,2.1492083250232642e-05,robust,StabilityState.DEGRADED,-0.0008796819650594978,0.012467073131560369,0.022003877830321983,1770136392.0375528
227,0.9842222929000854,0.9820733050039497,2.1915999999677638e-05,2.1576866600121644e-05,robust,StabilityState.DEGRADED,0.0005372469740340113,0.006738244117553194,0.01579962309991423,1770136392.038532
228,0.9721342325210571,0.9800854905073713,2.1916999999760378e-05,2.1644893280049395e-05,robust,StabilityState.DEGRADED,-0.001987814496578477,0.05919987505377122,0.02788768447894263,1770136392.0394838
229,0.981539785861969,0.9803763495782909,2.1583000000546804e-05,2.1632514624148877e-05,robust,StabilityState.DEGRADED,0.0002908590709196357,0.05102743897610473,0.018481797138031553,1770136392.040425
230,0.9887484312057495,0.9820507659037827,2.120799999971723e-05,2.1547611699262548e-05,robust,StabilityState.DEGRADED,0.001674416325491812,0.02859811633319076,0.011272776794250206,1770136392.0459578
231,0.9991676807403564,0.9854741488710975,2.1291999999561995e-05,2.149648935932244e-05,robust,StabilityState.DEGRADED,0.003423382967314814,0.005217461792174305,0.0008536112596431167,1770136392.046952
232,0.9996287822723389,0.9883050755513458,2.1541999998930805e-05,2.1505591487244114e-05,robust,StabilityState.DEGRADED,0.0028309266802483135,0.0005207410163876602,0.0003927597276600636,1770136392.04788
233,0.9998194575309753,0.9906079519472718,2.1332999999401636e-05,2.147107318967562e-05,robust,StabilityState.DEGRADED,0.002302876395925968,0.00045066355877843023,0.00020187546902405984,1770136392.048799
234,0.9997473955154419,0.9924358406609058,2.120799999971723e-05,2.1418458551683943e-05,robust,StabilityState.DEGRADED,0.0018278887136340405,0.00016802389144920937,0.0002738124845578227,1770136392.049747
235,0.9996657967567444,0.9938818318800736,2.1000000000270802e-05,2.1334766841401315e-05,robust,StabilityState.DEGRADED,0.0014459912191677748,0.0011048255351866487,0.00035520324325588604,1770136392.050667
236,0.9998326897621155,0.9950720034564821,2.120899999979997e-05,2.1309613473081046e-05,robust,StabilityState.DEGRADED,0.0011901715764084386,0.000565480709258992,0.00018851923788432146,1770136392.051583
237,0.999867856502533,0.9960311740656923,2.116699999987759e-05,2.1281090778440356e-05,robust,StabilityState.DEGRADED,0.000959170609210247,0.0001899656564638974,0.0001533104974669186,1770136392.052495
238,0.9998406767845154,0.996793074609457,2.150000000078478e-05,2.1324872622909242e-05,robust,StabilityState.DEGRADED,0.000761900543764682,0.0003007591096810813,0.00018082321548540392,1770136392.05342
239,0.9998904466629028,0.9974125490201462,2.1000000000270802e-05,2.1259898098381553e-05,robust,StabilityState.DEGRADED,0.0006194744106892136,0.0003186578752440994,0.00013055333709743877,1770136392.054376
240,0.9973766803741455,0.9974053752909462,2.14580000008624e-05,2.1299518478877725e-05,robust,StabilityState.DEGRADED,-7.173729200005141e-06,0.011888098240081746,0.0026447776258553546,1770136392.055316
241,0.9922939538955688,0.9963830910118707,2.1042000000193184e-05,2.1248014783140817e-05,robust,StabilityState.DEGRADED,-0.0010222842790754694,0.008776824806030703,0.0077270881044313455,1770136392.0562282
242,0.9872738718986511,0.9945612471892269,2.116699999987759e-05,2.1231811826488176e-05,robust,StabilityState.DEGRADED,-0.0018218438226438316,0.021751384834288956,0.012747295101348755,1770136392.057152
243,0.9735203981399536,0.9903530773793723,2.1000000000270802e-05,2.11854494612447e-05,robust,StabilityState.DEGRADED,-0.004208169809854612,0.04269558756655911,0.026500601860046658,1770136392.058068
244,0.9788260459899902,0.9880476711014958,2.1374999999324018e-05,2.1223359568860563e-05,robust,StabilityState.DEGRADED,-0.002305406277876454,0.04519399346160924,0.02119532901000909,1770136392.058988
245,0.9909858703613281,0.9886353109534624,2.1083000000032825e-05,2.119528765509502e-05,robust,StabilityState.DEGRADED,0.000587639851966526,0.02355422336196966,0.009035212638671908,1770136392.059902
246,0.9996445178985596,0.9908371523424818,2.1290999999479254e-05,2.1214430123971868e-05,robust,StabilityState.DEGRADED,0.0022018413890194655,0.0010723352130739272,0.00037677310143990894,1770136392.060847
247,0.9999117851257324,0.992652078899132,2.120899999979997e-05,2.1213344099137488e-05,robust,StabilityState.DEGRADED,0.0018149265566501649,9.822831744443761e-05,0.0001094238742673781,1770136392.061787
248,0.9999013543128967,0.9941019339818851,2.1124999999955207e-05,2.1195675279301033e-05,robust,StabilityState.DEGRADED,0.001449855082753082,0.00012874489556935487,0.00011977068710322669,1770136392.062717
249,0.9975435137748718,0.9947902499404825,2.1333999999484377e-05,2.1223340223337702e-05,robust,StabilityState.DEGRADED,0.0006883159585974186,0.005345910034179724,0.002477820225127658,1770136392.063633
250,0.9990266561508179,0.9956375311825496,2.1000000000270802e-05,2.1178672178724322e-05,robust,StabilityState.DEGRADED,0.0008472812420671216,0.009240471733093614,0.0009943438491823997,1770136392.0646012
251,0.9974167346954346,0.9959933718851266,2.1124999999955207e-05,2.11679377429705e-05,robust,StabilityState.DEGRADED,0.00035584070257699274,0.006046437633514756,0.002604390304565385,1770136392.065513
252,0.999869704246521,0.9967686383574055,2.1542000000707162e-05,2.1242750194517832e-05,robust,StabilityState.DEGRADED,0.0007752664722788793,0.0001042469215395414,0.00015183775347971107,1770136392.0711281
253,0.9998067021369934,0.9973762511133231,2.1333999999484377e-05,2.1261000155511145e-05,robust,StabilityState.DEGRADED,0.0006076127559175859,0.00029072066897484206,0.00021463186300607617,1770136392.076798
254,0.9998323917388916,0.9978674792384369,2.1667000000391567e-05,2.134220012448723e-05,robust,StabilityState.DEGRADED,0.0004912281251138184,0.0002054732130130077,0.00018927526110879,1770136392.0823731
255,0.9997852444648743,0.9982510322837244,2.1375000001100375e-05,2.1348760099809858e-05,robust,StabilityState.DEGRADED,0.0003835530452874769,0.0004041717033391734,0.0002361305351268328,1770136392.0833092
256,0.9993531107902527,0.9984714479850301,2.1333999999484377e-05,2.1345808079744764e-05,robust,StabilityState.DEGRADED,0.00022041570130570953,0.0004246875150748508,0.0006682232097467988,1770136392.0842628
257,0.9958330392837524,0.9979437662447745,2.129100000125561e-05,2.1334846464046936e-05,robust,StabilityState.DEGRADED,-0.0005276817402555256,0.016726474861144425,0.004188251716248814,1770136392.085199
258,0.9843028783798218,0.9952155886717841,2.1542000000707162e-05,2.137627717137898e-05,robust,StabilityState.DEGRADED,-0.0027281775729904867,0.016148697086334707,0.01571866362017893,1770136392.0862138
259,0.9967139959335327,0.9955152701241339,2.1375000001100375e-05,2.1376021737323262e-05,robust,StabilityState.DEGRADED,0.00029968145234982035,0.035686795364195945,0.0033073790664683855,1770136392.0918589
260,0.9983404278755188,0.9960803016744109,2.1874999999837996e-05,2.147581738982621e-05,robust,StabilityState.DEGRADED,0.0005650315502769843,0.009560279605866029,0.0016814471244810392,1770136392.092791
261,0.99774569272995,0.9964133798855187,2.1792000000075973e-05,2.1539053911876165e-05,robust,StabilityState.DEGRADED,0.0003330782111078401,0.013840042728606505,0.002276099270050125,1770136392.09372
262,0.9951189756393433,0.9961544990362836,2.1583999998853187e-05,2.154804312927157e-05,robust,StabilityState.DEGRADED,-0.00025888084923508803,0.013986324340820033,0.0049026083606555915,1770136392.0946538
263,0.9958466291427612,0.9960929250575792,2.1333000001177993e-05,2.1505034503652853e-05,robust,StabilityState.DEGRADED,-6.157397870443226e-05,0.01907938002758769,0.0041747038572399475,1770136392.095584
264,0.9993634223937988,0.9967470245248231,2.145799999908604e-05,2.1495627602739492e-05,robust,StabilityState.DEGRADED,0.0006540994672439293,0.0005441714324945224,0.0006580356062002579,1770136392.1012402
265,0.9995003938674927,0.9972976983933571,2.1667000000391567e-05,2.152990208226991e-05,robust,StabilityState.DEGRADED,0.000550673868534024,0.0015348544425961563,0.0005212731325077158,1770136392.106946
266,0.9998536705970764,0.9978088928341011,2.1582999998770447e-05,2.1540521665570015e-05,robust,StabilityState.DEGRADED,0.0005111944407439895,0.000442039489929158,0.00016791240292235443,1770136392.107876
267,0.9984789490699768,0.9979429040812763,2.1874999999837996e-05,2.1607417332423612e-05,robust,StabilityState.DEGRADED,0.00013401124717515867,0.002921329666136785,0.0015429259300230314,1770136392.108816
268,0.9986321926116943,0.9980807617873599,2.8874999999928264e-05,2.306093386592454e-05,robust,StabilityState.DEGRADED,0.000137857706083655,0.00432607309704558,0.0013966823883055923,1770136392.109791
269,0.9998365640640259,0.9984319222426932,2.1290999999479254e-05,2.2706947092635487e-05,robust,StabilityState.DEGRADED,0.0003511604553332326,7.046390188669704e-05,0.00018472693597360035,1770136392.110728
270,0.9970643520355225,0.9981584082012591,2.1291999999561995e-05,2.242395767402079e-05,robust,StabilityState.DEGRADED,-0.0002735140414340531,0.008982508621215857,0.002956939964477101,1770136392.111656
271,0.9947047829627991,0.9974676831535672,4.7791000000074746e-05,2.7497366139231582e-05,robust,StabilityState.DEGRADED,-0.0006907250476919646,0.005052916763304438,0.0053430080372010025,1770136392.117179
272,0.9927141070365906,0.996516967930172,2.1333000001177993e-05,2.6264492911620863e-05,robust,StabilityState.DEGRADED,-0.0009507152233951821,0.021734951556977578,0.007307225963410602,1770136392.118135
273,0.993805468082428,0.9959746679606233,2.166699999861521e-05,2.5344994329019736e-05,robust,StabilityState.DEGRADED,-0.0005422999695486874,0.01601727516973739,0.006216198917570637,1770136392.119071
274,0.9833317995071411,0.9934460942699269,2.170900000031395e-05,2.4617795463278578e-05,robust,StabilityState.DEGRADED,-0.0025285736906963674,0.03381780170404092,0.0166899094928592,1770136392.120021
275,0.9879241585731506,0.9923417071305717,2.1374999999324018e-05,2.396923637048767e-05,robust,StabilityState.DEGRADED,-0.001104387139355234,0.03596345093917819,0.01209721642684869,1770136392.120948
276,0.9802878499031067,0.9899309356850787,2.1583999998853187e-05,2.3492189096160772e-05,robust,StabilityState.DEGRADED,-0.002410771445492954,0.0069135061685479116,0.019733734096892164,1770136392.126536
277,0.985954225063324,0.9891355935607279,2.3707999998734408e-05,2.35353512766755e-05,robust,StabilityState.DEGRADED,-0.0007953421243508396,0.00950072298431337,0.01406948293667476,1770136392.127517
278,0.9892502427101135,0.9891585233906051,2.2083999999367165e-05,2.3245081021213835e-05,robust,StabilityState.DEGRADED,2.2929829877171848e-05,0.016441496333710504,0.010771841289885842,1770136392.13324
279,0.9929965734481812,0.9899261334021203,2.1874999999837996e-05,2.297106481693867e-05,robust,StabilityState.DEGRADED,0.0007676100115152629,0.015959701873596188,0.007025301551818686,1770136392.134193
280,0.9766391515731812,0.9872687370363324,2.2125000000983164e-05,2.280185185374757e-05,robust,StabilityState.DEGRADED,-0.0026573963657878785,0.03655308857382167,0.02338297342681983,1770136392.135146
281,0.9784748554229736,0.9855099607136608,2.1874999999837996e-05,2.2616481482965658e-05,robust,StabilityState.DEGRADED,-0.001758776322671629,0.023708073066528,0.021547019577026205,1770136392.136118
282,0.9887996315956116,0.986167894890051,2.1584000000629544e-05,2.2409985186498437e-05,robust,StabilityState.DEGRADED,0.0006579341763901514,0.008374486198057696,0.011221952404389057,1770136392.137058
283,0.986279308795929,0.9861901776712265,2.1667000000391567e-05,2.2261388149277065e-05,robust,StabilityState.DEGRADED,2.2282781175553268e-05,0.04378632770556656,0.013742358204071436,1770136392.142706
284,0.968543529510498,0.9826608480390809,2.1582999998770447e-05,2.2125710519175744e-05,robust,StabilityState.DEGRADED,-0.0035293296321455836,0.025406030582244554,0.031478053489500724,1770136392.143712
285,0.8927164077758789,0.9646719599864406,2.170800000023121e-05,2.2042168415386837e-05,robust,StabilityState.DEGRADED,-0.017988888052640317,0.02857353482418823,0.10730530022412132,1770136392.144672
286,0.9137985706329346,0.9544972821157394,2.1667000000391567e-05,2.1967134732387785e-05,robust,StabilityState.DEGRADED,-0.010174677870701254,0.1066321830406185,0.08622309636706582,1770136392.145609
287,0.9524567127227783,0.9540891682371472,2.2249999998891212e-05,2.2023707785688473e-05,robust,StabilityState.DEGRADED,-0.00040811387859218673,0.030046305991943356,0.04756553727722057,1770136392.146552
288,0.9903773069381714,0.9613467959773521,2.1917000001536735e-05,2.2002366228858126e-05,robust,StabilityState.DEGRADED,0.007257627740204886,0.010095296688080069,0.00964461006183015,1770136392.147491
289,0.9781429171562195,0.9647060202131256,2.1583000000546804e-05,2.1918492983195864e-05,robust,StabilityState.DEGRADED,0.003359224235773506,0.025803480376831445,0.021878665843781064,1770136392.1484249
290,0.9689826369285583,0.9655613435562123,2.145799999908604e-05,2.18263943863739e-05,robust,StabilityState.DEGRADED,0.0008553233430866891,0.07104204164523331,0.031038821071440736,1770136392.149354
291,0.9901085495948792,0.9704707847639457,2.1666000000308827e-05,2.179431550916089e-05,robust,StabilityState.DEGRADED,0.0049094412077334,0.03537130195617699,0.009913116405121158,1770136392.150316
292,0.9936401844024658,0.9751046646916497,2.1667000000391567e-05,2.1768852407407028e-05,robust,StabilityState.DEGRADED,0.004633879927704032,0.03291178191738986,0.006381482597534571,1770136392.1512508
293,0.9965112805366516,0.9793859878606501,2.1959000001459117e-05,2.1806881926217447e-05,robust,StabilityState.DEGRADED,0.004281323169000428,0.022992138282775798,0.003510678463349848,1770136392.152192
294,0.9993636608123779,0.9833815224509957,2.1833999999998355e-05,2.181230554097363e-05,robust,StabilityState.DEGRADED,0.0039955345903456285,0.0038411787303775924,0.0006581731876220687,1770136392.153156
295,0.9962499737739563,0.985955212715588,2.175000000015359e-05,2.1799844432809622e-05,robust,StabilityState.DEGRADED,0.002573690264592199,0.008558194503967442,0.0037717762260438548,1770136392.154099
296,0.9998088479042053,0.9887259397533115,2.170900000031395e-05,2.1781675546310488e-05,robust,StabilityState.DEGRADED,0.0027707270377235194,0.0011275452537535813,0.00021286109579499168,1770136392.1550348
297,0.9998480677604675,0.9909503653547428,2.2040999999362043e-05,2.18335404369208e-05,robust,StabilityState.DEGRADED,0.0022244256014313235,0.00016506705456542647,0.00017397323953183275,1770136392.15597
298,0.9998510479927063,0.9927305018823356,2.2082999999284425e-05,2.1883432349393527e-05,robust,StabilityState.DEGRADED,0.0017801365275927905,0.00038038945007379255,0.0001710350072929856,1770136392.156938
299,0.999763548374176,0.9941371111807038,2.1915999999677638e-05,2.1889945879450353e-05,robust,StabilityState.DEGRADED,0.0014066092983682221,0.0002729507640690798,0.00025836762582365225,1770136392.162107
300,0.9985546469688416,0.9950206183383314,2.2417000000274356e-05,2.1995356703615157e-05,robust,StabilityState.DEGRADED,0.0008835071576276388,0.004991975955963568,0.0014677700311587216,1770136392.1672168
301,0.9998890161514282,0.9959942979009508,2.195799999960002e-05,2.198788536281213e-05,robust,StabilityState.DEGRADED,0.0009736795626194006,0.0001059928283684286,0.00013294184857137736,1770136392.168159
302,0.9944667816162109,0.995688794644003,2.19999999995224e-05,2.1990308290154182e-05,robust,StabilityState.DEGRADED,-0.00030550325694789215,0.011784039879211505,0.005555218383788585,1770136392.169101
303,0.9988297820091248,0.9963169921170273,2.195799999960002e-05,2.198384663204335e-05,robust,StabilityState.DEGRADED,0.0006281974730243389,0.0017912487640376895,0.0011921759908748442,1770136392.1700401
304,0.998955488204956,0.9968446913346131,2.2125000000983164e-05,2.2012077305831314e-05,robust,StabilityState.DEGRADED,0.0005276992175857753,0.0009176000902115788,0.0010666367950449285,1770136392.175066
305,0.9983212351799011,0.9971400001036708,2.1958000001376377e-05,2.2001261844940328e-05,robust,StabilityState.DEGRADED,0.00029530876905770054,0.002476542202177967,0.0017007228201002533,1770136392.176002
306,0.9989791512489319,0.9975078303327231,2.220799999896883e-05,2.204260947574603e-05,robust,StabilityState.DEGRADED,0.00036783022905229057,0.01102963570422233,0.001043056751067084,1770136392.176943
307,0.9993219375610352,0.9978706517783855,2.19999999995224e-05,2.2034087580501305e-05,robust,StabilityState.DEGRADED,0.00036282144566246455,0.0029609594991768518,0.0007000624389643662,1770136392.177887
308,0.9983315467834473,0.997962830779398,2.1792000000075973e-05,2.198567006441624e-05,robust,StabilityState.DEGRADED,9.217900101243792e-05,0.0020196127628171467,0.0016902452165528103,1770136392.178823
309,0.9941356778144836,0.9971974001864152,2.1583999998853187e-05,2.1905336051303627e-05,robust,StabilityState.DEGRADED,-0.0007654305929827299,0.009456852733244148,0.005885906185515211,1770136392.179765
310,0.9938759803771973,0.9965331162245717,2.1832999999915614e-05,2.1890868841026027e-05,robust,StabilityState.DEGRADED,-0.0006642839618434815,0.006635236968994818,0.00614585262280265,1770136392.180753
311,0.9979224801063538,0.9968109890009282,2.216699999912919e-05,2.1946095072646658e-05,robust,StabilityState.DEGRADED,0.00027787277635649144,0.004943536216918787,0.0020996868936453694,1770136392.181699
312,0.9939894080162048,0.9962466728039836,2.2041999999444783e-05,2.1965276058006286e-05,robust,StabilityState.DEGRADED,-0.0005643161969446364,0.010933589226134188,0.006032633983794611,1770136392.18264
313,0.9797931909561157,0.9929559764344101,2.1790999999993232e-05,2.1930420846403677e-05,robust,StabilityState.DEGRADED,-0.003290696369573465,0.052644297965636966,0.02022860004388427,1770136392.183574
314,0.9665077924728394,0.987666339642096,2.170900000031395e-05,2.188613667718573e-05,robust,StabilityState.DEGRADED,-0.00528963679231409,0.05849008310662818,0.03351391652716096,1770136392.184535
315,0.9769573211669922,0.9855245359470753,2.2208000000745187e-05,2.1950509341897623e-05,robust,StabilityState.DEGRADED,-0.0021418036950207053,0.15836970679855256,0.023064886833008558,1770136392.185471
316,0.9430258274078369,0.9770247942392277,2.2082999999284425e-05,2.1977007473374987e-05,robust,StabilityState.DEGRADED,-0.008499741707847619,0.033959011898224034,0.05699625559216237,1770136392.1864052
317,0.9735432267189026,0.9763284807351628,2.1874999999837996e-05,2.195660597866759e-05,robust,StabilityState.DEGRADED,-0.0006963135040649604,0.03974584225482225,0.02647864828109725,1770136392.1873422
318,0.9964708089828491,0.9803569463847002,5.108300000067345e-05,2.7781884783068765e-05,robust,StabilityState.DEGRADED,0.004028465649537405,0.019650732082732603,0.0035802740171515524,1770136392.188344
319,0.9924983382225037,0.9827852247522609,2.1792000000075973e-05,2.6583907826470207e-05,robust,StabilityState.DEGRADED,0.0024282783675607655,0.0221525776750493,0.007523453777496414,1770136392.189305
320,0.999876081943512,0.9862033961905112,2.1582999998770447e-05,2.5583726260930256e-05,robust,StabilityState.DEGRADED,0.003418171438250295,0.0005868597070630699,0.00014550105648680756,1770136392.190242
321,0.9997212886810303,0.9889069746886151,2.19999999995224e-05,2.4866981008648686e-05,robust,StabilityState.DEGRADED,0.0027035784981038757,0.0008733910484313157,0.00030071131896924896,1770136392.191169
322,0.9946269989013672,0.9900509795311656,2.2040999999362043e-05,2.430178480679136e-05,robust,StabilityState.DEGRADED,0.0011440048425505056,0.013268165115539077,0.0053950420986321745,1770136392.192103
323,0.9944658875465393,0.9909339611342405,2.1583999998853187e-05,2.3758227845203728e-05,robust,StabilityState.DEGRADED,0.0008829816030748727,0.0037950917585458654,0.0055556964534595465,1770136392.193037
324,0.9976013898849487,0.9922674468843822,2.370899999881715e-05,2.3748382275926412e-05,robust,StabilityState.DEGRADED,0.0013334857501416941,0.005819361076538243,0.0024223191150500867,1770136392.1939719
325,0.999807596206665,0.9937754767488388,2.1915999999677638e-05,2.3381905820676657e-05,robust,StabilityState.DEGRADED,0.0015080298644566392,0.0008604158405152162,0.00021431979333463858,1770136392.194931
326,0.9998329281806946,0.99498696703521,2.1541000000624422e-05,2.301372465666621e-05,robust,StabilityState.DEGRADED,0.0012114902863711308,0.0005319220617359122,0.00018861281930604434,1770136392.1958668
327,0.9984297156333923,0.9956755167548466,2.166599999853247e-05,2.2744179725039465e-05,robust,StabilityState.DEGRADED,0.0006885497196366108,0.005164127216520598,0.0015919503666061985,1770136392.196846
328,0.9993801116943359,0.9964164357427445,2.19999999995224e-05,2.2595343779936054e-05,robust,StabilityState.DEGRADED,0.000740918987897965,0.0012047518733826479,0.0006418883056635849,1770136392.20254
329,0.9998211860656738,0.9970973858073304,2.1540999998848065e-05,2.2384475023718458e-05,robust,StabilityState.DEGRADED,0.0006809500645859057,0.000216202049072578,0.00020035493432501994,1770136392.208108
330,0.9998088479042053,0.9976396782267055,2.195899999968276e-05,2.229938001891132e-05,robust,StabilityState.DEGRADED,0.00054229241937509,0.0006560491182252548,0.0002131110957943605,1770136392.209043
331,0.9999087452888489,0.9980934916391342,2.1708999998537593e-05,2.2181304014836576e-05,robust,StabilityState.DEGRADED,0.0004538134124286719,0.00017245903051765765,0.00011296371114966064,1770136392.20998
332,0.9975021481513977,0.997975222941587,2.19999999995224e-05,2.214504321177374e-05,robust,StabilityState.DEGRADED,-0.00011826869754716363,0.005649147583191905,0.0025198518486018173,1770136392.2109299
333,0.9999288320541382,0.9983659447640973,2.2249999998891212e-05,2.2166034569197237e-05,robust,StabilityState.DEGRADED,0.0003907218225103204,0.0005286133876953869,9.341794586070762e-05,1770136392.2118661
334,0.9999514222145081,0.9986830402541795,2.1874999999837996e-05,2.2107827655325392e-05,robust,StabilityState.DEGRADED,0.0003170954900821865,0.0008785464664615716,7.045278549178136e-05,1770136392.212805
335,0.9998847842216492,0.9989233890476735,2.195899999968276e-05,2.2078062124196867e-05,robust,StabilityState.DEGRADED,0.00024034879349399407,0.0004900021593030601,0.00013717477835051284,1770136392.213741
336,0.9965701103210449,0.9984527333023479,2.2041999999444783e-05,2.2070849699246453e-05,robust,StabilityState.DEGRADED,-0.00047065574532567656,0.0061940124782395856,0.003451931678954523,1770136392.214675
337,0.9979198575019836,0.9983461581422751,2.1374999999324018e-05,2.1931679759261965e-05,robust,StabilityState.DEGRADED,-0.00010657516007273049,0.003957365787687905,0.0021015174980156814,1770136392.215606
338,0.9830297827720642,0.995282883068233,2.195799999960002e-05,2.1936943807329576e-05,robust,StabilityState.DEGRADED,-0.0030632750740421377,0.011488531631835386,0.01699217522793539,1770136392.2165408
339,0.9736983776092529,0.990965981976437,2.204200000122114e-05,2.1957955046107892e-05,robust,StabilityState.DEGRADED,-0.004316901091795944,0.09519165015029962,0.02632366439074829,1770136392.217473
340,0.984930157661438,0.9897588171134373,2.1666000000308827e-05,2.189956403694808e-05,robust,StabilityState.DEGRADED,-0.0012071648629997656,0.06182864209765704,0.01509150833856232,1770136392.218405
341,0.9975348711013794,0.9913140279110257,2.1792000000075973e-05,2.187805122957366e-05,robust,StabilityState.DEGRADED,0.0015552107975884688,0.00514611379986718,0.0024869208986206814,1770136392.219367
342,0.9975946545600891,0.9925701532408384,2.1916999999760378e-05,2.1885840983611002e-05,robust,StabilityState.DEGRADED,0.001256125329812674,0.014044836799804727,0.002427262439910649,1770136392.2245061
343,0.9996956586837769,0.9939952543294261,2.1790999999993232e-05,2.1866872786887447e-05,robust,StabilityState.DEGRADED,0.0014251010885877324,0.0005075191341550322,0.00032613231622313776,1770136392.225458
344,0.9998362064361572,0.9951634447507723,2.166699999861521e-05,2.1826898229233e-05,robust,StabilityState.DEGRADED,0.0011681904213461936,0.0003008532260739827,0.00018546056384138865,1770136392.226402
345,0.9982654452323914,0.9957838448470961,2.1291999999561995e-05,2.17199185832988e-05,robust,StabilityState.DEGRADED,0.0006204000963238032,0.0024521872978215953,0.0017558467676082046,1770136392.227335
346,0.9997177124023438,0.9965706183581458,2.145799999908604e-05,2.166753486645625e-05,robust,StabilityState.DEGRADED,0.0007867735110496099,0.00025181644058314134,0.00030374559765533604,1770136392.228286
347,0.999853253364563,0.9972271453594292,2.120799999971723e-05,2.1575627893108447e-05,robust,StabilityState.DEGRADED,0.0006565270012834912,0.00018061251794421196,0.00016795463543672895,1770136392.229213
348,0.9995617866516113,0.9976940736178658,2.150000000078478e-05,2.1560502314643714e-05,robust,StabilityState.DEGRADED,0.0004669282584365275,0.0033969993593139236,0.00045971334838945666,1770136392.2301319
349,0.9911910891532898,0.9963934767249506,2.1583000000546804e-05,2.1565001851824332e-05,robust,StabilityState.DEGRADED,-0.0013005968929151734,0.008186756194884737,0.008830493846710752,1770136392.231053
350,0.9882368445396423,0.994762150287889,2.5790999998775987e-05,2.2410201481214664e-05,robust,StabilityState.DEGRADED,-0.0016313264370616531,0.00611000946408069,0.011788946460356442,1770136392.232051
351,0.9998272657394409,0.9957751733781993,2.437500000063153e-05,2.280316118509804e-05,robust,StabilityState.DEGRADED,0.001013023090310372,0.0005774059638969931,0.00019710926055971356,1770136392.233057
352,0.9992309212684631,0.9964663229562521,2.1249999999639613e-05,2.2492528948006354e-05,robust,StabilityState.DEGRADED,0.0006911495780528298,0.0027555575675961563,0.0007903287315365048,1770136392.234001
353,0.9968677163124084,0.9965466016274834,2.116699999987759e-05,2.2227423158380605e-05,robust,StabilityState.DEGRADED,8.027867123128196e-05,0.003923131721862205,0.0031534506875914303,1770136392.234931
354,0.996269941329956,0.996491269567978,2.1083000000032825e-05,2.199853852671105e-05,robust,StabilityState.DEGRADED,-5.533205950547515e-05,0.003328167576020391,0.003751141670043978,1770136392.235874
355,0.9900452494621277,0.9952020655468079,2.091700000050878e-05,2.17822308214706e-05,robust,StabilityState.DEGRADED,-0.001289204021170054,0.011528061790283317,0.009975667537872823,1770136392.2368178
356,0.9973633289337158,0.9956343182241896,2.1375000001100375e-05,2.1700784657396555e-05,robust,StabilityState.DEGRADED,0.0004322526773816726,0.012027762504212447,0.00265804606628528,1770136392.23775
357,0.99119633436203,0.9947467214517577,2.1249999999639613e-05,2.161062772584517e-05,robust,StabilityState.DEGRADED,-0.0008875967724318867,0.0018111755525502815,0.00882491563796961,1770136392.238698
358,0.9610758423805237,0.988012545637511,2.2082999999284425e-05,2.1705102180533023e-05,robust,StabilityState.DEGRADED,-0.0067341758142467345,0.05760190657461628,0.0389462406194756,1770136392.244343
359,0.9820629358291626,0.9868226236758414,2.1249999999639613e-05,2.161408174435434e-05,robust,StabilityState.DEGRADED,-0.00118992196166956,0.011348694507598012,0.017958314170837042,1770136392.245267
360,0.9949871897697449,0.9884555368946222,2.225000000066757e-05,2.174126539561699e-05,robust,StabilityState.DEGRADED,0.0016329132187807849,0.012285385825927975,0.0050350602302557945,1770136392.250796
361,0.999384880065918,0.9906414055288815,2.1625000000469186e-05,2.171801231658743e-05,robust,StabilityState.DEGRADED,0.0021858686342592915,0.002830162280670123,0.0006367449340825004,1770136392.25184
362,0.9989625215530396,0.9923056287337131,2.1375000001100375e-05,2.164940985349002e-05,robust,StabilityState.DEGRADED,0.0016642232048316163,0.0018918920555108798,0.0010588534469615496,1770136392.252766
363,0.9992357492446899,0.9936916528359085,2.1332999999401636e-05,2.1586127882672343e-05,robust,StabilityState.DEGRADED,0.00138602410219546,0.0003052516208796874,0.0007855837553094602,1770136392.2536871
364,0.9955487251281738,0.9940630672943616,2.216699999912919e-05,2.1702302305963713e-05,robust,StabilityState.DEGRADED,0.00037141445845301213,0.009924654148285583,0.004473441871825301,1770136392.2588851
365,0.998633086681366,0.9949770711717625,2.2209000000827928e-05,2.180364184493656e-05,robust,StabilityState.DEGRADED,0.0009140038774009263,0.009243224895659097,0.0013891223186348611,1770136392.259858
366,0.9988201856613159,0.9957456940696733,2.5124999998737962e-05,2.2467913475696838e-05,robust,StabilityState.DEGRADED,0.0007686228979107979,0.0006483239097594407,0.00120493933868282,1770136392.260878
367,0.9997381567955017,0.996544186614839,2.2374999998575618e-05,2.2449330780272593e-05,robust,StabilityState.DEGRADED,0.0007984925451657299,0.0010798960496813947,0.00028421820449686663,1770136392.2619069
368,0.9998511672019958,0.9972055827322704,2.1833999999998355e-05,2.2326264624217747e-05,robust,StabilityState.DEGRADED,0.0006613961174314342,0.0005243940393366842,0.00017066679800414875,1770136392.262909
369,0.9998737573623657,0.9977392176582895,2.1542000000707162e-05,2.216941169951563e-05,robust,StabilityState.DEGRADED,0.0005336349260190998,0.00038738805389471054,0.0001477846376349845,1770136392.263839
370,0.9998676776885986,0.9981649096643515,2.1583000000546804e-05,2.2052129359721863e-05,robust,StabilityState.DEGRADED,0.00042569200606190627,8.265845870880639e-05,0.000153905311401914,1770136392.264776
371,0.9998729228973389,0.998506512310949,2.1291999999561995e-05,2.190010348768989e-05,robust,StabilityState.DEGRADED,0.0003416026465975497,0.00020788202667354483,0.0001483691026606948,1770136392.265693
372,0.9994155168533325,0.9986883132194257,2.1249999999639613e-05,2.1770082790079835e-05,robust,StabilityState.DEGRADED,0.000181800908476748,0.0015698003690793882,0.0006057331466671201,1770136392.2666292
373,0.9822828769683838,0.9954072259692174,2.1000000000270802e-05,2.1616066232118027e-05,robust,StabilityState.DEGRADED,-0.00328108725020837,0.009418916225616414,0.017738123031616482,1770136392.26756
374,0.9959383010864258,0.9955134409926591,2.1290999999479254e-05,2.1551052985590275e-05,robust,StabilityState.DEGRADED,0.00010621502344176914,0.0031228821561892772,0.004082989913573698,1770136392.268506
375,0.9973069429397583,0.995872141382079,2.1499999999008423e-05,2.1540842388273906e-05,robust,StabilityState.DEGRADED,0.0003587003894198748,0.027365098907104368,0.0027145570602407076,1770136392.269425
376,0.9957243800163269,0.9958425891089286,2.150000000078478e-05,2.1532673910776084e-05,robust,StabilityState.DEGRADED,-2.955227315037945e-05,0.003252875328247029,0.0042971199836738805,1770136392.270348
377,0.9978862404823303,0.996251319383609,2.1499999999008423e-05,2.1526139128422552e-05,robust,StabilityState.DEGRADED,0.00040873027468035783,0.0017504864427486666,0.002135259517668686,1770136392.271273
378,0.9977546334266663,0.9965519821922205,2.1583999998853187e-05,2.153771130250868e-05,robust,StabilityState.DEGRADED,0.0003006628086115182,0.008880555492584818,0.0022669505733325934,1770136392.2721999
379,0.9790629148483276,0.993054168723442,2.1041999998416827e-05,2.1438569041690315e-05,robust,StabilityState.DEGRADED,-0.0034978134687785323,0.01825875509225483,0.02095812715167078,1770136392.2731352
380,0.9364314079284668,0.981729616564447,2.1041000000110444e-05,2.1359055233374342e-05,robust,StabilityState.DEGRADED,-0.011324552158994972,0.03420560836010722,0.06358963307153331,1770136392.274055
381,0.9847730994224548,0.9823383131360486,2.116699999987759e-05,2.132064418667499e-05,robust,StabilityState.DEGRADED,0.0006086965716015635,0.011186038524627406,0.015248067577545044,1770136392.274977
382,0.9935730695724487,0.9845852644233286,2.095800000034842e-05,2.1248115349409675e-05,robust,StabilityState.DEGRADED,0.00224695128728003,0.028907960346403527,0.006447888427551618,1770136392.275938
383,0.9861115217208862,0.9848905158828403,2.116699999987759e-05,2.123189227950326e-05,robust,StabilityState.DEGRADED,0.00030525145951165733,0.007611213977446241,0.013909645279113647,1770136392.276851
384,0.9951414465904236,0.9869407020243569,2.2082999999284425e-05,2.1402113823459497e-05,robust,StabilityState.DEGRADED,0.002050186141516641,0.009467921360014842,0.0048806364095757004,1770136392.2825322
385,0.9832009673118591,0.9861927550818574,2.229100000050721e-05,2.157989105886904e-05,robust,StabilityState.DEGRADED,-0.0007479469424994667,0.0106018999593811,0.016821323688141376,1770136392.283533
386,0.964859664440155,0.981926136953517,2.200000000129876e-05,2.1663912847354986e-05,robust,StabilityState.DEGRADED,-0.004266618128340394,0.03133638892346191,0.03516233555984627,1770136392.284502
387,0.9837633967399597,0.9822935889108055,2.1916999999760378e-05,2.171453027783607e-05,robust,StabilityState.DEGRADED,0.00036745195728848934,0.03033126398467978,0.016258520260040044,1770136392.28549
388,0.9904603362083435,0.9839269383703132,2.1792000000075973e-05,2.173002422228405e-05,robust,StabilityState.DEGRADED,0.0016333494595076603,0.028188161609648432,0.00956145579165657,1770136392.286433
389,0.9979610443115234,0.9867337595585552,2.2375000000351974e-05,2.1859019377897638e-05,robust,StabilityState.DEGRADED,0.002806821188242048,0.006306658233642182,0.0020613306884769145,1770136392.2873979
390,0.9996315836906433,0.9893133243849729,2.1583000000546804e-05,2.1803815502427473e-05,robust,StabilityState.DEGRADED,0.002579564826417635,0.002108178474243161,0.00038999930935723626,1770136392.288333
391,0.9997447729110718,0.9913996140901927,2.170800000023121e-05,2.178465240198822e-05,robust,StabilityState.DEGRADED,0.002086289705219846,0.0001117442928464385,0.00027693508892845387,1770136392.2892742
392,0.9986621141433716,0.9928521141008285,2.1874999999837996e-05,2.1802721921558177e-05,robust,StabilityState.DEGRADED,0.0014525000106357933,0.0016441037332448616,0.001359760856628256,1770136392.290211
393,0.9899531006813049,0.9922723114169238,2.1583000000546804e-05,2.1758777537355902e-05,robust,StabilityState.DEGRADED,-0.0005798026839046733,0.009660088199799688,0.010068482318695615,1770136392.29115
394,0.9924979209899902,0.9923174333315372,2.1542000000707162e-05,2.1715422030026155e-05,robust,StabilityState.DEGRADED,4.512191461336634e-05,0.026771764854430558,0.007523621010010473,1770136392.292083
395,0.9978981614112854,0.9934335789474869,2.2208000000745187e-05,2.1813937624169962e-05,robust,StabilityState.DEGRADED,0.0011161456159496375,0.0025095153846734775,0.002124046588715345,1770136392.293021
396,0.9988918900489807,0.9945252411677856,3.954199999967045e-05,2.5359550099270063e-05,robust,StabilityState.DEGRADED,0.0010916622202987725,0.0023691462137147568,0.0011476519510189576,1770136392.2940311
397,0.9993500113487244,0.9954901952039734,2.2459000000196738e-05,2.4779440079455402e-05,robust,StabilityState.DEGRADED,0.0009649540361877929,0.0008670345842283211,0.0006724476512758315,1770136392.295069
398,0.9950838088989258,0.9954089179429639,2.1958000001376377e-05,2.42151520638396e-05,robust,StabilityState.DEGRADED,-8.127726100948252e-05,0.018399963821410736,0.004938149101075595,1770136392.296028
399,0.985144853591919,0.993356105072755,2.1625000000469186e-05,2.3697121651165517e-05,robust,StabilityState.DEGRADED,-0.0020528128702089754,0.04769739286785857,0.014876771408081524,1770136392.2969768
400,0.9917358756065369,0.9930320591795114,2.1249999999639613e-05,2.320769732086034e-05,robust,StabilityState.DEGRADED,-0.0003240458932435297,0.03463370752352901,0.008285374393462774,1770136392.297895
401,0.9886852502822876,0.9921626974000668,2.125000000141597e-05,2.281615785697147e-05,robust,StabilityState.DEGRADED,-0.0008693617794446329,0.013274566672912158,0.011335999717713818,1770136392.298808
402,0.9981279969215393,0.9933557573043614,2.1291999999561995e-05,2.2511326285489575e-05,robust,StabilityState.DEGRADED,0.0011930599042946355,0.008116076900115843,0.0018932950784602554,1770136392.2997189
403,0.9950215816497803,0.9936889221734453,2.091700000050878e-05,2.2192461028493417e-05,robust,StabilityState.DEGRADED,0.00033316486908385734,0.005543243408386189,0.004999335350220235,1770136392.30063
404,0.9997215270996094,0.9948954431586782,2.1000000000270802e-05,2.1953968822848896e-05,robust,StabilityState.DEGRADED,0.001206520985232884,0.0027032422941282164,0.0002994729003908958,1770136392.301541
405,0.9999505877494812,0.9959064720768388,2.1000000000270802e-05,2.1763175058333275e-05,robust,StabilityState.DEGRADED,0.001011028918160628,0.0008227401468197115,7.041225051906963e-05,1770136392.30245
406,0.9979959726333618,0.9963243721881435,2.0875000000586397e-05,2.15855400467839e-05,robust,StabilityState.DEGRADED,0.00041790011130471427,0.003573810363587171,0.00202490236663877,1770136392.30336
407,0.999518096446991,0.9969631170399131,2.1332999999401636e-05,2.153503203730745e-05,robust,StabilityState.DEGRADED,0.0006387448517696237,0.0028215553514403524,0.0005032365530084348,1770136392.304272
408,0.9999718070030212,0.9975648550325348,2.1625000000469186e-05,2.15530256299398e-05,robust,StabilityState.DEGRADED,0.0006017379926216426,0.00028222785586606847,4.981799697922895e-05,1770136392.305214
409,0.9950889945030212,0.9970696829266321,2.2375000000351974e-05,2.1717420504022237e-05,robust,StabilityState.DEGRADED,-0.0004951721059026637,0.0006381259573071674,0.004933380496979112,1770136392.3061361
410,0.9510406851768494,0.9878638833766756,2.1874999999837996e-05,2.1748936403185392e-05,robust,StabilityState.DEGRADED,-0.009205799549956484,0.017189828090668158,0.04898118982315047,1770136392.307081
411,0.9911385178565979,0.9885188102726601,2.095800000034842e-05,2.1590749122617998e-05,robust,StabilityState.DEGRADED,0.0006549268959844534,0.01374757755242939,0.008882440143402448,1770136392.308034
412,0.9963002800941467,0.9900751042369574,2.1124999999955207e-05,2.1497599298085442e-05,robust,StabilityState.DEGRADED,0.0015562939642973506,0.008056877208892033,0.0037208449058532267,1770136392.308966
413,0.9999071955680847,0.992041522503183,2.120799999971723e-05,2.14396794384118e-05,robust,StabilityState.DEGRADED,0.001966418266225567,0.0003014321329040115,0.00011401243191500043,1770136392.310287
414,0.9989823698997498,0.9934296919824964,2.120899999979997e-05,2.1393543550689433e-05,robust,StabilityState.DEGRADED,0.001388169479313417,0.004628954483216319,0.0010388391002500441,1770136392.311237
415,0.9771301746368408,0.9901697885133653,2.0957999998572063e-05,2.130643484026596e-05,robust,StabilityState.DEGRADED,-0.0032599034691310758,0.009509318867095828,0.022890783363157752,1770136392.312154
416,0.9384992122650146,0.9798356732636953,2.1084000000115566e-05,2.1261947872235883e-05,robust,StabilityState.DEGRADED,-0.010334115249670095,0.08572708265286266,0.06152187173498547,1770136392.313057
417,0.9411900639533997,0.9721065514016363,2.383300000019517e-05,2.177615829782774e-05,robust,StabilityState.DEGRADED,-0.007729121862058985,0.07090352091580243,0.05883376904660054,1770136392.3139682
418,0.973365306854248,0.9723583024921587,2.1416000000940016e-05,2.1704126638450195e-05,robust,StabilityState.DEGRADED,0.00025175109052244515,0.05211535599899264,0.026656109145752893,1770136392.3149052
419,0.940886914730072,0.9660640249397414,2.08339999989704e-05,2.1530101310554237e-05,robust,StabilityState.DEGRADED,-0.006294277552417293,0.03285898980676194,0.05913391926992695,1770136392.31584
420,0.9830073714256287,0.9694526942369189,2.1042000000193184e-05,2.1432481048482028e-05,robust,StabilityState.DEGRADED,0.0033886692971775156,0.04385309695416417,0.01701367057437153,1770136392.316749
421,0.9596409201622009,0.9674903394219754,2.0916000000426038e-05,2.132918483887083e-05,robust,StabilityState.DEGRADED,-0.0019623548149435566,0.052246568752471134,0.0403799958377995,1770136392.3176808
422,0.974931538105011,0.9689785791585825,2.1209000001576328e-05,2.1305147871411933e-05,robust,StabilityState.DEGRADED,0.0014882397366071665,0.14395449192465293,0.02508967089499059,1770136392.3185952
423,0.9079286456108093,0.9567685924490279,2.1084000000115566e-05,2.126091829715266e-05,robust,StabilityState.DEGRADED,-0.012209986709554643,0.10242293970089733,0.09209243838919079,1770136392.319499
424,0.9997955560684204,0.9653739851729064,2.175000000015359e-05,2.1358734637752847e-05,robust,StabilityState.DEGRADED,0.008605392723878502,0.00031629106158348463,0.00022619393157974343,1770136392.320435
425,0.999852180480957,0.9722696242345166,2.116699999987759e-05,2.1320387710177798e-05,robust,StabilityState.DEGRADED,0.00689563906161017,0.00015759354364064393,0.00016898651904284634,1770136392.321394
426,0.9970706701278687,0.977229833413187,2.1042000000193184e-05,2.1264710168180876e-05,robust,StabilityState.DEGRADED,0.0049602091786704605,0.008581578594391459,0.002950371872131541,1770136392.322885
427,0.989558219909668,0.9796955107124833,2.095800000034842e-05,2.1203368134614386e-05,robust,StabilityState.DEGRADED,0.002465677299296254,0.010332947662536895,0.01046273809033238,1770136392.323794
428,0.9929615259170532,0.9823487137533973,2.0916999998732422e-05,2.1146094507437995e-05,robust,StabilityState.DEGRADED,0.0026532030409139873,0.02953091211682235,0.00705939108294551,1770136392.3247051
429,0.9945223331451416,0.9847834376317461,2.1291999999561995e-05,2.1175275605862798e-05,robust,StabilityState.DEGRADED,0.0024347238783488656,0.025996666053771378,0.00549895885485796,1770136392.326129
430,0.9923892021179199,0.9863045905289809,2.120899999979997e-05,2.1182020484650232e-05,robust,StabilityState.DEGRADED,0.0015211528972347566,0.023505001506805456,0.007632006882079878,1770136392.327039
431,0.9966509938240051,0.9883738711879858,2.3915999999957194e-05,2.1728816387711627e-05,robust,StabilityState.DEGRADED,0.002069280659004913,0.004643902900696162,0.0033729221759948302,1770136392.3281221
432,0.9942142963409424,0.9895419562185771,2.1917000001536735e-05,2.1766453110476648e-05,robust,StabilityState.DEGRADED,0.0011680850305912927,0.01728653724307172,0.005807620659059154,1770136392.329518
433,0.995905339717865,0.9908146329184347,2.1584000000629544e-05,2.1729962488507228e-05,robust,StabilityState.DEGRADED,0.0012726766998576444,0.006324706859588858,0.004116244282135639,1770136392.330474
434,0.9981697797775269,0.9922856622902532,2.1374999999324018e-05,2.1658969990670584e-05,robust,StabilityState.DEGRADED,0.001471029371818422,0.0023503287506105863,0.0018515952224724685,1770136392.331879
435,0.9906545281410217,0.9919594354604069,2.1667000000391567e-05,2.1660575992614782e-05,robust,StabilityState.DEGRADED,-0.0003262268298462878,0.017929958034516247,0.009367138858978663,1770136392.332818
436,0.997504711151123,0.9930684905985502,2.1832999999915614e-05,2.169506079407495e-05,robust,StabilityState.DEGRADED,0.0011090551381433,0.008821574615295091,0.0025171218488768687,1770136392.333777
437,0.9775843024253845,0.9899716529639171,2.1000000000270802e-05,2.155604863531412e-05,robust,StabilityState.DEGRADED,-0.0030968376346330873,0.0093287520027161,0.02243669757461575,1770136392.3347042
438,0.9872515797615051,0.9894276383234347,2.150000000078478e-05,2.154483890840825e-05,robust,StabilityState.DEGRADED,-0.0005440146404823709,0.005305974922180212,0.012769920238495658,1770136392.335648
439,0.9991894960403442,0.9913800098668166,2.116699999987759e-05,2.1469271126702118e-05,robust,StabilityState.DEGRADED,0.0019523715433819033,0.006724952281768282,0.0008316709596556393,1770136392.337096
440,0.999106764793396,0.9929253608521326,2.1374999999324018e-05,2.14504169012265e-05,robust,StabilityState.DEGRADED,0.0015453509853159408,0.0008961313016957462,0.0009146102066033279,1770136392.338041
441,0.9994075298309326,0.9942217946478926,2.1124999999955207e-05,2.1385333520972243e-05,robust,StabilityState.DEGRADED,0.0012964337957600547,0.0018642588956918615,0.000613595169067338,1770136392.339477
442,0.9958270192146301,0.9945428395612401,2.1332999999401636e-05,2.1374866816658123e-05,robust,StabilityState.DEGRADED,0.0003210449133475013,0.013585983337218721,0.004194313785369275,1770136392.340405
443,0.9999265670776367,0.9956195850645195,2.1458999999168782e-05,2.1391693453160256e-05,robust,StabilityState.DEGRADED,0.0010767455032794082,0.00024235088348412148,9.489192236245003e-05,1770136392.341334
444,0.9977452158927917,0.996044711230174,2.1333999999484377e-05,2.1380154762425083e-05,robust,StabilityState.DEGRADED,0.000425126165654488,0.007013713622864515,0.0022761181072077363,1770136392.3422568
445,0.9966043829917908,0.9961566455824974,2.1291999999561995e-05,2.1362523809852467e-05,robust,StabilityState.DEGRADED,0.0001119343523233729,0.011490724654786177,0.0034169090082087905,1770136392.343185
446,0.9982532262802124,0.9965759617220404,2.491700000106789e-05,2.2073419048095554e-05,robust,StabilityState.DEGRADED,0.0004193161395430467,0.0015386693723762335,0.0017716907197886655,1770136392.3441641
447,0.9954324960708618,0.9963472685918047,2.116699999987759e-05,2.189213523845196e-05,robust,StabilityState.DEGRADED,-0.00022869313023576865,0.020587562145051308,0.004588670929138061,1770136392.345092
448,0.9998182654380798,0.9970414679610597,2.0791000000741633e-05,2.1671908190909897e-05,robust,StabilityState.DEGRADED,0.0006941993692550774,0.0027700530776968435,0.00020252556192090765,1770136392.346001
449,0.9997574090957642,0.9975846561880006,2.1124999999955207e-05,2.156252655271896e-05,robust,StabilityState.DEGRADED,0.0005431882269408828,0.0001163058969435582,0.00026371590423579505,1770136392.3469062
450,0.9997726082801819,0.998022246606437,2.1041000000110444e-05,2.1458221242197258e-05,robust,StabilityState.DEGRADED,0.00043759041843638435,0.0005223747371516652,0.0002484327198182257,1770136392.347811
451,0.9964591264724731,0.9977096225796442,2.2458000000113998e-05,2.165817699378061e-05,robust,StabilityState.DEGRADED,-0.0003126240267927738,0.008877896678924913,0.0035633315275269695,1770136392.348732
452,0.9977341294288635,0.9977145239494882,2.095900000043116e-05,2.1518341595110718e-05,robust,StabilityState.DEGRADED,4.901369843990366e-06,0.0026188725357059184,0.0022868295711369058,1770136392.349657
453,0.9957969784736633,0.9973310148543233,2.0749999999125635e-05,2.1364673275913703e-05,robust,StabilityState.DEGRADED,-0.0003835090951649356,0.0023172438470773216,0.0042237715263357956,1770136392.3505611
454,0.9999336004257202,0.9978515319686028,2.1374999999324018e-05,2.136673862059577e-05,robust,StabilityState.DEGRADED,0.0005205171142794729,0.0001128910600591837,8.777457427910917e-05,1770136392.354445
455,0.9993334412574768,0.9981479138263776,2.1291999999561995e-05,2.1351790896389015e-05,robust,StabilityState.DEGRADED,0.00029638185777480786,0.0008879886282038285,0.0006878507425227554,1770136392.3553689
456,0.9952625632286072,0.9975708437068236,2.1042000000193184e-05,2.128983271714985e-05,robust,StabilityState.DEGRADED,-0.0005770701195539907,0.004333573165894222,0.0047584787713930154,1770136392.356281
457,0.9946517944335938,0.9969870338521777,2.1042000000193184e-05,2.1240266173758517e-05,robust,StabilityState.DEGRADED,-0.0005838098546459003,0.028025584999083364,0.005369247566406443,1770136392.357183
458,0.995669424533844,0.996723511988511,2.1000000000270802e-05,2.1192212939060973e-05,robust,StabilityState.DEGRADED,-0.000263521863666738,0.004009955921539188,0.004351575466156277,1770136392.3580868
459,0.999753475189209,0.9973295046286506,2.1042000000193184e-05,2.1162170351287416e-05,robust,StabilityState.DEGRADED,0.0006059926401396076,0.0002992501564023087,0.0002675668107912088,1770136392.3589911
460,0.9999024868011475,0.99784410106315,2.1083000000032825e-05,2.11463362810365e-05,robust,StabilityState.DEGRADED,0.0005145964344994702,0.0003370279197696391,0.00011859619885257189,1770136392.359908
461,0.9998540878295898,0.998246098416438,2.5332999999960748e-05,2.1983669024821348e-05,robust,StabilityState.DEGRADED,0.00040199735328794173,0.00028439701843296916,0.000171245170410117,1770136392.360895
462,0.9985322952270508,0.9983033377785606,2.1667000000391567e-05,2.1920335219935395e-05,robust,StabilityState.DEGRADED,5.7239362122651904e-05,0.005053481926147185,0.0014893717729496103,1770136392.3619142
463,0.9999256730079651,0.9986278048244416,2.1874999999837996e-05,2.1911268175915916e-05,robust,StabilityState.DEGRADED,0.00032446704588096065,0.00017793709963953575,9.62019920347501e-05,1770136392.3629062
464,0.9998505711555481,0.998872358090663,2.1333999999484377e-05,2.179581454062961e-05,robust,StabilityState.DEGRADED,0.0002445532662214145,0.00025716325396629713,0.00017076284445138867,1770136392.363883
465,0.9995438456535339,0.9990066556032372,2.129200000133835e-05,2.1695051632771363e-05,robust,StabilityState.DEGRADED,0.00013429751257421074,0.00015340338134706144,0.0004774463464674028,1770136392.36484
466,0.9991074800491333,0.9990268204924165,2.145799999908604e-05,2.16476413060343e-05,robust,StabilityState.DEGRADED,2.016488917933046e-05,0.0006215206567681264,0.0009139779508657853,1770136392.365769
467,0.9998812079429626,0.9991976979825258,2.1542000000707162e-05,2.1626513044968873e-05,robust,StabilityState.DEGRADED,0.0001708774901092447,0.0003515236623847784,0.00014033405703806068,1770136392.366693
468,0.9656269550323486,0.9924835493924904,2.1124999999955207e-05,2.152621043596614e-05,robust,StabilityState.DEGRADED,-0.006714148590035385,0.22929463873291134,0.03439416996765132,1770136392.367615
469,0.9770021438598633,0.989387268285965,2.0958999998654804e-05,2.1412768348503875e-05,robust,StabilityState.DEGRADED,-0.003096281106525378,0.05924561521167071,0.023018815140135374,1770136392.368557
470,0.9860317707061768,0.9887161687700073,2.1124999999955207e-05,2.1355214678794142e-05,robust,StabilityState.DEGRADED,-0.0006710995159576738,0.06895891335678073,0.013989354293823197,1770136392.369476
471,0.931090772151947,0.9771910894463953,2.1374999999324018e-05,2.1359171742900117e-05,robust,StabilityState.DEGRADED,-0.01152507932361202,0.030420332393646277,0.0689306028480523,1770136392.370395
472,0.9474390745162964,0.9712406864603755,2.1084000000115566e-05,2.1304137394343208e-05,robust,StabilityState.DEGRADED,-0.005950402986019787,0.08296430653036424,0.05258200948370373,1770136392.3713229
473,0.9758833646774292,0.9721692221037863,2.195799999960002e-05,2.143490991539457e-05,robust,StabilityState.DEGRADED,0.0009285356434107772,0.013520275623321254,0.0241385933225704,1770136392.37225
474,0.9314631819725037,0.9640280140775299,2.1499999999008423e-05,2.144792793211734e-05,robust,StabilityState.DEGRADED,-0.008141208026256397,0.1391635913467404,0.06855831802749535,1770136392.373215
475,0.9806841015815735,0.9673592315783387,2.091700000050878e-05,2.134174234579563e-05,robust,StabilityState.DEGRADED,0.0033312175008087808,0.08722568146896492,0.019336815418427022,1770136392.374133
476,0.9370421171188354,0.961295808686438,2.1332999999401636e-05,2.1339993876516836e-05,robust,StabilityState.DEGRADED,-0.006063422891900649,0.08860768032092281,0.06297921588116395,1770136392.3750641
477,0.9684540033340454,0.9627274476159596,2.1124999999955207e-05,2.1296995101204512e-05,robust,StabilityState.DEGRADED,0.0014316389295215837,0.1504230661617445,0.031567121665954545,1770136392.375989
478,0.9468923807144165,0.9595604342356511,2.2082999999284425e-05,2.1454196080820497e-05,robust,StabilityState.DEGRADED,-0.0031670133803085587,0.05223831675357005,0.05312970228558278,1770136392.3812191
479,0.9547742605209351,0.958603199492708,2.2333000000429593e-05,2.1629956864742317e-05,robust,StabilityState.DEGRADED,-0.0009572347429430694,0.08546972091311567,0.04524807247906537,1770136392.382198
480,0.8933734893798828,0.945557257470143,2.1874999999837996e-05,2.1678965491761455e-05,robust,StabilityState.DEGRADED,-0.013045942022565038,0.059560976363952634,0.10664838562011703,1770136392.383136
481,0.9570547342300415,0.9478567528221228,2.2124999999206807e-05,2.1768172393250526e-05,robust,StabilityState.DEGRADED,0.002299495351979819,0.07704148076974526,0.0429673907699577,1770136392.3840718
482,0.9777207970619202,0.9538295616700823,2.2208000000745187e-05,2.185613791474946e-05,robust,StabilityState.DEGRADED,0.0059728088479594765,0.01765615143603405,0.02230141093808058,1770136392.389819
483,0.9941654801368713,0.9618967453634402,2.3999999999801958e-05,2.228491033175996e-05,robust,StabilityState.DEGRADED,0.008067183693357904,0.026797563014801185,0.005858519863128464,1770136392.3955781
484,0.9960677027702332,0.9687309368447988,2.225000000066757e-05,2.2277928265541484e-05,robust,StabilityState.DEGRADED,0.006834191481358665,0.014175907646178487,0.003954547229767513,1770136392.396615
485,0.9873002767562866,0.9724448048270964,2.1291999999561995e-05,2.2080742612345588e-05,robust,StabilityState.DEGRADED,0.0037138679822975584,0.033678398021331546,0.012721015243712941,1770136392.397598
486,0.9813136458396912,0.9742185730296153,2.120799999971723e-05,2.1906194089819917e-05,robust,StabilityState.DEGRADED,0.001773768202518955,0.024157279529937625,0.018707562160308555,1770136392.39853
487,0.9853644371032715,0.9764477458443467,2.145799999908604e-05,2.1816555271673144e-05,robust,StabilityState.DEGRADED,0.0022291728147313394,0.019913582007994535,0.014657020896727602,1770136392.39946
488,0.9851102828979492,0.9781802532550672,2.1374999999324018e-05,2.1728244217203317e-05,robust,StabilityState.DEGRADED,0.0017325074107205074,0.01829325992584252,0.014911092102050105,1770136392.405066
489,0.9997660517692566,0.9824974129579052,2.1417000001022757e-05,2.1665995373967206e-05,robust,StabilityState.DEGRADED,0.004317159702837969,0.00022198493212854942,0.00025536523074443096,1770136392.405992
490,0.9998506307601929,0.9859680565183627,2.462500000000034e-05,2.2257796299173834e-05,robust,StabilityState.DEGRADED,0.0034706435604575647,0.0007300020408624874,0.00017399423980712925,1770136392.411718
491,0.9998974204063416,0.9887539292959585,2.19999999995224e-05,2.2206237039243547e-05,robust,StabilityState.DEGRADED,0.002785872777595788,0.0002906392971180338,0.00012457959365796967,1770136392.4174342
492,0.9967034459114075,0.9903438326190483,2.2417000000274356e-05,2.224838963144971e-05,robust,StabilityState.DEGRADED,0.0015899033230898363,0.00533832094210851,0.0033189710885928037,1770136392.418415
493,0.9959859251976013,0.9914722511347589,2.229200000058995e-05,2.225711170527776e-05,robust,StabilityState.DEGRADED,0.0011284185157105497,0.05429625350952172,0.004036366802399272,1770136392.419371
494,0.985450804233551,0.9902679617545174,2.1832999999915614e-05,2.217228936420533e-05,robust,StabilityState.DEGRADED,-0.00120428938024153,0.039956794674102625,0.01457102876644889,1770136392.420321
495,0.9896079897880554,0.990135967361225,2.1832999999915614e-05,2.210443149134739e-05,robust,StabilityState.DEGRADED,-0.00013199439329236728,0.01368484358251898,0.010413843211944496,1770136392.4213288
496,0.9898645281791687,0.9900816795248137,2.162499999869283e-05,2.2008545192816477e-05,robust,StabilityState.DEGRADED,-5.428783641125978e-05,0.018289837833222578,0.010157096820829992,1770136392.422294
497,0.9940827488899231,0.9908818933978356,2.19999999995224e-05,2.200683615415766e-05,robust,StabilityState.DEGRADED,0.0008002138730218711,0.003083287067413565,0.005939251110076427,1770136392.423265
498,0.996569037437439,0.9920193222057564,2.145799999908604e-05,2.1897068923143337e-05,robust,StabilityState.DEGRADED,0.0011374288079207817,0.00817174717330893,0.003452420562560121,1770136392.424232
499,0.9875704050064087,0.9911295387658869,2.195899999968276e-05,2.1909455138451223e-05,robust,StabilityState.DEGRADED,-0.0008897834398694515,0.02998890695153733,0.012451553993590991,1770136392.4251788
