step,reliability,smoothed_reliability,latency,smoothed_latency,active_model,controller_state,deriv,fast_J,robust_J,timestamp
0,0.6456639766693115,0.6456639766693115,5.3999999999554404e-05,5.3999999999554404e-05,fast,LearningControllerState.STABLE,0.0,0.35439002333068803,0.2038272079736636,1770136213.902476
1,0.9169034361839294,0.6999118685722352,2.4707999999762364e-05,4.8141599999596e-05,robust,LearningControllerState.STABLE,0.05424789190292367,0.08312127181607032,0.22977551140231345,1770136213.903407
2,0.8059914112091064,0.7211277770996095,2.175000000015359e-05,4.286327999970752e-05,fast,LearningControllerState.STABLE,0.021215908527374316,0.16769713558978339,0.1940303387908937,1770136213.9043531
3,0.8131333589553833,0.7395288934707643,2.354200000009854e-05,3.899902399978573e-05,fast,LearningControllerState.STABLE,0.018401116371154824,0.1868901830446168,0.08541915470904549,1770136213.905317
4,0.8938314914703369,0.7703894130706789,2.2957999999739798e-05,3.5790819199776544e-05,robust,LearningControllerState.STABLE,0.030860519599914538,0.10619146652966283,0.09146381036358608,1770136213.906259
5,0.900126039981842,0.7963367384529116,2.5291000000038366e-05,3.369085535982891e-05,robust,LearningControllerState.STABLE,0.025947325382232767,0.06560630048352056,0.099899251018158,1770136213.907252
6,0.8264020085334778,0.8023497924690249,2.2624999999720785e-05,3.147768428780729e-05,robust,LearningControllerState.STABLE,0.006013054016113295,0.5725951642816618,0.17362061646652194,1770136213.912245
7,0.829957127571106,0.8078712594894412,2.2125000000094985e-05,2.9607147430264828e-05,robust,LearningControllerState.STABLE,0.005521467020416226,0.1050252683065489,0.17006499742889414,1770136213.9135768
8,0.8861454725265503,0.823526102096863,2.1333999999484377e-05,2.795251794410874e-05,robust,LearningControllerState.STABLE,0.015654842607421893,0.13777814854013037,0.11387586147344919,1770136213.914548
9,0.8560172915458679,0.8300243399866641,2.0874999999698218e-05,2.6537014355226636e-05,robust,LearningControllerState.STABLE,0.006498237889801084,0.35308370374642895,0.14400358345413178,1770136213.9155068
10,0.9998494982719421,0.8639893716437197,2.1249999999639613e-05,2.5479611484109232e-05,robust,LearningControllerState.STABLE,0.033965031657055555,0.0005779076614382817,0.00017175172805750094,1770136213.916426
11,0.9997880458831787,0.8911491064916115,2.1416000000051838e-05,2.4666889187297754e-05,fast,LearningControllerState.STABLE,0.027159734847891803,0.00047755104428048867,0.0002333701168213409,1770136213.917347
12,0.9998582005500793,0.9128909253033052,2.2833000000055392e-05,2.4300111349849284e-05,fast,LearningControllerState.STABLE,0.02174181881169368,0.0001646324499207097,0.00015459740429690783,1770136213.918279
13,0.9996638298034668,0.9302455062033375,2.274999999940519e-05,2.3990089079760467e-05,fast,LearningControllerState.STABLE,0.01735458090003228,0.0003589201965326083,0.0002031037712093564,1770136213.91961
14,0.999949038028717,0.9441862125684135,2.270799999948281e-05,2.3733671263704935e-05,robust,LearningControllerState.STABLE,0.01394070636507605,7.366997128244179e-05,0.0001940204698485104,1770136213.920523
15,0.9998359680175781,0.9553161636582466,2.120799999971723e-05,2.3228537010907393e-05,fast,LearningControllerState.STABLE,0.011129951089833057,9.562308520472129e-05,0.00018523998242159223,1770136213.921433
16,0.999722421169281,0.9641974151604535,2.254199999995876e-05,2.309122960871767e-05,robust,LearningControllerState.STABLE,0.008881251502206977,0.0003001208307189529,0.00015688677615344204,1770136213.922344
17,0.9998951554298401,0.9713369632143309,2.175000000015359e-05,2.2822983687004854e-05,fast,LearningControllerState.STABLE,0.007139548053877398,0.00013001975595106074,0.0001265945701600657,1770136213.923272
18,0.9995920658111572,0.9769879837336962,2.2874999999977774e-05,2.2833386949599437e-05,robust,LearningControllerState.STABLE,0.00565102051936528,0.0004308091888427512,0.0002286497684638178,1770136213.924177
19,0.999695360660553,0.9815294591190676,2.1124999999955207e-05,2.2491709559670594e-05,fast,LearningControllerState.STABLE,0.0045414753853714185,0.00031313224792484107,0.0003257643394469767,1770136213.9250822
20,0.9998682737350464,0.9851972220422633,2.274999999940519e-05,2.2543367647617513e-05,fast,LearningControllerState.STABLE,0.0036677629231957054,0.00015447626495301847,0.0002450654411312314,1770136213.926014
21,0.999768853187561,0.9881115482713229,2.2333999999624154e-05,2.250149411801884e-05,robust,LearningControllerState.STABLE,0.002914326229059516,0.000253480812438589,0.00012022412890644318,1770136213.92691
22,0.9997563362121582,0.99044050585949,2.408300000045216e-05,2.2817795294505505e-05,robust,LearningControllerState.STABLE,0.002328957588167091,0.0004217219850461973,0.00026774678784224903,1770136213.928406
23,0.9998995065689087,0.9923323060013738,2.1792000000075973e-05,2.2612636235619598e-05,fast,LearningControllerState.STABLE,0.001891800141883837,0.0001990837020873215,0.00012228543109138457,1770136213.929755
24,0.9998497366905212,0.9938357921392034,2.3125000000234763e-05,2.2715108988542633e-05,robust,LearningControllerState.STABLE,0.0015034861378295794,0.00017338830947899453,0.00027922469329855204,1770136213.93068
25,0.9997735619544983,0.9950233461022624,2.1083000000032825e-05,2.2388687190840673e-05,robust,LearningControllerState.STABLE,0.0011875539630590293,0.00019869132995609107,0.0002475210455017418,1770136213.9315898
26,0.9997789263725281,0.9959744621563156,2.120799999971723e-05,2.2152549752615983e-05,robust,LearningControllerState.STABLE,0.0009511160540531804,0.00012554484939553134,0.00024228162747164106,1770136213.9324958
27,0.9994221925735474,0.996664008239762,2.1083000000032825e-05,2.1938639802099354e-05,fast,LearningControllerState.STABLE,0.0006895460834464018,0.00020059867858890357,0.0005988904264526695,1770136213.933394
28,0.9996784329414368,0.997266893180097,2.2666000000448605e-05,2.2084111841769204e-05,robust,LearningControllerState.STABLE,0.0006028849403350023,0.000344233058563681,0.00013070852316321435,1770136213.934283
29,0.9995887875556946,0.9977312720552166,2.1084000000115566e-05,2.1884089473438477e-05,fast,LearningControllerState.STABLE,0.00046437887511963094,0.00010807945596269519,0.0004322964443055355,1770136213.935173
30,0.9996597766876221,0.9981169729816978,2.270899999956555e-05,2.2049071578663893e-05,robust,LearningControllerState.STABLE,0.0003857009264811584,0.00036293231237749524,0.00013230526715091173,1770136213.936069
31,0.999841570854187,0.9984618925561957,2.1042000000193184e-05,2.184765726296975e-05,fast,LearningControllerState.STABLE,0.0003449195744978928,0.00010998201388545681,0.00017947114581318147,1770136213.936955
32,0.9996501803398132,0.9986995501129192,2.2291999999701773e-05,2.1936525810316154e-05,robust,LearningControllerState.STABLE,0.00023765755672355837,0.00037211166018646935,0.00020516051519781087,1770136213.937855
33,0.9998452067375183,0.9989286814378391,2.1124999999955207e-05,2.1774220648243968e-05,fast,LearningControllerState.STABLE,0.00022913132491986232,0.00018855251712057708,0.00017591826248164466,1770136213.938792
34,0.9995275139808655,0.9990484479464444,2.2874999999977774e-05,2.199437651859073e-05,robust,LearningControllerState.STABLE,0.00011976650860534566,0.0004953610191344993,0.0002213193971565275,1770136213.939693
35,0.9996638298034668,0.999171524317849,2.0958999999542982e-05,2.1787301214781182e-05,fast,LearningControllerState.STABLE,0.000123076371404518,0.00031971215420600885,0.0003571291965327461,1770136213.940586
36,0.9997003674507141,0.999277292944422,2.2666000000448605e-05,2.1963040971914666e-05,robust,LearningControllerState.STABLE,0.00010576862657307728,0.0003222985492863373,0.0002478318826595327,1770136213.9414809
37,0.9997835159301758,0.9993785375415729,2.0874999999698218e-05,2.1745432777471377e-05,fast,LearningControllerState.STABLE,0.00010124459715088463,0.0003389002916263095,0.00023735906982391697,1770136213.942364
38,0.9994937777519226,0.9994015855836429,2.2416999999386178e-05,2.187974622185434e-05,robust,LearningControllerState.STABLE,2.304804206998412e-05,0.0005286392480767788,0.0001768065414431419,1770136213.9432662
39,0.9998463988304138,0.9994905482329972,2.429199999998133e-05,2.236219697747974e-05,fast,LearningControllerState.STABLE,8.89626493543183e-05,0.0003983726806637833,0.00017789316958616297,1770136213.944198
40,0.9995856285095215,0.9995095642883022,2.5040999999781377e-05,2.289795758194007e-05,robust,LearningControllerState.STABLE,1.901605530496564e-05,0.000439412490478297,0.00016291526412981483,1770136213.945197
41,0.9998758435249329,0.9995828201356284,2.175000000015359e-05,2.2668366065582774e-05,fast,LearningControllerState.STABLE,7.32558473262035e-05,0.00032040208453398833,0.00014590647506729226,1770136213.946238
42,0.9994677901268005,0.9995598141338629,2.3207999999996787e-05,2.2776292852465578e-05,robust,LearningControllerState.STABLE,-2.3006001765524253e-05,0.0005554178731994597,9.341841088872371e-05,1770136213.947184
43,0.9999132752418518,0.9996305063554607,2.1084000000115566e-05,2.2437834281995578e-05,robust,LearningControllerState.STABLE,7.06922215978345e-05,0.00032578580474851293,0.00010780875814830893,1770136213.948106
44,0.999767541885376,0.9996579134614438,2.1667000000391567e-05,2.228366742567478e-05,fast,LearningControllerState.STABLE,2.7407105983145996e-05,0.000288961483184913,0.000254125114624415,1770136213.9494662
45,0.9998683333396912,0.9996999974370934,2.304200000047274e-05,2.2435333940634373e-05,robust,LearningControllerState.STABLE,4.20839756495317e-05,0.00015470866030931063,0.00017845061111465554,1770136213.950774
46,0.9998951554298401,0.9997390290356428,2.1374999999324018e-05,2.22232671523723e-05,robust,LearningControllerState.STABLE,3.903159854945493e-05,0.00077134333837936,0.00012621957015923613,1770136213.951704
47,0.9999229907989502,0.9997758213883043,2.1416000000051838e-05,2.206181372190821e-05,robust,LearningControllerState.STABLE,3.679235266151881e-05,0.00016135519445814595,9.842520104985653e-05,1770136213.953001
48,0.9995635747909546,0.9997333720688345,2.1291000000367433e-05,2.1907650977600054e-05,robust,LearningControllerState.STABLE,-4.244931946983943e-05,0.00032476650256274553,0.0004577162090457776,1770136213.953918
49,0.9999105930328369,0.9997688162616349,2.1792000000075973e-05,2.188452078209524e-05,robust,LearningControllerState.STABLE,3.544419280043787e-05,7.633334313972284e-05,0.00011119896716316191,1770136213.95485
50,0.9998393654823303,0.999782926105774,2.1833000000803793e-05,2.1874216625836953e-05,robust,LearningControllerState.STABLE,1.4109844139076344e-05,0.0002068617244876947,0.00018246751767048153,1770136213.9561658
51,0.9999404549598694,0.9998144318765931,2.1290999999479254e-05,2.1757573300565416e-05,robust,LearningControllerState.STABLE,3.1505770819117984e-05,0.00014965407943723363,8.083604013009449e-05,1770136213.957081
52,0.999816358089447,0.999814817119164,2.2374999999463796e-05,2.1881058640345092e-05,robust,LearningControllerState.STABLE,3.8524257084393554e-07,0.00047482181204205887,0.0002060169105524423,1770136213.957993
53,0.9998885989189148,0.9998295734791142,2.145799999997422e-05,2.179644691227092e-05,robust,LearningControllerState.STABLE,1.4756359950185427e-05,7.492143630916104e-05,0.0001328590810851793,1770136213.9592938
54,0.9999181032180786,0.9998472794269071,2.116599999979485e-05,2.1670357529775704e-05,robust,LearningControllerState.STABLE,1.7705947792934218e-05,0.00040572142410333356,0.00010306278192118157,1770136213.960215
55,0.9998489618301392,0.9998476159075536,2.433399999990371e-05,2.2203086023801307e-05,robust,LearningControllerState.STABLE,3.3648064645674935e-07,0.00021451281738293915,0.00017537216986074355,1770136213.9612281
56,0.9998306632041931,0.9998442253668816,2.170899999942577e-05,2.2104268818926202e-05,fast,LearningControllerState.STABLE,-3.390540671999176e-06,0.0003343440132139719,0.00019104579580631054,1770136213.9622111
57,0.9998453259468079,0.9998444454828668,2.2874999999977774e-05,2.2258415055136517e-05,robust,LearningControllerState.STABLE,2.201159852166512e-07,0.00017754905319211645,0.0001900252611086728,1770136213.963135
58,0.9998789429664612,0.9998513449795857,2.1292000000450173e-05,2.206513204419925e-05,robust,LearningControllerState.STABLE,6.899496718948406e-06,0.00031857487524433736,0.00014234903353926853,1770136213.964044
59,0.9999078512191772,0.9998626462275041,2.0791999999936195e-05,2.1810505635346638e-05,fast,LearningControllerState.STABLE,1.1301247918371615e-05,0.00023077600097654027,0.0001129407808226901,1770136213.964957
60,0.9997740387916565,0.9998449247403346,2.274999999940519e-05,2.199840450815835e-05,robust,LearningControllerState.STABLE,-1.7721487169497507e-05,0.00024871120834291105,0.00017731356466654802,1770136213.965853
61,0.9997504353523254,0.9998260268627328,2.0874999999698218e-05,2.1773723606466325e-05,robust,LearningControllerState.STABLE,-1.889787760178674e-05,0.0008587345615538311,0.00027043964767425877,1770136213.966802
62,0.9998845458030701,0.9998377306508004,2.1083000000032825e-05,2.1635578885179625e-05,robust,LearningControllerState.STABLE,1.1703788067585208e-05,0.00017773489035022294,0.00013653719692996447,1770136213.968093
63,0.9997720718383789,0.9998245988883162,2.120900000068815e-05,2.155026310828133e-05,robust,LearningControllerState.STABLE,-1.313176248418646e-05,0.00019910832995595484,0.0002491371616217819,1770136213.969394
64,0.9999006986618042,0.9998398188430139,2.1167000000765768e-05,2.1473610486778218e-05,robust,LearningControllerState.STABLE,1.5219954697665017e-05,0.00017756372833233058,0.00012046833819656655,1770136213.9703019
65,0.9998877644538879,0.9998494079651887,2.125000000052779e-05,2.1428888389528133e-05,robust,LearningControllerState.STABLE,9.589122174857856e-06,0.0005601452447816513,0.00013348554611258834,1770136213.97124
66,0.9999202489852905,0.9998635761692091,2.1167000000765768e-05,2.137651071177566e-05,robust,LearningControllerState.STABLE,1.416820402033725e-05,0.00014861740512017718,0.00010091801471023842,1770136213.9721332
67,0.9997280836105347,0.9998364776574743,2.0957999999460242e-05,2.1292808569312578e-05,robust,LearningControllerState.STABLE,-2.709851173476885e-05,0.0002300305591731444,0.0002928743894647923,1770136213.973412
68,0.9999148845672607,0.9998521590394316,2.1000000000270802e-05,2.1234246855504222e-05,robust,LearningControllerState.STABLE,1.5681381957288743e-05,0.0003514100112917973,0.00010611543273952861,1770136213.97471
69,0.9999105930328369,0.9998638458381126,2.125000000052779e-05,2.1237397484508937e-05,fast,LearningControllerState.STABLE,1.168679868102096e-05,0.0006084790534970352,0.00011065696716361373,1770136213.97562
70,0.9998558163642883,0.9998622399433478,2.2916000000705594e-05,2.157311798774827e-05,robust,LearningControllerState.STABLE,-1.6058947648334154e-06,0.00016709963571237552,0.00028409466952528106,1770136213.976529
71,0.999686598777771,0.9998271117102324,4.662499999952274e-05,2.6583494390103166e-05,robust,LearningControllerState.STABLE,-3.5128233115355734e-05,0.0006805468597415043,0.00036002622222852665,1770136213.97745
72,0.9998390078544617,0.9998294909390784,2.170800000023121e-05,2.5608395512128775e-05,robust,LearningControllerState.STABLE,2.3792288459389965e-06,0.00046472978991651814,0.0001827001455385613,1770136213.978399
73,0.9999048113822937,0.9998445550277215,2.116699999987759e-05,2.472011640967854e-05,robust,LearningControllerState.STABLE,1.5064088643157447e-05,0.00036023126620499113,0.00011635561770617642,1770136213.9793139
74,0.999879777431488,0.9998515995084749,2.1416000000051838e-05,2.40592931277532e-05,robust,LearningControllerState.STABLE,7.044480753393145e-06,0.00024190925561562437,0.00014163856851201473,1770136213.980227
75,0.9998960494995117,0.9998604895066824,2.120800000060541e-05,2.3489034502323644e-05,robust,LearningControllerState.STABLE,8.889998207473049e-06,0.00046269188308745157,0.00012515850048888666,1770136213.98114
76,0.9998587369918823,0.9998601390037225,2.120899999979997e-05,2.303302760181891e-05,robust,LearningControllerState.STABLE,-3.5050295987826274e-07,0.00023629583758566497,0.00016247200811747575,1770136213.9820778
77,0.9997442960739136,0.9998369704177608,2.1499999999896602e-05,2.2726422081434452e-05,robust,LearningControllerState.STABLE,-2.3168585961741428e-05,0.000387697193512615,0.0002772039260863224,1770136213.98338
78,0.9998366832733154,0.9998369129888718,2.166699999950339e-05,2.251453766504824e-05,robust,LearningControllerState.STABLE,-5.742888897763976e-08,0.00015867128790336693,0.0001849837266840737,1770136213.9843059
79,0.9997092485427856,0.9998113800996545,2.1541999999818984e-05,2.2320030132002392e-05,robust,LearningControllerState.STABLE,-2.5532889217250165e-05,0.0004730163005675081,0.00031229345721417445,1770136213.985225
80,0.9998770356178284,0.9998245112032893,2.1416000000051838e-05,2.213922410561228e-05,robust,LearningControllerState.STABLE,1.3131103634766994e-05,0.00013930047589116867,0.0001443803821716827,1770136213.986517
81,0.9998027682304382,0.9998201626087192,2.1790999999993232e-05,2.2069579284488472e-05,robust,LearningControllerState.STABLE,-4.348594570102726e-06,0.0001925098190307395,0.0002190227695617608,1770136213.987443
82,0.9997983574867249,0.9998158015843204,2.1499999999896602e-05,2.19556634275701e-05,robust,LearningControllerState.STABLE,-4.361024398824576e-06,0.0001490640562131773,0.00022314251327504309,1770136213.988394
83,0.9999596476554871,0.9998445707985538,2.125000000052779e-05,2.181453074216164e-05,robust,LearningControllerState.STABLE,2.876921423344836e-05,0.0002814517629703417,6.160234451346724e-05,1770136213.989302
84,0.9996480345726013,0.9998052635533634,2.1499999999896602e-05,2.1751624593708635e-05,fast,LearningControllerState.STABLE,-3.9307245190411955e-05,0.00029655513345350215,0.00037346542739857824,1770136213.990266
85,0.9994488954544067,0.9997339899335721,2.279200000021575e-05,2.195969967501006e-05,robust,LearningControllerState.STABLE,-7.127361979131219e-05,0.0005738965455934775,0.00014610412615922996,1770136213.991194
86,0.9998674392700195,0.9997606798008617,2.145900000005696e-05,2.185955974001944e-05,robust,LearningControllerState.STABLE,2.6689867289597657e-05,0.0006221328428344108,0.0001540197299805257,1770136213.9921181
87,0.9997234344482422,0.9997532307303378,2.1290999999479254e-05,2.1745847791911404e-05,robust,LearningControllerState.STABLE,-7.4490705238572374e-06,0.00019839909744234774,0.00029785655175729175,1770136213.993027
88,0.9998708963394165,0.9997767638521536,2.408299999956398e-05,2.221327823344192e-05,robust,LearningControllerState.STABLE,2.3533121815799696e-05,0.0002408071859436589,0.00015318666058306007,1770136213.9943738
89,0.9997735619544983,0.9997761234726227,2.125000000052779e-05,2.2020622586859097e-05,robust,LearningControllerState.STABLE,-6.403795309584126e-07,0.0014488449401852677,0.0002476880455022368,1770136213.995274
90,0.9999399781227112,0.9998088944026404,2.1041000000110444e-05,2.1824698069509366e-05,robust,LearningControllerState.STABLE,3.277093001774478e-05,0.00032327685147137686,8.10628772889288e-05,1770136213.996162
91,0.9998916983604431,0.9998254551942011,2.1042000000193184e-05,2.166815845564613e-05,robust,LearningControllerState.STABLE,1.6560791560649157e-05,0.00014300175457737652,0.00012934363955707795,1770136213.997076
92,0.9998343586921692,0.9998272358937947,2.095800000034842e-05,2.152612676458659e-05,robust,LearningControllerState.STABLE,1.7806995936675563e-06,0.00022075662994414103,0.00018659930783115897,1770136213.997983
93,0.999883234500885,0.9998384356152129,2.0833999999858577e-05,2.138770141164099e-05,robust,LearningControllerState.STABLE,1.1199721418164721e-05,0.00037885710144092144,0.0001375994991148488,1770136213.998889
94,0.9998222589492798,0.9998352002820263,2.09169999996206e-05,2.129356112923691e-05,robust,LearningControllerState.STABLE,-3.2353331865797585e-06,0.0001502327537536985,0.00019865805071983544,1770136213.999779
95,0.9998703002929688,0.9998422202842149,2.1000000000270802e-05,2.1234848903443688e-05,robust,LearningControllerState.STABLE,7.020002188551366e-06,0.000392816634765758,0.0001506997070315208,1770136214.000692
96,0.9996209740638733,0.9997979710401467,2.0834000000746755e-05,2.1154679122904303e-05,robust,LearningControllerState.STABLE,-4.4249244068206295e-05,0.00020670777093467763,0.00039985993612745574,1770136214.001579
97,0.9998505115509033,0.999808479142298,2.0582999999518847e-05,2.1040343298227212e-05,robust,LearningControllerState.STABLE,1.0508102151307597e-05,0.0001551741485590341,0.00017007144909619853,1770136214.0024772
98,0.999642550945282,0.9997752935028948,2.120800000060541e-05,2.1073874638702853e-05,robust,LearningControllerState.STABLE,-3.318563940313268e-05,0.0003654767074579013,0.000378657054718623,1770136214.003389
99,0.9999417066574097,0.9998085761337978,2.1124999999955207e-05,2.1084099710953327e-05,robust,LearningControllerState.STABLE,3.328263090296435e-05,0.00017528430920332738,7.941834259028724e-05,1770136214.004283
100,0.8118152618408203,0.9622099132752023,2.0958999999542982e-05,2.1059079768671262e-05,robust,LearningControllerState.STABLE,-0.03759866285859548,0.19731311216009484,0.18820569715917923,1770136214.005204
101,0.8965200781822205,0.949071946256606,2.0874999999698218e-05,2.1022263814876655e-05,robust,LearningControllerState.STABLE,-0.013137967018596375,0.30325752359753366,0.10350079681777924,1770136214.0061
102,0.9354032874107361,0.946338214487432,2.1124999999955207e-05,2.1042811051892367e-05,robust,LearningControllerState.STABLE,-0.0027337317691739083,0.17078071695690955,0.06461783758926387,1770136214.006994
103,0.9259447455406189,0.9422595206980695,2.1124999999955207e-05,2.1059248841504937e-05,robust,LearningControllerState.STABLE,-0.004078693789362542,0.06652491568737773,0.07407637945938106,1770136214.007912
104,0.8005123734474182,0.9139100912479393,2.1083000000032825e-05,2.1063999073210515e-05,fast,LearningControllerState.STABLE,-0.028349429450130192,0.28859071728552266,0.19950870955258182,1770136214.0088289
105,0.916365385055542,0.9144011500094599,2.25410000007642e-05,2.1359399258721255e-05,fast,LearningControllerState.STABLE,0.0004910587615205575,0.08365715594445877,0.10503551002538991,1770136214.0097501
106,0.7322772145271301,0.877976362912994,2.2083000000172603e-05,2.1504119407011523e-05,fast,LearningControllerState.STABLE,-0.036424787096465905,0.26774486847287005,0.07111115021896364,1770136214.0106409
107,0.7974269390106201,0.8618664781325193,2.591700000031949e-05,2.238669552567312e-05,robust,LearningControllerState.STABLE,-0.016109884780474704,0.2025989779893802,0.17397962852096516,1770136214.011675
108,0.9175735116004944,0.8730078848261144,2.170800000023121e-05,2.2250956420584737e-05,fast,LearningControllerState.STABLE,0.01114140669359509,0.19309550340289316,0.08244819639950585,1770136214.012628
109,0.9047872424125671,0.8793637563434049,2.304200000047274e-05,2.2409165136562338e-05,robust,LearningControllerState.STABLE,0.006355871517290557,0.09523579958743333,0.11503676832580556,1770136214.013592
110,0.9995559453964233,0.9034021941540087,2.1582999999658625e-05,2.2243932109181595e-05,robust,LearningControllerState.STABLE,0.024038437810603774,0.00017449740237385214,0.0004656376035763188,1770136214.014536
111,0.9997762441635132,0.9226770041559097,2.25410000007642e-05,2.2303345687498117e-05,fast,LearningControllerState.STABLE,0.01927481000190101,0.00032071940994260473,0.0002462968364875806,1770136214.0154681
112,0.9995283484458923,0.9380472730139062,2.412500000037454e-05,2.2667676550073402e-05,robust,LearningControllerState.STABLE,0.015370268857996527,0.0004957765541080406,9.44922944938753e-05,1770136214.016862
113,0.9998814463615417,0.9504141076834334,2.1124999999955207e-05,2.2359141240049764e-05,robust,LearningControllerState.STABLE,0.01236683466952715,0.0002521682777407719,0.00013967863845820716,1770136214.017795
114,0.9998551607131958,0.960302318289386,2.145900000005696e-05,2.2179112992051204e-05,fast,LearningControllerState.STABLE,0.009888210605952574,0.0003338860132142685,0.00016629828680425618,1770136214.0187252
115,0.9996994733810425,0.9681817493077174,2.3084000000395122e-05,2.2360090393719988e-05,robust,LearningControllerState.STABLE,0.00787943101833144,0.00032361061895791465,0.0001760070531924285,1770136214.0200288
116,0.9998034238815308,0.9745060842224801,2.1874999999837996e-05,2.226307231494359e-05,fast,LearningControllerState.STABLE,0.006324334914762697,0.0005170078540954748,0.00021845111846907628,1770136214.020978
117,0.9995686411857605,0.9795185956151362,2.2916999999900156e-05,2.2393857851934905e-05,robust,LearningControllerState.STABLE,0.005012511392656127,0.0004542758142394021,0.00012211264038075598,1770136214.021947
118,0.9998993277549744,0.9835947420431039,2.125000000052779e-05,2.2165086281653482e-05,robust,LearningControllerState.STABLE,0.0040761464279677195,0.000358580173308809,0.00012192224502616256,1770136214.0228648
119,0.9996417164802551,0.9868041369305343,2.2624999999720785e-05,2.2257069025266945e-05,fast,LearningControllerState.STABLE,0.003209394887430328,0.00034026247769158857,0.00038090851974459383,1770136214.023796
120,0.9997150897979736,0.9893863275040222,2.2958000000627976e-05,2.239725522033915e-05,robust,LearningControllerState.STABLE,0.0025821905734879635,0.00030786820202699516,0.00028132243728595796,1770136214.024707
121,0.9998762607574463,0.9914843141547071,2.1582999999658625e-05,2.2234404176203046e-05,fast,LearningControllerState.STABLE,0.0020979866506848355,0.0004332823978581146,0.00014532224255336956,1770136214.025614
122,0.9998275637626648,0.9931529640762986,2.299999999966218e-05,2.2387523340894876e-05,robust,LearningControllerState.STABLE,0.0016686499215915473,0.00019543623733486726,0.00011243206005850936,1770136214.026525
123,0.9996516108512878,0.9944526934312965,3.4957999999640776e-05,2.4901618672644057e-05,fast,LearningControllerState.STABLE,0.0012997293549978917,0.0002527525102538064,0.000383347148711799,1770136214.0275211
124,0.9998971819877625,0.9955415911425898,2.4666999999922723e-05,2.4854694938099792e-05,robust,LearningControllerState.STABLE,0.0010888977112932796,0.00012748501223747155,0.00025118734741269577,1770136214.028509
125,0.9998695850372314,0.9964071899215181,2.120799999971723e-05,2.412535595042328e-05,fast,LearningControllerState.STABLE,0.0008655987789283337,0.00022753395480368255,0.00015162296276827192,1770136214.029429
126,0.9995617866516113,0.9970381092675369,2.279200000021575e-05,2.3858684760381777e-05,robust,LearningControllerState.STABLE,0.0006309193460187767,0.0004610053483888876,0.00015467561358661897,1770136214.0307221
127,0.9998821020126343,0.9976069078165564,2.2084000000255344e-05,2.3503747808356493e-05,fast,LearningControllerState.STABLE,0.000568798549019478,0.0003235789678646128,0.000139981987365978,1770136214.031637
128,0.9998459219932556,0.9980547106518962,2.4542000000238318e-05,2.371139824673286e-05,robust,LearningControllerState.STABLE,0.00044780283533985,0.00017862000674462308,0.00029455999410998857,1770136214.033012
129,0.9999613761901855,0.9984360437595541,2.1625000000469186e-05,2.3294118597480128e-05,fast,LearningControllerState.STABLE,0.0003813331076578663,0.0004296342355649685,6.024880981492231e-05,1770136214.033946
130,0.9998049736022949,0.9987098297281023,2.3665999999700205e-05,2.3368494877924146e-05,robust,LearningControllerState.STABLE,0.00027378596854821247,0.00021869239770477833,0.00014352931250005696,1770136214.034871
131,0.9998337626457214,0.9989346163116262,2.379100000027279e-05,2.3452995902393876e-05,fast,LearningControllerState.STABLE,0.0002247865835238727,0.00046340088308660654,0.00019002835427883724,1770136214.035821
132,0.9996544718742371,0.9990785874241485,0.006512540999999317,0.0013212705967217786,robust,LearningControllerState.STABLE,0.00014397111252228978,0.006858069125762256,0.0009135884820858919,1770136214.070206
133,0.9999222755432129,0.9992473250479614,4.512500000064534e-05,0.001066041477377552,fast,LearningControllerState.STABLE,0.00016873762381297563,0.0003448388517455214,0.00012284945678775472,1770136214.0724978
134,0.999589204788208,0.9993157009960109,2.8915999999767905e-05,0.0008586163819019951,robust,LearningControllerState.STABLE,6.837594804942615e-05,0.0004397112117917601,0.0001947816122127577,1770136214.074086
135,0.9998554587364197,0.9994236525440927,0.01579008300000062,0.0038449097055217206,fast,LearningControllerState.STABLE,0.0001079515480818527,0.00016607979965233,0.015934624263580943,1770136214.092125
136,0.9995136260986328,0.9994416472550007,3.34579999998752e-05,0.0030826193644173517,robust,LearningControllerState.STABLE,1.7994710908020295e-05,0.0005198319013670627,0.00018548465728773778,1770136214.0935092
137,0.999874472618103,0.9995282123276212,2.56670000000625e-05,0.002471228891533894,fast,LearningControllerState.STABLE,8.656507262050361e-05,0.00033885499191299573,0.00015119438189703516,1770136214.096311
138,0.9998356699943542,0.9995897038609679,3.304200000009416e-05,0.001983591513227134,robust,LearningControllerState.STABLE,6.149153334666924e-05,0.00019737200564584612,0.00034941094244445026,1770136214.098194
139,0.9998342990875244,0.9996386229062793,2.3125000000234763e-05,0.001591498210581754,fast,LearningControllerState.STABLE,4.891904531134639e-05,0.0008540870973519077,0.0001888259124758207,1770136214.099363
140,0.9991201162338257,0.9995349215717886,2.4249999999170768e-05,0.0012780485684652375,robust,LearningControllerState.STABLE,-0.00010370133449066898,0.0009041337661734872,0.00012366089611859366,1770136214.1003451
141,0.9994992613792419,0.9995277895332793,2.170799999934303e-05,0.0010267804547720585,fast,LearningControllerState.STABLE,-7.132038509327643e-06,0.0004864434852605015,0.0005224466207573997,1770136214.101373
142,0.9997276067733765,0.9995677529812987,2.3125000000234763e-05,0.0008260493638176938,robust,LearningControllerState.STABLE,3.996344801948659e-05,0.0002955182266237699,0.000415528701965151,1770136214.102297
143,0.9999253153800964,0.9996392654610583,2.2042000000332962e-05,0.0006652478910542217,fast,LearningControllerState.STABLE,7.151247975956121e-05,0.00018920793569954242,9.672661990389742e-05,1770136214.1032598
144,0.9996311664581299,0.9996376456604726,2.35410000000158e-05,0.0005369065128433806,robust,LearningControllerState.STABLE,-1.6198005856615794e-06,0.000392374541870133,0.0002286729313043523,1770136214.104181
145,0.9997352957725525,0.9996571756828887,2.1666000000308827e-05,0.0004338584102747663,fast,LearningControllerState.STABLE,1.9530022416058834e-05,0.0006034240075996067,0.0002863702274478186,1770136214.105483
146,0.9998700618743896,0.9996997529211888,2.2874999999977774e-05,0.0003516617282198086,robust,LearningControllerState.STABLE,4.257723830014548e-05,0.00015281312561032934,0.00023541527938775175,1770136214.106396
147,0.9998462200164795,0.9997290463402471,2.120899999979997e-05,0.0002855711825758069,fast,LearningControllerState.STABLE,2.9293419058218362e-05,0.00035977782440177464,0.00017498898352030778,1770136214.107316
148,0.9996616840362549,0.9997155738794486,2.279200000021575e-05,0.00023301534606068867,robust,LearningControllerState.STABLE,-1.3472460798413799e-05,0.00036110796374533294,0.00023423500042696332,1770136214.108257
149,0.9997113943099976,0.9997147379655585,2.1333000000289815e-05,0.00019067887684860892,fast,LearningControllerState.STABLE,-8.359138901070651e-07,0.00019261142367543727,0.0003099386900027312,1770136214.109556
150,0.9613494277000427,0.9920416759124554,2.279200000021575e-05,0.00015710150147893028,fast,LearningControllerState.STABLE,-0.007673062053103141,0.03867336429995749,0.02338315370578048,1770136214.110482
151,0.9659825563430786,0.9868298519985801,3.2292000000211374e-05,0.0001321396011831865,robust,LearningControllerState.STABLE,-0.005211823913875313,0.0340497356569216,0.03459670701617412,1770136214.1119208
152,0.960394561290741,0.9815427938570124,2.2666000000448605e-05,0.00011024488094663892,robust,LearningControllerState.STABLE,-0.005287058141567713,0.09488663164883437,0.03962810470925948,1770136214.1171358
153,0.9504523873329163,0.9753247125521932,2.308300000031238e-05,9.281250475737361e-05,fast,LearningControllerState.STABLE,-0.006218081304819156,0.10920417704409768,0.04957069566708405,1770136214.118114
154,0.8944878578186035,0.9591573416054753,2.408299999956398e-05,7.906660380581168e-05,fast,LearningControllerState.STABLE,-0.01616737094671794,0.10553622518139605,0.015352016380493438,1770136214.119082
155,0.9836739897727966,0.9640606712389397,2.3333999999763932e-05,6.792008304460213e-05,fast,LearningControllerState.STABLE,0.004903329633464404,0.016349344227203133,0.04386513832492067,1770136214.1200361
156,0.8428690433502197,0.9398223456611958,2.3500000000176158e-05,5.9036066435716935e-05,fast,LearningControllerState.STABLE,-0.024238325577743858,0.15715445664978045,0.057365350947967464,1770136214.1210308
157,0.9743766784667969,0.9467332122223161,2.358299999993818e-05,5.194545314856119e-05,fast,LearningControllerState.STABLE,0.006910866561120277,0.025646904533203063,0.04007113568496745,1770136214.121977
158,0.8936203122138977,0.9361106322206325,2.333300000056937e-05,4.622296251896283e-05,robust,LearningControllerState.STABLE,-0.01062258000168359,0.10640302078610286,0.051396790355682676,1770136214.122944
159,0.948972225189209,0.9386829508143478,2.2165999999934627e-05,4.141157001515719e-05,fast,LearningControllerState.STABLE,0.002572318593715317,0.013084194763183454,0.05104994081079095,1770136214.123901
160,0.9820842146873474,0.9473632035889479,2.4166999999408745e-05,3.79626560120075e-05,robust,LearningControllerState.STABLE,0.00868025277460005,0.017939952312651997,0.02026881657446289,1770136214.124883
161,0.9584490656852722,0.9495803760082128,2.1792000000075973e-05,3.47285248096212e-05,fast,LearningControllerState.STABLE,0.00221717241926489,0.12200664734649624,0.04157272631472786,1770136214.125828
162,0.8106584548950195,0.9217959917855741,3.454199999985974e-05,3.469121984766891e-05,fast,LearningControllerState.STABLE,-0.027784384222638625,0.18937608710498033,0.028142569614593604,1770136214.131409
163,0.9045889377593994,0.9183545809803393,2.4749999999684746e-05,3.270297587807208e-05,robust,LearningControllerState.STABLE,-0.003441410805234857,0.09543581224060027,0.0231149849206842,1770136214.13257
164,0.9513387680053711,0.9249514183853458,2.6749999999964302e-05,3.151238070245052e-05,robust,LearningControllerState.STABLE,0.006596837405006495,0.12137789818154943,0.04868798199462887,1770136214.133684
165,0.9540284276008606,0.9307668202284487,2.279200000021575e-05,2.976830456200357e-05,fast,LearningControllerState.STABLE,0.005815401843102919,0.045754391239166914,0.04599436439913962,1770136214.134737
166,0.9156652688980103,0.9277465099623611,2.383400000027791e-05,2.858144364965844e-05,fast,LearningControllerState.STABLE,-0.0030203102660876224,0.08435856510199002,0.046913670695891696,1770136214.135696
167,0.908781886100769,0.9239535851900427,2.329199999984155e-05,2.752355491969506e-05,fast,LearningControllerState.STABLE,-0.0037929247723184067,0.0912414058992308,0.037367719230468666,1770136214.13663
168,0.9792316555976868,0.9350091992715714,2.429199999998133e-05,2.687724393575232e-05,fast,LearningControllerState.STABLE,0.011055614081528775,0.020792636402313214,0.012308555892578177,1770136214.137556
169,0.9733564257621765,0.9426786445696924,2.3375000000491752e-05,2.6176795148700208e-05,fast,LearningControllerState.STABLE,0.007669445298120969,0.026666949237823978,0.049653565425506585,1770136214.138487
170,0.9394152164459229,0.9420259589449386,2.275000000029337e-05,2.5491436119018842e-05,robust,LearningControllerState.STABLE,-0.000652685624753846,0.06060753355407744,0.02747246115130597,1770136214.139404
171,0.9732569456100464,0.9482721562779602,3.429199999960275e-05,2.7251548895135626e-05,fast,LearningControllerState.STABLE,0.006246197333021675,0.08071606565512113,0.026777346389953216,1770136214.144554
172,0.9317046403884888,0.944958653100066,2.8916999999850646e-05,2.7584639116078632e-05,robust,LearningControllerState.STABLE,-0.0033135031778942503,0.06832427661151108,0.08691909710656809,1770136214.14588
173,0.9712004661560059,0.950207015711254,2.3708000000510765e-05,2.6809311292965062e-05,robust,LearningControllerState.STABLE,0.0052483626111879955,0.06158846093768311,0.02882324184399465,1770136214.146917
174,0.9831835627555847,0.9568023251201202,2.308300000031238e-05,2.6064049034434526e-05,robust,LearningControllerState.STABLE,0.006595309408866212,0.05226579109973173,0.016839520244415596,1770136214.148101
175,0.9399160742759705,0.9534250749512903,2.220799999985701e-05,2.5292839227519026e-05,robust,LearningControllerState.STABLE,-0.0033772501688299483,0.10153630686587523,0.0601061337240294,1770136214.1490781
176,0.95784592628479,0.9543092452179902,2.3500000000176158e-05,2.4934271382050454e-05,robust,LearningControllerState.STABLE,0.0008841702666999574,0.10251779794674665,0.04217757371521014,1770136214.150037
177,0.9462780356407166,0.9527030033025354,2.1958000000488198e-05,2.4339017105738004e-05,robust,LearningControllerState.STABLE,-0.0016062419154547758,0.04561602330017056,0.053743922359283935,1770136214.1509702
178,0.955994188785553,0.9533612403991389,2.1790999999993232e-05,2.382941368458905e-05,robust,LearningControllerState.STABLE,0.0006582370966035089,0.03668447528057861,0.044027602214447015,1770136214.151902
179,0.9811439514160156,0.9589177826025144,2.170899999942577e-05,2.3405330947556398e-05,robust,LearningControllerState.STABLE,0.005556542203375425,0.07014609188098131,0.0188777575839838,1770136214.156814
180,0.9751602411270142,0.9621662743074144,2.2791999999327572e-05,2.3282664757910636e-05,robust,LearningControllerState.STABLE,0.0032484917049000472,0.15114379417800894,0.024862550872985167,1770136214.157911
181,0.9599146246910095,0.9617159443841334,2.1667000000391567e-05,2.2959531806406825e-05,fast,LearningControllerState.STABLE,-0.00045032992328097876,0.026589086967102382,0.04010704230899087,1770136214.158881
182,0.9254202246665955,0.9544568004406259,2.274999999940519e-05,2.29176254450065e-05,fast,LearningControllerState.STABLE,-0.007259143943507573,0.07460252533340395,0.08229833271789566,1770136214.159811
183,0.9168955683708191,0.9469445540266646,2.329199999984155e-05,2.299250035597351e-05,fast,LearningControllerState.STABLE,-0.00751224641396131,0.08312772362918075,0.05016606535339374,1770136214.160949
184,0.9517735242843628,0.9479103480782043,3.5124999999247564e-05,2.5419000284628324e-05,fast,LearningControllerState.STABLE,0.0009657940515397367,0.048261600715636455,0.022214693435668842,1770136214.1664908
185,0.9299091100692749,0.9443101004764185,2.3375000000491752e-05,2.5010200227801014e-05,robust,LearningControllerState.STABLE,-0.0036002476017857887,0.07011426493072559,0.031082732089996234,1770136214.167647
186,0.9133232831954956,0.938112737020234,2.1584000000629544e-05,2.432496018236672e-05,fast,LearningControllerState.STABLE,-0.00619736345618449,0.0883381420940248,0.08669830080450502,1770136214.1685681
187,0.9663949608802795,0.9437691817922432,2.3209000000079527e-05,2.4101768145909285e-05,fast,LearningControllerState.STABLE,0.005656444772009217,0.03362824811972054,0.041078698623473464,1770136214.169526
188,0.9473691582679749,0.9444891770873897,2.304100000039e-05,2.3889614516805427e-05,fast,LearningControllerState.STABLE,0.0007199952951464361,0.052653882732025536,0.039127857204619865,1770136214.1704419
189,0.8877102136611938,0.9331333844021505,2.2958000000627976e-05,2.370329161356994e-05,fast,LearningControllerState.STABLE,-0.011355792685239119,0.11231274433880678,0.009584326603119031,1770136214.171361
190,0.9625937342643738,0.9390254543745952,2.299999999966218e-05,2.356263329078839e-05,fast,LearningControllerState.STABLE,0.005892069972444625,0.03742926573562588,0.0328683446428224,1770136214.172312
191,0.9044116735458374,0.9321026982088436,2.2582999999798403e-05,2.3366706632590396e-05,robust,LearningControllerState.STABLE,-0.0069227561657515535,0.0956109094541624,0.0315492448307193,1770136214.1732302
192,0.9910152554512024,0.9438852096573155,2.220799999985701e-05,2.313496530604372e-05,robust,LearningControllerState.STABLE,0.011782511448471866,0.0332568040199277,0.009006952548797464,1770136214.174158
193,0.9837630987167358,0.9518607874691996,2.666600000011954e-05,2.3841172244858887e-05,robust,LearningControllerState.STABLE,0.007975577811884071,0.0640740035095213,0.01626356728326428,1770136214.179584
194,0.9840990900993347,0.9583084479952266,0.0001055839999999364,4.0189737795874394e-05,robust,LearningControllerState.STABLE,0.006447660526027077,0.06759796315783628,0.01600649390066522,1770136214.19299
195,0.9835163950920105,0.9633500374145835,2.6042000000003895e-05,3.7360190236700295e-05,robust,LearningControllerState.STABLE,0.00504158941935684,0.01638848866653486,0.016509646907989506,1770136214.2243671
196,0.9718510508537292,0.9650502401024127,2.5041999999864117e-05,3.489655218933306e-05,fast,LearningControllerState.STABLE,0.001700202687829222,0.10244040039788782,0.028173991146270616,1770136214.226353
197,0.9474616646766663,0.9615325250172635,4.075000000014484e-05,3.606724175149542e-05,robust,LearningControllerState.STABLE,-0.003517715085149198,0.052579085323333885,0.07286505665951548,1770136214.2358139
198,0.9145004153251648,0.9521261030788437,5.3542000000739165e-05,3.956219340134417e-05,robust,LearningControllerState.STABLE,-0.009406421938419784,0.13272932405853233,0.08555312667483594,1770136214.2373881
199,0.9265978932380676,0.9470204611106885,2.3917000000039934e-05,3.6433154721083325e-05,fast,LearningControllerState.STABLE,-0.005105641968155217,0.0824649093284604,0.07342602376193241,1770136214.238626
200,0.67540043592453,0.8926964560734569,2.4415999999582993e-05,3.402972377678326e-05,robust,LearningControllerState.STABLE,-0.05432400503723156,0.32462398007546955,0.05439954859143015,1770136214.239618
201,0.7791072726249695,0.8699786193837595,2.2375000000351974e-05,3.1698779021497e-05,fast,LearningControllerState.STABLE,-0.0227178366896974,0.106121829234894,0.22091510237503087,1770136214.240581
202,0.9122396111488342,0.8784308177367746,2.3999999999801958e-05,3.0159023217157994e-05,fast,LearningControllerState.STABLE,0.008452198353015028,0.08778438885116557,0.1044949047811583,1770136214.241513
203,0.8476455807685852,0.8722737703431367,3.058300000002845e-05,3.0243818573732088e-05,fast,LearningControllerState.STABLE,-0.006157047393637871,0.15238500223141482,0.08811398562966932,1770136214.246763
204,0.6941280961036682,0.836644635495243,2.433399999990371e-05,2.9061854858966416e-05,robust,LearningControllerState.STABLE,-0.03562913484789365,0.3058962378963317,0.09874473228109792,1770136214.247798
205,0.8429097533226013,0.8378976590607148,2.2125000000094985e-05,2.7674483887192132e-05,fast,LearningControllerState.STABLE,0.0012530235654717448,0.19125525076294014,0.15711237167739878,1770136214.248746
206,0.6135963797569275,0.7930374031999574,2.3459000000336516e-05,2.683138710982101e-05,robust,LearningControllerState.STABLE,-0.04486025586075737,0.38642707924307285,0.18637989802932786,1770136214.249676
207,0.8468060493469238,0.8037911324293507,2.2125000000094985e-05,2.5890109687875805e-05,fast,LearningControllerState.STABLE,0.010753729229393327,0.268285219089508,0.15321607565307627,1770136214.2506309
208,0.7917612791061401,0.8013851617647086,2.304199999958456e-05,2.5320487750217556e-05,fast,LearningControllerState.STABLE,-0.0024059706646420986,0.20826176289385945,0.20720178500729336,1770136214.2515478
209,0.8440434336662292,0.8099168161450129,2.2957999999739798e-05,2.4847990200122006e-05,fast,LearningControllerState.STABLE,0.008531654380304232,0.1559795243337705,0.1610722135087892,1770136214.25249
210,0.951306164264679,0.8381946857689462,2.2666999999643167e-05,2.4411792160026242e-05,fast,LearningControllerState.STABLE,0.028277869623933305,0.04871650273532069,0.02718135808944755,1770136214.2533991
211,0.9334978461265564,0.8572553178404683,2.2915999999817416e-05,2.411263372798448e-05,fast,LearningControllerState.STABLE,0.019060632071522088,0.06652506987344342,0.016587192317778943,1770136214.2543418
212,0.9740223288536072,0.8806087200430961,2.2582999999798403e-05,2.3806706982347267e-05,robust,LearningControllerState.STABLE,0.023353402202627827,0.02600025414639262,0.031233359050568232,1770136214.255269
213,0.9392298460006714,0.8923329452346113,2.1290999999479254e-05,2.3303565585773667e-05,fast,LearningControllerState.STABLE,0.01172422519151517,0.11939278169631962,0.06079144499932809,1770136214.256223
214,0.9296002388000488,0.8997864039476988,2.254199999995876e-05,2.3151252468610687e-05,robust,LearningControllerState.STABLE,0.007453458713087557,0.07042230319995113,0.053869105159759734,1770136214.257133
215,0.9524463415145874,0.9103183914610765,2.2290999999619032e-05,2.2979201974812354e-05,robust,LearningControllerState.STABLE,0.010531987513377694,0.015319120105926842,0.04757594948541222,1770136214.262211
216,0.9553177952766418,0.9193182722241896,2.1583000000546804e-05,2.2699961579959247e-05,fast,LearningControllerState.STABLE,0.008999880763113088,0.08657111893463121,0.0447037877233587,1770136214.263253
217,0.9574900269508362,0.926952623169519,2.3332999999681192e-05,2.2826569263903636e-05,robust,LearningControllerState.STABLE,0.007634350945329382,0.0425333060491635,0.016604197013672106,1770136214.264222
218,0.9741036891937256,0.9363828363743604,2.204100000025022e-05,2.2669455411172954e-05,robust,LearningControllerState.STABLE,0.009430213204841387,0.08517086947995,0.025918351806274664,1770136214.265144
219,0.9872318506240845,0.9465526392243052,2.1291000000367433e-05,2.2393764329011853e-05,robust,LearningControllerState.STABLE,0.010169802849944842,0.12096264883041385,0.012789440375915895,1770136214.266054
220,0.9707215428352356,0.9513864199464913,2.145900000005696e-05,2.2206811463220874e-05,robust,LearningControllerState.STABLE,0.0048337807221860984,0.08869278873043829,0.02929991616476446,1770136214.2669592
221,0.9698464870452881,0.9550784333662508,2.141700000013458e-05,2.2048849170603615e-05,robust,LearningControllerState.STABLE,0.0036920134197594434,0.03159431103533894,0.03017492995471205,1770136214.267879
222,0.9445666670799255,0.9529760801089858,2.1375000000212196e-05,2.1914079336525333e-05,fast,LearningControllerState.STABLE,-0.002102353257264933,0.13466063066482548,0.055454707920074675,1770136214.268817
223,0.9454799294471741,0.9514768499766235,2.2624999999720785e-05,2.2056263469164424e-05,robust,LearningControllerState.STABLE,-0.0014992301323623058,0.05454269555282565,0.02220462727392558,1770136214.2697222
224,0.9801569581031799,0.9572128716019348,3.170799999985263e-05,2.3986610775302066e-05,robust,LearningControllerState.STABLE,0.005736021625311283,0.03319776021231036,0.01987474989681992,1770136214.2706401
225,0.9679473042488098,0.9593597581313098,2.1291999999561995e-05,2.3447688620154054e-05,fast,LearningControllerState.STABLE,0.002146886529375003,0.034174227130890245,0.03207398775118975,1770136214.271559
226,0.9605271220207214,0.9595932309091921,2.3166000000074405e-05,2.3391350896138128e-05,robust,LearningControllerState.STABLE,0.00023347277788232645,0.03949604397927864,0.06765014521789592,1770136214.272497
227,0.9640630483627319,0.9604871943999002,2.170800000023121e-05,2.3054680716956747e-05,fast,LearningControllerState.STABLE,0.0008939634907080274,0.013983354457488772,0.0359586596372683,1770136214.27342
228,0.9277981519699097,0.9539493859139021,2.3167000000157145e-05,2.307714457359683e-05,robust,LearningControllerState.STABLE,-0.006537808485998053,0.07222501503009049,0.03334918010293553,1770136214.2743418
229,0.9601795673370361,0.9551954221985289,2.1582999999658625e-05,2.277831565880919e-05,robust,LearningControllerState.STABLE,0.001246036284626828,0.1011596902084344,0.039842015662963526,1770136214.275264
230,0.9402251243591309,0.9522013626306494,2.3125000000234763e-05,2.284765252709431e-05,robust,LearningControllerState.STABLE,-0.00299405956787957,0.14850586199588012,0.059798000640869375,1770136214.2803788
231,0.987929105758667,0.9593469112562529,2.2042000000332962e-05,2.2686522021742042e-05,robust,LearningControllerState.STABLE,0.0071455486256035705,0.07888326259576406,0.01209293624133334,1770136214.281406
232,0.9583256840705872,0.9591426658191199,2.175000000015359e-05,2.249921761742435e-05,fast,LearningControllerState.STABLE,-0.00020424543713304377,0.06382311990719547,0.041696065929412995,1770136214.282349
233,0.9006192088127136,0.9474379744178386,2.6083000000731715e-05,2.3215974094085826e-05,robust,LearningControllerState.STABLE,-0.011704691401281275,0.09940687418728711,0.048079554919830514,1770136214.2834072
234,0.9283286929130554,0.9436161181168821,2.1832999999915614e-05,2.2939379275251784e-05,fast,LearningControllerState.STABLE,-0.00382185630095655,0.04264811015319836,0.0716931400869445,1770136214.2843788
235,0.9314822554588318,0.9411893455852721,2.3999999999801958e-05,2.315150342016182e-05,fast,LearningControllerState.STABLE,-0.002426772531609944,0.06854174454116801,0.022615469276428435,1770136214.285321
236,0.8782198429107666,0.9285954450503711,2.2625000000608964e-05,2.304620273625125e-05,fast,LearningControllerState.STABLE,-0.012593900534901059,0.12180278208923401,0.0447362910919189,1770136214.286228
237,0.9518040418624878,0.9332371644127945,2.2916999999900156e-05,2.3020362188981033e-05,robust,LearningControllerState.STABLE,0.004641719362423413,0.04821887513751211,0.03485893656903016,1770136214.287147
238,0.9536342620849609,0.9373165839472278,2.1624999999581007e-05,2.274128975110103e-05,fast,LearningControllerState.STABLE,0.0040794195344333595,0.07973908662014839,0.046387362915038644,1770136214.2880561
239,0.9236525297164917,0.9345837731010807,2.279100000013301e-05,2.2751231800907427e-05,fast,LearningControllerState.STABLE,-0.0027328108461471823,0.07637026128350843,0.028865254699707243,1770136214.288974
240,0.8550223112106323,0.9186714807229911,2.2583999999881144e-05,2.2717785440702173e-05,robust,LearningControllerState.STABLE,-0.015912292378089554,0.14500027278936756,0.03814938179779048,1770136214.2899148
241,0.9578259587287903,0.926502376324151,2.1249999999639613e-05,2.2424228352489662e-05,fast,LearningControllerState.STABLE,0.007830895601159904,0.05397936503182965,0.042195291271209356,1770136214.290829
242,0.9290529489517212,0.9270124908496651,2.250000000003638e-05,2.2439382681999004e-05,robust,LearningControllerState.STABLE,0.0005101145255140827,0.07096955104827884,0.04651658022671512,1770136214.291726
243,0.950796902179718,0.9317693731156758,2.116599999979485e-05,2.2184706145558175e-05,fast,LearningControllerState.STABLE,0.004756882266010676,0.07749921525555425,0.04922426382028178,1770136214.29262
244,0.8723657727241516,0.919888653037371,2.3915999999957194e-05,2.253096491643798e-05,fast,LearningControllerState.STABLE,-0.011880720078304763,0.12765814327584835,0.061735916805083946,1770136214.293601
245,0.8438287973403931,0.9046766818979755,2.2374999999463796e-05,2.2499771933043144e-05,fast,LearningControllerState.STABLE,-0.015211971139395541,0.1561935776596064,0.06599838276690662,1770136214.294517
246,0.9368896484375,0.9111192752058804,2.408399999964672e-05,2.2816617546363862e-05,fast,LearningControllerState.STABLE,0.006442593307904976,0.06313443556249965,0.02104343877047743,1770136214.29546
247,0.9511396288871765,0.9191233459421397,2.2709000000453727e-05,2.2795094037181834e-05,robust,LearningControllerState.STABLE,0.008004070736259306,0.04888308011282394,0.023461175185790495,1770136214.296362
248,0.9714739322662354,0.9295934632069589,2.6832999999726326e-05,2.3602675229690733e-05,robust,LearningControllerState.STABLE,0.010470117264819168,0.04622540258370922,0.028552900733764375,1770136214.2972622
249,0.9375688433647156,0.9311885392385103,2.1042000000193184e-05,2.3090540183791223e-05,robust,LearningControllerState.STABLE,0.0015950760315514012,0.13609120753478976,0.06245219863528462,1770136214.298152
250,0.9936169981956482,0.943674231029938,2.1042000000193184e-05,2.2680832147071617e-05,robust,LearningControllerState.STABLE,0.012485691791427667,0.05338345060729921,0.006404043804352,1770136214.299082
251,0.9600198268890381,0.946943350201758,2.1124999999955207e-05,2.2369665717648337e-05,fast,LearningControllerState.STABLE,0.003269119171820045,0.07496246620178226,0.04000129811096187,1770136214.299988
252,0.9632543921470642,0.9502055585908193,2.2582999999798403e-05,2.2412332574078352e-05,robust,LearningControllerState.STABLE,0.0032622083890613274,0.03676819085293559,0.045213563087280306,1770136214.3048131
253,0.9449370503425598,0.9491518569411674,2.120800000060541e-05,2.2171466059383765e-05,robust,LearningControllerState.STABLE,-0.0010537016496519058,0.06973972841262821,0.05508415765744079,1770136214.309618
254,0.9503557085990906,0.9493926272727521,2.1124999999955207e-05,2.1962172847498054e-05,robust,LearningControllerState.STABLE,0.0002407703315846499,0.03132578052920465,0.04966541640090938,1770136214.3144221
255,0.9344192743301392,0.9463979566842295,2.070800000009143e-05,2.1711338278016732e-05,fast,LearningControllerState.STABLE,-0.002994670588522541,0.09327600512295486,0.06560143366986093,1770136214.3153138
256,0.9603306651115417,0.949184498369692,2.2333000000429593e-05,2.1835670622499305e-05,robust,LearningControllerState.STABLE,0.0027865416854624403,0.03969166788845868,0.06677884019488456,1770136214.3162072
257,0.9670552015304565,0.952758639001845,2.1041999999305006e-05,2.1676936497860445e-05,fast,LearningControllerState.STABLE,0.003574140632153,0.12818226721954318,0.03296584046954276,1770136214.3171048
258,0.9423543214797974,0.9506777754974355,2.2709000000453727e-05,2.1883349198379102e-05,fast,LearningControllerState.STABLE,-0.0020808635044095025,0.05766838752020309,0.065588260810852,1770136214.318044
259,0.8740151524543762,0.9353452508888236,2.258300000068658e-05,2.20232793588406e-05,robust,LearningControllerState.STABLE,-0.015332524608611897,0.12600743054562447,0.012300504707337012,1770136214.322849
260,0.9744837284088135,0.9431729463928217,2.116699999987759e-05,2.1852023487048e-05,fast,LearningControllerState.STABLE,0.007827695503998089,0.1388204750329889,0.0255374385911864,1770136214.323744
261,0.890202522277832,0.9325788615698238,2.254199999995876e-05,2.199001878963015e-05,robust,LearningControllerState.STABLE,-0.01059408482299784,0.10982001972216793,0.01889981153506426,1770136214.324639
262,0.9703887701034546,0.94014084327655,2.1042000000193184e-05,2.180041503174276e-05,robust,LearningControllerState.STABLE,0.007561981706726173,0.0811416445163573,0.029632271896545603,1770136214.3255308
263,0.9491505026817322,0.9419427751575865,2.195900000057094e-05,2.1832132025508395e-05,robust,LearningControllerState.STABLE,0.0018019318810365004,0.21782927386856077,0.05087145631826839,1770136214.326427
264,0.9391680359840393,0.9413878273228771,2.125000000052779e-05,2.1715705620512274e-05,robust,LearningControllerState.STABLE,-0.0005549478347094405,0.04331940831375114,0.06085321401596122,1770136214.331249
265,0.9788340926170349,0.9488770803817086,2.1125000000843386e-05,2.15975644965785e-05,robust,LearningControllerState.STABLE,0.007489253058831524,0.051897102394470096,0.02118703238296593,1770136214.336033
266,0.9552863836288452,0.950158941031136,2.1042000000193184e-05,2.148645159730144e-05,robust,LearningControllerState.STABLE,0.0012818606494273688,0.13073962913150083,0.04473465837115498,1770136214.33694
267,0.9318409562110901,0.9464953440671269,2.0833000000664015e-05,2.1355761277973953e-05,robust,LearningControllerState.STABLE,-0.003663596964009086,0.09922918022918736,0.06817987678891058,1770136214.337864
268,0.8994222283363342,0.9370807209209684,2.0874999999698218e-05,2.1259609022318807e-05,robust,LearningControllerState.STABLE,-0.009414623146158485,0.2769973754581301,0.10059864666366547,1770136214.338758
269,0.956337034702301,0.940931983677235,2.0832999999775836e-05,2.1174287217810212e-05,fast,LearningControllerState.STABLE,0.0038512627562665713,0.02549547522372464,0.04368379829769875,1770136214.339663
270,0.8586577773094177,0.9244771424036716,2.250000000003638e-05,2.1439429774255446e-05,fast,LearningControllerState.STABLE,-0.016454841273563336,0.1413647226905823,0.05535915032559213,1770136214.3405561
271,0.94144606590271,0.9278709271034794,2.304100000039e-05,2.1759743819482356e-05,fast,LearningControllerState.STABLE,0.003393784699807778,0.05857697509729043,0.06115826479721065,1770136214.345391
272,0.9218062162399292,0.9266579849307695,2.2915999999817416e-05,2.199099505554937e-05,robust,LearningControllerState.STABLE,-0.001212942172709952,0.07821669976007062,0.024065371097747423,1770136214.346287
273,0.9513083696365356,0.9315880618719228,2.116699999987759e-05,2.1826196044415013e-05,fast,LearningControllerState.STABLE,0.004930076941153327,0.10860407215481516,0.04871279736346423,1770136214.347182
274,0.8856306672096252,0.9223965829394634,2.279100000013301e-05,2.2019156835558616e-05,robust,LearningControllerState.STABLE,-0.009191478932459418,0.11439212379037489,0.061815149982635376,1770136214.3481028
275,0.9441769123077393,0.9267526488131186,2.095800000034842e-05,2.180692546851658e-05,robust,LearningControllerState.STABLE,0.004356065873655224,0.1687638992195133,0.05584404569226109,1770136214.3489962
276,0.9088716506958008,0.923176449189655,2.1041000000110444e-05,2.1653740374835354e-05,fast,LearningControllerState.STABLE,-0.0035761996234635607,0.03299008604849263,0.09114939030419933,1770136214.3537972
277,0.9494156837463379,0.9284242961009916,2.2374999999463796e-05,2.1797992299761042e-05,robust,LearningControllerState.STABLE,0.005247846911336618,0.05060669125366157,0.07756697708529625,1770136214.354687
278,0.9362499713897705,0.9299894311587474,2.1249999999639613e-05,2.1688393839736756e-05,robust,LearningControllerState.STABLE,0.0015651350577557954,0.11597843701571708,0.06377127861022913,1770136214.359477
279,0.8893466591835022,0.9218608767636984,2.1000000000270802e-05,2.1550715071843564e-05,fast,LearningControllerState.STABLE,-0.008128554395049004,0.20683438460504178,0.11067434081649807,1770136214.360393
280,0.852659285068512,0.9080205584246612,2.270799999948281e-05,2.178217205737141e-05,robust,LearningControllerState.STABLE,-0.013840318339037205,0.14736342293148752,0.09271609839212047,1770136214.361303
281,0.8730027675628662,0.9010170002523024,2.0583000000407026e-05,2.1542337645978537e-05,robust,LearningControllerState.STABLE,-0.00700355817235887,0.13244994673901367,0.1270178154371342,1770136214.36221
282,0.9405809044837952,0.908929781098601,2.1124999999955207e-05,2.1458870116773873e-05,robust,LearningControllerState.STABLE,0.00791278084629865,0.03907332930355878,0.05944022051620479,1770136214.363104
283,0.9483163952827454,0.91680710393543,2.0832999999775836e-05,2.1333696093374267e-05,robust,LearningControllerState.STABLE,0.00787732283682896,0.14856113047753894,0.051704437717254415,1770136214.367868
284,0.9311304092407227,0.9196717649964885,2.0916000000426038e-05,2.1250156874784625e-05,robust,LearningControllerState.STABLE,0.0028646610610585377,0.05887843322772213,0.06889050675927777,1770136214.368781
285,0.8685097098350525,0.9094393539642014,2.1041000000110444e-05,2.120832549984979e-05,fast,LearningControllerState.STABLE,-0.010232411032287114,0.03517372560519405,0.13151133116494762,1770136214.369674
286,0.8657799959182739,0.900707482355016,2.2667000000531345e-05,2.15000603999861e-05,fast,LearningControllerState.STABLE,-0.008731871609185426,0.1342426710817266,0.10786227790850855,1770136214.3705769
287,0.9380205869674683,0.9081701032775065,2.2375000000351974e-05,2.1675048320059276e-05,fast,LearningControllerState.STABLE,0.007462620922490504,0.06200178803253209,0.1108871537937004,1770136214.3714821
288,0.9633499383926392,0.919206070300533,2.2708000000370987e-05,2.188163865612162e-05,robust,LearningControllerState.STABLE,0.01103596702302656,0.03667276960736121,0.035341699214934685,1770136214.372399
289,0.9298319816589355,0.9213312525722136,2.0874999999698218e-05,2.168031092483694e-05,fast,LearningControllerState.STABLE,0.00212518227168057,0.07550788491076688,0.07018889334106415,1770136214.373305
290,0.8676996231079102,0.910604926679353,2.2834000000138133e-05,2.1911048739897176e-05,robust,LearningControllerState.STABLE,-0.0107263258928606,0.13232321089208998,0.059161570034393485,1770136214.374208
291,0.9698356986045837,0.9224510810643992,2.1042000000193184e-05,2.1737238991956378e-05,fast,LearningControllerState.STABLE,0.011846154385046215,0.09617305367297302,0.030185343395416453,1770136214.3751218
292,0.7383645176887512,0.8856337683892697,2.270899999956555e-05,2.1931591193478213e-05,robust,LearningControllerState.STABLE,-0.036817312675129554,0.26165819131124834,0.060839945575531296,1770136214.3760278
293,0.9697445631027222,0.9024559273319602,2.254099999987602e-05,2.2053472954757776e-05,robust,LearningControllerState.STABLE,0.016822158942690568,0.19170471241378806,0.030277977897277708,1770136214.377013
294,0.9513282775878906,0.9122303973831464,2.1667000000391567e-05,2.1976178363884535e-05,robust,LearningControllerState.STABLE,0.009774470051186146,0.21603861329306007,0.04869338941210977,1770136214.3779972
295,0.9394293427467346,0.9176701864558641,2.1540999999736243e-05,2.188914269105488e-05,robust,LearningControllerState.STABLE,0.005439789072717693,0.11857698859787025,0.06059219825326512,1770136214.3789382
296,0.9707767963409424,0.9282915084328798,2.145799999997422e-05,2.180291415283875e-05,fast,LearningControllerState.STABLE,0.010621321977015707,0.16452767767352228,0.02924466165905759,1770136214.379863
297,0.9464976787567139,0.9319327424976467,2.324999999991917e-05,2.2092331322254833e-05,robust,LearningControllerState.STABLE,0.0036412340647669073,0.05352557124328605,0.0539900490072327,1770136214.380785
298,0.9407904148101807,0.9337042769601536,2.1499999999896602e-05,2.197386505778319e-05,robust,LearningControllerState.STABLE,0.0017715344625068852,0.11579284575653137,0.05923108518981923,1770136214.381715
299,0.9154374599456787,0.9300509135572587,2.1292000000450173e-05,2.183749204631659e-05,fast,LearningControllerState.STABLE,-0.0036533634028949047,0.08226955379086309,0.08458383205432174,1770136214.386529
300,0.8379451036453247,0.9116297515748719,2.304199999958456e-05,2.2078393636970182e-05,fast,LearningControllerState.STABLE,-0.018421161982386747,0.16207793835467488,0.04908088523101828,1770136214.3878531
301,0.9254481196403503,0.9143934251879676,2.304200000047274e-05,2.2271114909670694e-05,fast,LearningControllerState.STABLE,0.0027636736130957074,0.07457492235965013,0.0952896783256536,1770136214.3887732
302,0.6862902045249939,0.8687727810553729,2.279200000021575e-05,2.2375291927779708e-05,fast,LearningControllerState.STABLE,-0.0456206441325947,0.3137325874750063,0.15999458492660512,1770136214.3896892
303,0.8296453952789307,0.8609473039000846,2.304199999958456e-05,2.250863354214068e-05,fast,LearningControllerState.STABLE,-0.007825477155288363,0.17037764672106892,0.09562054949951193,1770136214.390612
304,0.8580979704856873,0.8603774372172052,2.3958999999962316e-05,2.279870683370501e-05,robust,LearningControllerState.STABLE,-0.0005698666828793941,0.1419259885143127,0.17255293197613497,1770136214.395453
305,0.8330276012420654,0.8549074700221773,2.1000000000270802e-05,2.243896546701817e-05,robust,LearningControllerState.STABLE,-0.005469967195027903,0.2420486326219482,0.16699339875793484,1770136214.396379
306,0.9561862945556641,0.8751632349288747,2.1582999999658625e-05,2.226777237354626e-05,robust,LearningControllerState.STABLE,0.02025576490669745,0.3272070752868652,0.043835288444335596,1770136214.3973
307,0.8451839089393616,0.8691673697309721,2.1249999999639613e-05,2.206421789876493e-05,robust,LearningControllerState.STABLE,-0.005995865197902628,0.4658224146650394,0.15483734106063807,1770136214.3982022
308,0.9687615036964417,0.889086196524066,2.1000000000270802e-05,2.1851374319066104e-05,robust,LearningControllerState.STABLE,0.01991882679309387,0.0761066427536008,0.03125949630355862,1770136214.399117
309,0.9176102876663208,0.8947910147525169,2.1375000000212196e-05,2.1756099455295324e-05,robust,LearningControllerState.STABLE,0.005704818228450925,0.15030505575579856,0.08241108733367941,1770136214.400026
310,0.9799778461456299,0.9118283810311395,2.1042000000193184e-05,2.1613279564274895e-05,robust,LearningControllerState.STABLE,0.017037366278622623,0.02430732781619227,0.02004319585437031,1770136214.400933
311,0.9826512336730957,0.9259929515595308,2.1291999999561995e-05,2.1549023651332317e-05,robust,LearningControllerState.STABLE,0.014164570528391263,0.03980805692254652,0.01737005832690386,1770136214.401844
312,0.988554835319519,0.9385053283115284,2.145799999997422e-05,2.15308189210607e-05,robust,LearningControllerState.STABLE,0.012512376751997678,0.020698928249358595,0.011466622680480931,1770136214.402755
313,0.9857591390609741,0.9479560904614177,2.1083000000032825e-05,2.1441255136855125e-05,robust,LearningControllerState.STABLE,0.009450762149889269,0.037179070064727426,0.014261943939025912,1770136214.403662
314,0.9879422187805176,0.9559533161252377,2.116699999987759e-05,2.138640410945962e-05,robust,LearningControllerState.STABLE,0.007997225663819996,0.021433161426544167,0.0120789482194823,1770136214.404566
315,0.9935440421104431,0.9634714613222788,2.1166000000683027e-05,2.1342323287704302e-05,fast,LearningControllerState.STABLE,0.007518145197041082,0.048879944694519395,0.006477123889557568,1770136214.405484
316,0.9880972504615784,0.9683966191501387,2.254099999987602e-05,2.1582058630138648e-05,robust,LearningControllerState.STABLE,0.004925157827859961,0.011925290538421507,0.020924241294861368,1770136214.406393
317,0.9807758927345276,0.9708724738670166,2.120899999979997e-05,2.1507446904070912e-05,robust,LearningControllerState.STABLE,0.0024758547168778344,0.03014856416702294,0.019245316265472212,1770136214.4073012
318,0.9946718811988831,0.9756323553333899,2.1124999999955207e-05,2.1430957523247774e-05,fast,LearningControllerState.STABLE,0.004759881466373295,0.029302500862304903,0.005349243801116899,1770136214.408248
319,0.9788814187049866,0.9762821680077093,2.2666000000448605e-05,2.167796601868794e-05,robust,LearningControllerState.STABLE,0.0006498126743194055,0.021141247295013876,0.0071768952331536795,1770136214.4091609
320,0.9900369048118591,0.9790331153685393,2.120800000060541e-05,2.1583972815071435e-05,robust,LearningControllerState.STABLE,0.002750947360830036,0.04634029717599475,0.009984303188141475,1770136214.410109
321,0.9940885901451111,0.9820442103238538,2.7334000000323044e-05,2.2733978252121758e-05,robust,LearningControllerState.STABLE,0.003011094955314486,0.018692317580810247,0.005938743854889239,1770136214.411137
322,0.9878299236297607,0.9832013529850352,2.354200000009854e-05,2.2895582601717117e-05,robust,LearningControllerState.STABLE,0.0011571426611813873,0.029534683814635976,0.012193618370239356,1770136214.412214
323,0.9780079126358032,0.9821626649151889,2.224999999977939e-05,2.2766466081329576e-05,robust,LearningControllerState.STABLE,-0.0010386880698463052,0.015103406337737546,0.022014337364196557,1770136214.413331
324,0.9941578507423401,0.9845617020806192,2.175000000015359e-05,2.2563172865094378e-05,robust,LearningControllerState.STABLE,0.002399037165430329,0.01376682915515115,0.005863899257660066,1770136214.414319
325,0.9911450743675232,0.985878376538,2.141700000013458e-05,2.233393829210242e-05,robust,LearningControllerState.STABLE,0.0013166744573808176,0.04442492607897908,0.008876342632476941,1770136214.415286
326,0.9861108660697937,0.9859248744443588,2.1333000000289815e-05,2.2133750633739898e-05,robust,LearningControllerState.STABLE,4.649790635880002e-05,0.04242869510687264,0.013910466930206589,1770136214.4162061
327,0.9840789437294006,0.9855556883013672,2.145900000005696e-05,2.199880050700331e-05,fast,LearningControllerState.STABLE,-0.0003691861429916399,0.05227557328414978,0.015942515270599422,1770136214.417119
328,0.9708268046379089,0.9826099115686755,2.3000000000550358e-05,2.219904040571272e-05,robust,LearningControllerState.STABLE,-0.002945776732691696,0.029196195362091615,0.015258765762512283,1770136214.4184499
329,0.9842121005058289,0.9829303493561062,2.1084000000115566e-05,2.197603232459329e-05,fast,LearningControllerState.STABLE,0.0003204377874307385,0.018504845065886677,0.015808983494171258,1770136214.419748
330,0.9486936330795288,0.9760830061007908,2.2417000000274356e-05,2.2064225859729507e-05,robust,LearningControllerState.STABLE,-0.006847343255315441,0.051328783920471466,0.016847956847961143,1770136214.420657
331,0.9917448163032532,0.9792153681412833,3.266700000015277e-05,2.418478068781416e-05,fast,LearningControllerState.STABLE,0.003132362040492498,0.013022738048737104,0.008287850696746979,1770136214.421609
332,0.9805797934532166,0.9794882532036701,2.299999999966218e-05,2.3947824550183766e-05,robust,LearningControllerState.STABLE,0.0002728850623867629,0.01944320654678311,0.008160883685882858,1770136214.422519
333,0.9936637878417969,0.9823233601312955,2.1124999999955207e-05,2.3383259640138057e-05,robust,LearningControllerState.STABLE,0.0028351069276254526,0.044421582660675085,0.00635733715820308,1770136214.423429
334,0.9955517053604126,0.9849690291771189,2.141700000013458e-05,2.299000771213736e-05,robust,LearningControllerState.STABLE,0.0026456690458234178,0.07532097632617152,0.004469711639587537,1770136214.4243379
335,0.9889242649078369,0.9857600763232626,2.1124999999955207e-05,2.2617006169700934e-05,robust,LearningControllerState.STABLE,0.0007910471461436419,0.03929464111709624,0.011096860092163041,1770136214.425245
336,0.9822357892990112,0.9850552189184124,2.125000000052779e-05,2.2343604935866305e-05,robust,LearningControllerState.STABLE,-0.0007048574048501566,0.03186884323846417,0.017785460700989297,1770136214.426152
337,0.9840389490127563,0.9848519649372813,2.0791999999936195e-05,2.2033283948680287e-05,robust,LearningControllerState.STABLE,-0.00020325398113107962,0.028875307582489462,0.01598184298724359,1770136214.427062
338,0.968494713306427,0.9815805146111105,2.3209000000079527e-05,2.2268427158960138e-05,robust,LearningControllerState.STABLE,-0.0032714503261708217,0.020136153705413662,0.03152849569357308,1770136214.4280498
339,0.9809175729751587,0.9814479262839202,2.170799999934303e-05,2.215634172703672e-05,robust,LearningControllerState.STABLE,-0.00013258832719031943,0.07028344970358269,0.01910413502484065,1770136214.4290261
340,0.9831520318984985,0.981788747406836,2.145799999997422e-05,2.201667338162422e-05,fast,LearningControllerState.STABLE,0.0003408211229157798,0.06857595351409973,0.01686942610150144,1770136214.429939
341,0.9739590287208557,0.9802228036696399,2.2625000000608964e-05,2.213833870542117e-05,robust,LearningControllerState.STABLE,-0.001565943737196096,0.026063596279144896,0.01193053142147793,1770136214.430872
342,0.9898651242256165,0.9821512677808353,2.1375000000212196e-05,2.1985670964379374e-05,robust,LearningControllerState.STABLE,0.0019284641111954048,0.060609350879485824,0.010156250774383757,1770136214.4321659
343,0.9889237284660339,0.983505759917875,2.145799999997422e-05,2.1880136771498343e-05,robust,LearningControllerState.STABLE,0.0013544921370397534,0.014295195377533432,0.011097729533966039,1770136214.4330618
344,0.9829213619232178,0.9833888803189437,2.1291999999561995e-05,2.1762509417111073e-05,robust,LearningControllerState.STABLE,-0.00011687959893136313,0.0312867804868775,0.01709993007678179,1770136214.433961
345,0.9879117012023926,0.9842934444956335,2.120800000060541e-05,2.1651607533809942e-05,robust,LearningControllerState.STABLE,0.000904564176689826,0.015383737632934213,0.012109506797608027,1770136214.434857
346,0.9833435416221619,0.9841034639209393,2.195799999960002e-05,2.171288602696796e-05,fast,LearningControllerState.STABLE,-0.00018998057469421514,0.01599753468341092,0.016678416377837735,1770136214.435763
347,0.9828062653541565,0.9838440242075828,2.279200000021575e-05,2.1928708821617518e-05,robust,LearningControllerState.STABLE,-0.00025943971335651295,0.01721652664584372,0.015528757663727077,1770136214.436672
348,0.9959393739700317,0.9862630941600726,2.1042000000193184e-05,2.175136705733265e-05,robust,LearningControllerState.STABLE,0.0024190699524898607,0.02636300901449573,0.004081668029968455,1770136214.43757
349,0.9696745276451111,0.9829453808570804,2.1124999999955207e-05,2.1626093645857164e-05,fast,LearningControllerState.STABLE,-0.0033177133029922423,0.027279858241851862,0.03034659735488887,1770136214.4384909
350,0.9778799414634705,0.9819322929783584,2.2417000000274356e-05,2.1784274916740604e-05,robust,LearningControllerState.STABLE,-0.0010130878787220077,0.022142475536529815,0.03969851230621391,1770136214.4394
351,0.9660817384719849,0.9787621820770838,2.0874999999698218e-05,2.1602419933332127e-05,fast,LearningControllerState.STABLE,-0.0031701109012746143,0.0898023246347357,0.033939136528014835,1770136214.440316
352,0.9106958508491516,0.9651489158314974,2.2666999999643167e-05,2.1815335946594335e-05,fast,LearningControllerState.STABLE,-0.013613266245586342,0.08932681615084803,0.032714605891815296,1770136214.44123
353,0.8462866544723511,0.9413764635596682,2.2916999999900156e-05,2.20356687572555e-05,fast,LearningControllerState.STABLE,-0.023772452271829225,0.15373626252764883,0.12241178327960256,1770136214.442136
354,0.9065002202987671,0.9344012149074881,2.2583999999881144e-05,2.214533500578063e-05,fast,LearningControllerState.STABLE,-0.006975248652180133,0.09352236370123279,0.10458244809722927,1770136214.44303
355,0.9252684116363525,0.932574654253261,2.229200000058995e-05,2.2174668004742492e-05,fast,LearningControllerState.STABLE,-0.0018265606542270385,0.07475388036364805,0.07342289197122209,1770136214.4439402
356,0.9250043630599976,0.9310605960146083,2.512499999962614e-05,2.2764734403719222e-05,robust,LearningControllerState.STABLE,-0.0015140582386526935,0.07502076194000207,0.018594901893433047,1770136214.44498
357,0.9483051896095276,0.9345095147335922,2.1541999999818984e-05,2.2520187522939174e-05,fast,LearningControllerState.STABLE,0.0034489187189838955,0.010316745315551934,0.05171635239047223,1770136214.445956
358,0.8831925988197327,0.9242461315508204,2.2874999999977774e-05,2.2591150018346894e-05,robust,LearningControllerState.STABLE,-0.010263383182771868,0.11683027618026731,0.0804878722839355,1770136214.4472709
359,0.9557521939277649,0.9305473440262093,2.1291999999561995e-05,2.2331320014589914e-05,robust,LearningControllerState.STABLE,0.006301212475388951,0.024603389877502657,0.04426909807223467,1770136214.448195
360,0.9846099615097046,0.9413598675229085,2.116699999987759e-05,2.2098456011647453e-05,fast,LearningControllerState.STABLE,0.010812523496699145,0.03610756315631036,0.015411205490295288,1770136214.4495401
361,0.9816771745681763,0.949423328931962,2.2374999999463796e-05,2.2153764809210723e-05,fast,LearningControllerState.STABLE,0.008063461409053563,0.018345200431823194,0.0036091810108338507,1770136214.450458
362,0.9948806166648865,0.9585147864785469,2.270799999948281e-05,2.226461184726514e-05,robust,LearningControllerState.STABLE,0.009091457546584913,0.005142091335113008,0.002886874320800814,1770136214.4513931
363,0.9995588660240173,0.9667236023876411,2.1124999999955207e-05,2.2036689477803156e-05,robust,LearningControllerState.STABLE,0.00820881590909417,0.00018523805236814184,0.0004622589759826212,1770136214.452325
364,1.0,0.973378881910113,2.120799999971723e-05,2.1870951582185972e-05,robust,LearningControllerState.STABLE,0.006655279522471913,2.275000000029337e-05,2.120799999971723e-05,1770136214.4536252
365,1.0,0.9787031055280904,2.1041999999305006e-05,2.170516126560978e-05,fast,LearningControllerState.STABLE,0.005324223617977353,2.2874999999977774e-05,2.1041999999305006e-05,1770136214.454565
366,1.0,0.9829624844224722,2.2582999999798403e-05,2.1880729012447506e-05,robust,LearningControllerState.STABLE,0.004259378894381882,2.2582999999798403e-05,2.116699999987759e-05,1770136214.455488
367,0.9995301365852356,0.9862760148550249,2.1167000000765768e-05,2.173798321011116e-05,robust,LearningControllerState.STABLE,0.0033135304325526693,0.0019034917984006583,0.0004910304147651701,1770136214.456411
368,0.9971532225608826,0.9884514563961965,2.1333000000289815e-05,2.165698656814689e-05,robust,LearningControllerState.STABLE,0.002175441541171552,0.008931843440643128,0.0028681104391177215,1770136214.4573472
369,0.9921483397483826,0.9891908330666338,2.0832999999775836e-05,2.149218925447268e-05,robust,LearningControllerState.STABLE,0.0007393766704373306,0.01976611555862462,0.007872493251617207,1770136214.458246
370,0.9826573729515076,0.9878841410436086,2.1249999999639613e-05,2.1443751403506068e-05,fast,LearningControllerState.STABLE,-0.0013066920230252466,0.0069154429357602965,0.01736387704849207,1770136214.459169
371,0.963983952999115,0.9831041034347099,2.408299999956398e-05,2.1971601122717653e-05,robust,LearningControllerState.STABLE,-0.0047800376088986685,0.036040130000884574,0.030581582259948448,1770136214.4600809
372,0.9601082801818848,0.9785049387841449,2.533400000004349e-05,2.264408089818282e-05,fast,LearningControllerState.STABLE,-0.00459916465056498,0.09303018375396732,0.03991705381811528,1770136214.461044
373,0.9114089608192444,0.9650857431911648,2.3084000000395122e-05,2.2732064718625284e-05,robust,LearningControllerState.STABLE,-0.013419195592980104,0.08861412318075601,0.16849899903851373,1770136214.461954
374,0.9477046728134155,0.961609529115615,2.1333000000289815e-05,2.245225177495819e-05,robust,LearningControllerState.STABLE,-0.003476214075549766,0.050585083953674115,0.05231666018658476,1770136214.462854
375,0.9778550267219543,0.964858628636883,2.1333000000289815e-05,2.2228401420024518e-05,robust,LearningControllerState.STABLE,0.0032490995212679508,0.22490979964465296,0.022166306278045944,1770136214.463756
376,0.9152456521987915,0.9549360333492648,2.095800000034842e-05,2.1974321136089302e-05,fast,LearningControllerState.STABLE,-0.009922595287618186,0.06199467647515888,0.08477530580120884,1770136214.464653
377,0.9335477352142334,0.9506583737222586,2.2291999999701773e-05,2.2037856908811798e-05,robust,LearningControllerState.STABLE,-0.004277659627006214,0.0664745567857663,0.09845469098645054,1770136214.46556
378,0.9585144519805908,0.9522295893739251,2.0750000000013813e-05,2.1780285527052202e-05,fast,LearningControllerState.STABLE,0.0015712156516665132,0.13618349119949347,0.041506298019409194,1770136214.4664671
379,0.9182650446891785,0.9454366804369758,2.254199999995876e-05,2.1932628421633513e-05,robust,LearningControllerState.STABLE,-0.006792908936949282,0.08175749731082149,0.08999012775402893,1770136214.467366
380,0.9356326460838318,0.9434758735663471,2.1000000000270802e-05,2.174610273736097e-05,robust,LearningControllerState.STABLE,-0.0019608068706287174,0.03461845352517656,0.06438835391616848,1770136214.468269
381,0.9886158108711243,0.9525038610273027,2.1041999999305006e-05,2.160528218974978e-05,robust,LearningControllerState.STABLE,0.009027987460955567,0.008258395187194623,0.011405231128875037,1770136214.4691641
382,0.996943473815918,0.9613917835850259,2.0957999999460242e-05,2.1475825751691874e-05,robust,LearningControllerState.STABLE,0.008887922557723194,0.014244514289855736,0.0030774841840814915,1770136214.4700549
383,0.9980211853981018,0.9687176639476411,2.1167000000765768e-05,2.1414060601506654e-05,robust,LearningControllerState.STABLE,0.007325880362615278,0.001069222957611693,0.001999981601898959,1770136214.470948
384,0.999911367893219,0.9749564047367568,2.1000000000270802e-05,2.1331248481259483e-05,robust,LearningControllerState.STABLE,0.006238740789115682,0.0001871396102908207,0.00010963210678127666,1770136214.472248
385,0.9999848008155823,0.979962083952522,2.0832999999775836e-05,2.1231598784962755e-05,fast,LearningControllerState.STABLE,0.005005679215765224,3.069023168933427e-05,3.6032184417500446e-05,1770136214.473143
386,0.9997877478599548,0.9839272167340086,2.250000000003638e-05,2.148527902797748e-05,robust,LearningControllerState.STABLE,0.00396513278148658,0.0002347521400452024,0.00024411779003941092,1770136214.474043
387,0.9993146061897278,0.9870046946251525,2.1124999999955207e-05,2.1413223222373027e-05,robust,LearningControllerState.STABLE,0.003077477891143876,0.0012313591728210227,0.000706518810272172,1770136214.4749608
388,0.9973684549331665,0.9890774466867553,2.091599999953786e-05,2.1313778577805994e-05,robust,LearningControllerState.STABLE,0.002072752061602845,0.007802961887176885,0.002652461066833034,1770136214.4758542
389,0.9884579181671143,0.9889535409828272,2.0833999999858577e-05,2.121782286221651e-05,robust,LearningControllerState.STABLE,-0.00012390570392817324,0.03478200411224375,0.0115629158328856,1770136214.476747
390,0.9841782450675964,0.9879984817997811,2.5249999999310546e-05,2.202425828963532e-05,robust,LearningControllerState.STABLE,-0.0009550591830460586,0.06597594532757611,0.015847004932402875,1770136214.4777339
391,0.9403049349784851,0.978459772435522,2.304099999950182e-05,2.2227606631608623e-05,robust,LearningControllerState.STABLE,-0.009538709364259157,0.025972989265807378,0.059718106021514394,1770136214.478705
392,0.9641582369804382,0.9755994653445053,2.19999999995224e-05,2.218208530519138e-05,robust,LearningControllerState.STABLE,-0.0028603070910167006,0.046674546512420534,0.03586376301956129,1770136214.479666
393,0.9315236806869507,0.9667843084129945,2.1874999999837996e-05,2.2120668244120705e-05,fast,LearningControllerState.STABLE,-0.008815156931510804,0.06966233070010386,0.06849819431304915,1770136214.480651
394,0.7572115063667297,0.9248697480037416,2.308300000031238e-05,2.231313459535904e-05,fast,LearningControllerState.STABLE,-0.0419145604092529,0.24281157663327058,0.08634918358612076,1770136214.481591
395,0.9369573593139648,0.9272872702657862,2.5249999999310546e-05,2.2900507676149344e-05,robust,LearningControllerState.STABLE,0.0024175222620446135,0.06306789068603447,0.059118598411194156,1770136214.482549
396,0.9718529582023621,0.9362004078531014,2.1958000000488198e-05,2.2712006141017117e-05,robust,LearningControllerState.STABLE,0.008913137587315267,0.07849313938177449,0.028168999797638428,1770136214.4834828
397,0.9259368777275085,0.9341477018279829,2.125000000052779e-05,2.241960491291925e-05,fast,LearningControllerState.STABLE,-0.0020527060251185336,0.07728046620922857,0.07408437227249198,1770136214.48441
398,0.8159912824630737,0.9105164179550012,2.3375000000491752e-05,2.2610683930433753e-05,robust,LearningControllerState.STABLE,-0.023631283872981745,0.18403209253692676,0.04794238246936011,1770136214.485358
399,0.9648133516311646,0.921375804690234,2.166699999950339e-05,2.2421947144247683e-05,robust,LearningControllerState.STABLE,0.01085938673523279,0.10930535098666372,0.03520831536883495,1770136214.4862888
400,0.9281137585639954,0.9227233954649863,2.1541000000624422e-05,2.224575771552303e-05,robust,LearningControllerState.STABLE,0.0013475907747523275,0.2812577470016482,0.07190778243600526,1770136214.487225
401,0.8671051859855652,0.9115997535691021,2.2125000000094985e-05,2.2221606172437423e-05,fast,LearningControllerState.STABLE,-0.011123641895884218,0.17141467774945074,0.1329169390144349,1770136214.488182
402,0.7291366457939148,0.8751071320140646,2.279100000013301e-05,2.2335484937976543e-05,robust,LearningControllerState.STABLE,-0.03649262155503741,0.27088614520608534,0.10633412097930961,1770136214.489111
403,0.8798177242279053,0.8760492504568328,2.145799999997422e-05,2.215998795037608e-05,fast,LearningControllerState.STABLE,0.0009421184427681473,0.1471067170753484,0.1202037337720947,1770136214.490052
404,0.4785282611846924,0.7965450526024048,2.3624999999860563e-05,2.2452990360272975e-05,fast,LearningControllerState.STABLE,-0.07950419785442797,0.5214953638153075,0.0673616167371831,1770136214.4909859
405,0.5985257625579834,0.7569411945935205,2.2666999999643167e-05,2.2495792288147016e-05,fast,LearningControllerState.STABLE,-0.03960385800888433,0.40149690444201624,0.037474656986420385,1770136214.491909
406,0.7639964818954468,0.7583522520539059,2.3166000000074405e-05,2.2629833830532496e-05,fast,LearningControllerState.STABLE,0.0014110574603853898,0.2360266841045533,0.1241215352592473,1770136214.492834
407,0.7300348877906799,0.7526887792012608,2.2874999999977774e-05,2.2678867064421552e-05,fast,LearningControllerState.STABLE,-0.005663472852645124,0.26998798720932005,0.05608428136425747,1770136214.49376
408,0.7833629250526428,0.7588236083715373,2.4708999999845105e-05,2.308489365150626e-05,robust,LearningControllerState.STABLE,0.006134829170276523,0.21666178394735702,0.027213985225494675,1770136214.494744
409,0.8754651546478271,0.7821519176267953,2.1249999999639613e-05,2.2717914921132934e-05,fast,LearningControllerState.STABLE,0.023328309255257973,0.030280171455200566,0.12455609535217249,1770136214.49567
410,0.9726239442825317,0.8202463229579426,2.250000000003638e-05,2.2674331936913625e-05,fast,LearningControllerState.STABLE,0.038094405331147385,0.027398555717468298,0.08036286273919657,1770136214.496581
411,0.9332453608512878,0.8428461305366117,2.254199999995876e-05,2.264786554952265e-05,robust,LearningControllerState.STABLE,0.022599807578669084,0.06677718114871212,0.04027054796600371,1770136214.497505
412,0.8947874307632446,0.8532343905819384,2.0916000000426038e-05,2.2301492439703332e-05,fast,LearningControllerState.STABLE,0.01038826004532667,0.21592846437454227,0.1052334852367558,1770136214.498417
413,0.8664659857749939,0.8558807096205495,2.433299999982097e-05,2.2707793951726864e-05,fast,LearningControllerState.STABLE,0.0026463190386111224,0.13355834722500592,0.05510098909759531,1770136214.503343
414,0.8941617608070374,0.8635369198578471,2.3666999999782945e-05,2.289963516133808e-05,fast,LearningControllerState.STABLE,0.007656210237297567,0.10586190619296243,0.027206390575226003,1770136214.504309
415,0.9256480932235718,0.875959154530992,2.3874999999229374e-05,2.309470812891634e-05,fast,LearningControllerState.STABLE,0.01242223467314496,0.07437578177642745,0.17383435316448992,1770136214.5052428
416,0.7809781432151794,0.8569629522678296,2.358299999993818e-05,2.319236650312071e-05,fast,LearningControllerState.STABLE,-0.018996202263162454,0.2190454397848205,0.18198265415173331,1770136214.506183
417,0.8743630647659302,0.8604429747674497,2.3415999999443216e-05,2.323709320238521e-05,fast,LearningControllerState.STABLE,0.0034800224996200946,0.12566035123406927,0.10239978514517212,1770136214.507113
418,0.8659273982048035,0.8615398594549204,2.3874999999229374e-05,2.3364674561754045e-05,fast,LearningControllerState.STABLE,0.0010968846874707117,0.13409647679519576,0.07139196793328928,1770136214.508042
419,0.9525036811828613,0.8797326238005087,2.3416000000331394e-05,2.3374939649469514e-05,fast,LearningControllerState.STABLE,0.018192764345588253,0.047519734817139,0.08890725952130207,1770136214.508978
420,0.934725284576416,0.8907311559556902,2.329199999984155e-05,2.3358351719543924e-05,robust,LearningControllerState.STABLE,0.01099853215518154,0.06529800742358383,0.025304341197601055,1770136214.509908
421,0.9733496308326721,0.9072548509310866,2.72080000005559e-05,2.412828137574632e-05,fast,LearningControllerState.STABLE,0.016523694975396408,0.035712567733581224,0.026677577167328437,1770136214.510912
422,0.9764636158943176,0.9210966039237329,2.7625000000419675e-05,2.4827625100680993e-05,fast,LearningControllerState.STABLE,0.013841752992646339,0.023564009105682793,0.004015872688476918,1770136214.5121112
423,0.9949683547019958,0.9358709540793856,2.5583000000217737e-05,2.4978700080588346e-05,robust,LearningControllerState.STABLE,0.014774350155652649,0.005057228298004368,0.0036236029397880287,1770136214.5131469
424,0.9984217286109924,0.948381108985707,2.275000000029337e-05,2.4532960064529353e-05,robust,LearningControllerState.STABLE,0.012510154906321458,0.002314396801178731,0.0016010213890078617,1770136214.514163
425,0.999250054359436,0.9585548980604529,2.250000000003638e-05,2.412636805163076e-05,robust,LearningControllerState.STABLE,0.010173789074745865,0.0006773134649344925,0.0007724456405640012,1770136214.5151958
426,0.9990208745002747,0.9666480933484174,2.2624999999720785e-05,2.382609444124877e-05,robust,LearningControllerState.STABLE,0.008093195287964483,0.0028636248817441867,0.0010017504997250626,1770136214.516597
427,0.9971616864204407,0.9727508119628221,2.1291999999561995e-05,2.3319275552911416e-05,robust,LearningControllerState.STABLE,0.006102718614404701,0.003088663299377181,0.002859605579558888,1770136214.517577
428,0.9955496788024902,0.9773105853307558,2.2874999999977774e-05,2.323042044232469e-05,fast,LearningControllerState.STABLE,0.004559773367933673,0.018930021904175476,0.004473196197509743,1770136214.5185459
429,0.9400321245193481,0.9698548931684743,2.3707999999622587e-05,2.332593635378427e-05,fast,LearningControllerState.STABLE,-0.00745569216228148,0.05999158348065148,0.012850015602111853,1770136214.519923
430,0.9229267239570618,0.9604692593261919,2.3707999999622587e-05,2.3402349082951937e-05,robust,LearningControllerState.STABLE,-0.009385633842282415,0.07709698404293786,0.024960511955444353,1770136214.52095
431,0.9356144666671753,0.9554983007943887,2.2332999999541414e-05,2.3188479266269834e-05,robust,LearningControllerState.STABLE,-0.004970958531803182,0.07643094969577113,0.06440786633282425,1770136214.522026
432,0.9445854425430298,0.953315729144117,2.2417000000274356e-05,2.3034183413070742e-05,robust,LearningControllerState.STABLE,-0.002182571650271692,0.14013296738089043,0.05543697445697049,1770136214.5234208
433,0.9260557889938354,0.9478637411140607,2.2459000000196738e-05,2.291914673049594e-05,fast,LearningControllerState.STABLE,-0.0054519880300563095,0.08119960192889408,0.07396667000616475,1770136214.524402
434,0.8976487517356873,0.937820743238386,3.449999999993736e-05,2.5235317384384224e-05,fast,LearningControllerState.STABLE,-0.010042997875674642,0.10238574826431268,0.07104392822665329,1770136214.529818
435,0.746851921081543,0.8996269788070175,2.56670000000625e-05,2.532165390751988e-05,fast,LearningControllerState.STABLE,-0.03819376443136857,0.2531737459184571,0.1473183429828797,1770136214.5309849
436,0.6603724360466003,0.8517760702549342,2.516600000035396e-05,2.52905231260867e-05,fast,LearningControllerState.STABLE,-0.04785090855208329,0.3396527299534,0.11540673242587296,1770136214.532047
437,0.9224837422370911,0.8659176046513657,2.4500000000315936e-05,2.5132418500932547e-05,robust,LearningControllerState.STABLE,0.01414153439643151,0.07754075776290925,0.1676922120321347,1770136214.533036
438,0.8966469168663025,0.8720634670943531,2.2665999999560427e-05,2.4639134800658123e-05,robust,LearningControllerState.STABLE,0.0061458624429874265,0.04905211595535253,0.10337574913369707,1770136214.5340211
439,0.9773772358894348,0.8931262208533696,2.308300000031238e-05,2.4327907840588975e-05,fast,LearningControllerState.STABLE,0.02106275375901645,0.1600001358798835,0.022645847110565498,1770136214.5354161
440,0.9440780878067017,0.9033165942440361,2.4792000000495307e-05,2.4420726272570245e-05,fast,LearningControllerState.STABLE,0.01019037339066653,0.055946704193298835,0.06190894692629989,1770136214.5364149
441,0.964530885219574,0.9155594524391437,2.666700000020228e-05,2.4869981018096654e-05,robust,LearningControllerState.STABLE,0.01224285819510762,0.03549578178042623,0.011803566272369892,1770136214.5378509
442,0.9904728531837463,0.9305421325880643,2.1833999999998355e-05,2.4262784814476996e-05,robust,LearningControllerState.STABLE,0.014982680148920569,0.031522212810515704,0.00954898081625366,1770136214.538784
443,0.9983512759208679,0.944103961254625,2.224999999977939e-05,2.3860227851537478e-05,robust,LearningControllerState.STABLE,0.013561828666560749,0.004453288013642087,0.0016709740791318595,1770136214.539715
444,0.9987481832504272,0.9550328056537856,2.2333000000429593e-05,2.3554782281315902e-05,robust,LearningControllerState.STABLE,0.010928844399160531,0.003868089611236414,0.0012741497495731835,1770136214.5406542
445,0.9989151954650879,0.9638092836160461,2.224999999977939e-05,2.3293825825008602e-05,robust,LearningControllerState.STABLE,0.008776477962260554,0.003662953354248266,0.0011070545349118888,1770136214.541596
446,0.9981051683425903,0.9706684605613549,2.1833000000803793e-05,2.3001660660167644e-05,robust,LearningControllerState.STABLE,0.006859176945308798,0.0016728025209351571,0.0019166646574104718,1770136214.542538
447,0.9961566925048828,0.9757661069500605,2.1792000000075973e-05,2.275972852814931e-05,robust,LearningControllerState.STABLE,0.005097646388705579,0.017394902580444516,0.0038650994951172635,1770136214.543506
448,0.9978238344192505,0.9801776524438985,2.2375000000351974e-05,2.2682782822589843e-05,fast,LearningControllerState.STABLE,0.004411545493838043,0.03218624862326003,0.0021985405807498637,1770136214.54449
449,0.9885467886924744,0.9818514796936137,2.3500000000176158e-05,2.2846226258107107e-05,robust,LearningControllerState.STABLE,0.0016738272497152096,0.011476711307525811,0.03284491299420189,1770136214.545439
450,0.947063148021698,0.9748938133592306,2.175000000015359e-05,2.2626981006516404e-05,robust,LearningControllerState.STABLE,-0.006957666334383106,0.11919098932266259,0.052958601978302156,1770136214.546381
451,0.9528377652168274,0.97048260373075,2.195899999968276e-05,2.2493384805149675e-05,robust,LearningControllerState.STABLE,-0.004411209628480628,0.10678086018753064,0.04718419378317229,1770136214.547321
452,0.8313186168670654,0.9426498063580132,2.1625000000469186e-05,2.231970784421358e-05,fast,LearningControllerState.STABLE,-0.027832797372736806,0.1554408899728701,0.16870300813293504,1770136214.54827
453,0.9178576469421387,0.9376913744748383,2.3167000000157145e-05,2.2489166275402295e-05,robust,LearningControllerState.STABLE,-0.0049584318831749075,0.08216552005786149,0.1577031379396363,1770136214.5492039
454,0.9534001350402832,0.9408331265879273,2.1624999999581007e-05,2.231633302023804e-05,fast,LearningControllerState.STABLE,0.0031417521130889803,0.06574080909710656,0.04662148995971638,1770136214.554178
455,0.913543701171875,0.9353752415047168,2.3166999999268967e-05,2.2486466416044226e-05,robust,LearningControllerState.STABLE,-0.005457885083210434,0.08647946582812427,0.055262875545318835,1770136214.555128
456,0.8889833688735962,0.9260968669784928,2.1833000000803793e-05,2.2355773132996143e-05,robust,LearningControllerState.STABLE,-0.009278374526224042,0.11947017724627695,0.11103846412640461,1770136214.5560682
457,0.9447031617164612,0.9298181259260866,2.2333999999624154e-05,2.2351418506321744e-05,robust,LearningControllerState.STABLE,0.0037212589475937863,0.2041140838964539,0.05531917228353844,1770136214.557007
458,0.8504599332809448,0.9139464873970583,2.175000000015359e-05,2.2231134805088114e-05,robust,LearningControllerState.STABLE,-0.015871638529028287,0.13005088418215927,0.14956181671905533,1770136214.557945
459,0.9013338088989258,0.9114239516974318,2.1832999999915614e-05,2.2151507844053616e-05,robust,LearningControllerState.STABLE,-0.0025225356996264603,0.09446324518185456,0.09868802410107413,1770136214.558882
460,0.973358690738678,0.9238108995056812,2.225000000066757e-05,2.2171206275376407e-05,fast,LearningControllerState.STABLE,0.012386947808249338,0.07745640128344711,0.02666355926132269,1770136214.559875
461,0.9637551307678223,0.9317997457581094,2.354200000009854e-05,2.2445365020320837e-05,robust,LearningControllerState.STABLE,0.007988846252428239,0.03626841123217783,0.01997776200140411,1770136214.560957
462,0.9799694418907166,0.941433684984631,2.2874999999977774e-05,2.2531292016252225e-05,robust,LearningControllerState.STABLE,0.00963393922652156,0.06032113516653492,0.020053433109283425,1770136214.561996
463,0.9969421625137329,0.9525353804904515,2.175000000015359e-05,2.2375033613032498e-05,fast,LearningControllerState.STABLE,0.011101695505820519,0.006086036582947152,0.0030795874862672434,1770136214.562952
464,0.9951738119125366,0.9610630667748685,2.3084000000395122e-05,2.2516826890505025e-05,robust,LearningControllerState.STABLE,0.008527686284417024,0.004849272087463774,0.003419155147552644,1770136214.563914
465,0.9918752312660217,0.9672254996730992,2.1542000000707162e-05,2.232186151254545e-05,robust,LearningControllerState.STABLE,0.0061624328982307075,0.0023515922620847007,0.008146310733978979,1770136214.564827
466,0.9975935816764832,0.9732991160737761,2.1333000000289815e-05,2.2124089210094322e-05,robust,LearningControllerState.STABLE,0.006073616400676829,0.0017624365577697532,0.0024277513235171355,1770136214.565734
467,0.9948287606239319,0.9776050449838073,2.145799999997422e-05,2.1990871368070304e-05,robust,LearningControllerState.STABLE,0.0043059289100312315,0.014702866752441146,0.0051926973760680895,1770136214.5666418
468,0.9877979159355164,0.9796436191741492,2.1541000000624422e-05,2.1900897094581126e-05,robust,LearningControllerState.STABLE,0.002038574190341924,0.08737081831396498,0.012223625064484267,1770136214.567605
469,0.9714046120643616,0.9779958177521917,2.1249999999639613e-05,2.1770717675592823e-05,robust,LearningControllerState.STABLE,-0.0016478014219575288,0.07319257746124297,0.028616637935638067,1770136214.56851
470,0.9845477938652039,0.9793062129747943,2.116599999979485e-05,2.164977414043323e-05,robust,LearningControllerState.STABLE,0.0013103952226025672,0.07665279432296757,0.015473372134795937,1770136214.569419
471,0.9030764698982239,0.9640602643594802,2.125000000052779e-05,2.1569819312452145e-05,robust,LearningControllerState.STABLE,-0.015245948615314031,0.04822192099762024,0.09694478010177665,1770136214.57032
472,0.8769900798797607,0.9466462274635364,2.1792000000075973e-05,2.161425544997691e-05,fast,LearningControllerState.STABLE,-0.017414036895943785,0.17596424670373612,0.12303171212023933,1770136214.571261
473,0.9508163928985596,0.9474802605505411,2.2916000000705594e-05,2.1874604360122647e-05,robust,LearningControllerState.STABLE,0.000834033087004693,0.049206523101441135,0.08373185384332249,1770136214.5722299
474,0.8505786061286926,0.9280999296661714,2.145799999997422e-05,2.1791283488092964e-05,fast,LearningControllerState.STABLE,-0.019380330884369745,0.2934990554805905,0.14944285187130735,1770136214.573189
475,0.7837565541267395,0.899231254558285,2.299999999966218e-05,2.2033026790406808e-05,robust,LearningControllerState.STABLE,-0.028868675107886377,0.21626644587326016,0.04931792132186885,1770136214.574126
476,0.7737990617752075,0.8741448160016696,2.145900000005696e-05,2.1918221432336838e-05,robust,LearningControllerState.STABLE,-0.02508643855661541,0.2747432517927244,0.22622239722479254,1770136214.5750551
477,0.9117817282676697,0.8816721984548697,2.175000000015359e-05,2.188457714590019e-05,robust,LearningControllerState.STABLE,0.00752738245320006,0.38951884381866453,0.08824002173233048,1770136214.5759842
478,0.8886194229125977,0.8830616433464153,2.1625000000469186e-05,2.183266171681399e-05,robust,LearningControllerState.STABLE,0.001389444891545688,0.10838702222460928,0.11140220208740281,1770136214.5773199
479,0.9275251626968384,0.8919543472165,2.3458000000253776e-05,2.215772937350195e-05,robust,LearningControllerState.STABLE,0.008892703870084673,0.13108284565316808,0.07249829530316187,1770136214.578301
480,0.9022539258003235,0.8940142629332648,2.145799999997422e-05,2.2017783498796403e-05,robust,LearningControllerState.STABLE,0.002059915716764782,0.05430586746197452,0.09776753219967649,1770136214.579262
481,0.9721996188163757,0.909651334109887,2.1374999999324018e-05,2.1889226798901925e-05,robust,LearningControllerState.STABLE,0.015637071176622164,0.048995904682159974,0.02782175618362359,1770136214.580182
482,0.9842151999473572,0.9245641072773811,2.1541000000624422e-05,2.1819581439246423e-05,robust,LearningControllerState.STABLE,0.014912773167494175,0.012580607165924462,0.015806341052643447,1770136214.581523
483,0.9959275722503662,0.9388368002719782,2.2083000000172603e-05,2.1872265151431657e-05,fast,LearningControllerState.STABLE,0.014272692994597103,0.01849671374130235,0.004094510749633962,1770136214.582879
484,0.9941911697387695,0.9499076741653365,2.2915999999817416e-05,2.208101212110881e-05,robust,LearningControllerState.STABLE,0.011070873893358257,0.005831746261230286,0.001705944168457485,1770136214.583811
485,0.9964063763618469,0.9592074146046387,2.2708000000370987e-05,2.2206409696961246e-05,fast,LearningControllerState.STABLE,0.009299740439302151,0.010048591274444796,0.003616331638153447,1770136214.58477
486,0.9912010431289673,0.9656061403095044,2.2957999999739798e-05,2.2356727757516956e-05,fast,LearningControllerState.STABLE,0.006398725704865771,0.008821914871032455,0.006748510627930138,1770136214.5857248
487,0.9826706051826477,0.9690190332841332,2.274999999940519e-05,2.2435382205894603e-05,robust,LearningControllerState.STABLE,0.0034128929746287673,0.0173521448173517,0.012695890037170976,1770136214.586656
488,0.9844889044761658,0.9721130075225397,2.1790999999993232e-05,2.230650576471433e-05,fast,LearningControllerState.STABLE,0.003093974238406516,0.01903785898553423,0.015532886523834222,1770136214.58799
489,0.9658480286598206,0.9708600117499959,2.279100000013301e-05,2.2403404611798068e-05,robust,LearningControllerState.STABLE,-0.0012529957725437857,0.034174762340179576,0.04369964108676161,1770136214.588908
490,0.9573206901550293,0.9681521474310026,2.170800000023121e-05,2.2264323689484696e-05,fast,LearningControllerState.STABLE,-0.0027078643189932805,0.15217066230010978,0.042701017844970934,1770136214.590225
491,0.9115234613418579,0.9568264102131738,2.304200000047274e-05,2.2419858951682306e-05,fast,LearningControllerState.STABLE,-0.011325737217828813,0.08849958065814256,0.042994355464752054,1770136214.5915918
492,0.837834358215332,0.9330279998136055,2.3416000000331394e-05,2.2619087161412123e-05,robust,LearningControllerState.STABLE,-0.023798410399568315,0.1621890577846683,0.09391620803106626,1770136214.5925272
493,0.9826538562774658,0.9429531711063777,2.1958000000488198e-05,2.248686972922734e-05,robust,LearningControllerState.STABLE,0.00992517129277215,0.21867625394076562,0.017368101722534668,1770136214.5934982
494,0.8464879989624023,0.9236601366775826,2.2874999999977774e-05,2.2564495783377425e-05,robust,LearningControllerState.STABLE,-0.01929303442879504,0.3780192279813841,0.15353487603759763,1770136214.59446
495,0.9234341382980347,0.9236149370016731,2.1624999999581007e-05,2.2376596626618143e-05,robust,LearningControllerState.STABLE,-4.519967590954632e-05,0.08410469610595683,0.07658748670196491,1770136214.595465
496,0.8930057883262634,0.9174931072665913,2.2041999999444783e-05,2.2309677301183474e-05,robust,LearningControllerState.STABLE,-0.006121829735081796,0.18586802299136362,0.10701625367373602,1770136214.59643
497,0.8869664669036865,0.9113877791940104,2.224999999977939e-05,2.229774184090266e-05,robust,LearningControllerState.STABLE,-0.006105328072580907,0.07721040565872173,0.11305578309631326,1770136214.597387
498,0.8790302276611328,0.9049162688874349,2.1375000000212196e-05,2.2113193472764566e-05,robust,LearningControllerState.STABLE,-0.006471510306575445,0.26547087939108227,0.1209911473388674,1770136214.598325
499,0.9285949468612671,0.9096520044822014,2.1667000000391567e-05,2.2023954778289968e-05,robust,LearningControllerState.STABLE,0.004735735594766477,0.1590145272178649,0.0714267201387333,1770136214.5992892
